brochure,institution,type,rubrique,libelle,budget_annee,budget_annee_precedente,comptes_annee_moins_2,detail_controle
2020,CHUV,charge,3010,Salaires du personnel administratif et d'exploitation,1030309600.0,1031311500.0,978224206.05,1
2020,CHUV,charge,3030,Travailleurs temporaires,0.0,0.0,21634474.01,1
2020,CHUV,charge,3040,Allocations pour enfants et allocations de formation,23146600.0,23174100.0,22503422.27,1
2020,CHUV,charge,3049,Autres Indemnités,18084700.0,18025600.0,17582206.25,1
2020,CHUV,charge,3050,"Cotisations patronales AVS, APG, AC, frais administratifs",65606100.0,66428100.0,63783450.02,1
2020,CHUV,charge,3052,Cotisations patronales aux caisses de pensions,109174000.0,108927900.0,106140938.43,1
2020,CHUV,charge,3053,Cotisations patronales aux assurances-accidents,909700.0,958300.0,884323.17,1
2020,CHUV,charge,3056,Cotisations patronales aux primes de caisses maladie,162300.0,146600.0,157779.05,1
2020,CHUV,charge,3090,Formation et perfectionnement du personnel,3297800.0,3529300.0,4176146.98,1
2020,CHUV,charge,3091,Recrutement du personnel,409100.0,409100.0,789786.52,1
2020,CHUV,charge,3099,Autres charges de personnel,5764000.0,6004300.0,4770981.19,1
2020,CHUV,charge,3100,Matériel de bureau,2511700.0,2357300.0,2396733.25,1
2020,CHUV,charge,3101,"Matériel d'exploitation, fournitures",14602400.0,13440400.0,14146968.55,1
2020,CHUV,charge,3102,"Imprimés, publications",2264300.0,2066900.0,2280704.37,1
2020,CHUV,charge,3103,"Littérature spécialisée, magazines",1812100.0,1908200.0,1729179.58,1
2020,CHUV,charge,3105,Denrées alimentaires,16915600.0,16663500.0,16219959.83,1
2020,CHUV,charge,3106,Matériel médical et de laboratoire,260307700.0,241282700.0,232880667.23,1
2020,CHUV,charge,3109,Autres charges de matériel et de marchandises,887400.0,385300.0,1332405.39,1
2020,CHUV,charge,3110,Meubles et appareils de bureau,4569900.0,5098600.0,4636103.28,1
2020,CHUV,charge,3111,"Machines, appareils et véhicules",9800.0,8300.0,10700.65,1
2020,CHUV,charge,3112,"Vêtements, linge, rideaux",3377900.0,3528300.0,3470505.43,1
2020,CHUV,charge,3113,Matériel informatique,3717300.0,4245500.0,3533638.97,1
2020,CHUV,charge,3116,Appareils médicaux et de laboratoire,5091700.0,5273100.0,5543671.02,1
2020,CHUV,charge,3120,"Alimentation et élimination, biens-fonds, PA",21001600.0,20550200.0,19371001.01,1
2020,CHUV,charge,3130,Prestations de services de tiers,18842600.0,19646800.0,18266109.98,1
2020,CHUV,charge,3132,"Honoraires Conseillers externes, experts, spécialistes, etc.",11151300.0,12686800.0,12668780.97,1
2020,CHUV,charge,3134,Primes d'assurances choses,2455500.0,2227100.0,3010539.11,1
2020,CHUV,charge,3137,Impôts et taxes,1663600.0,780600.0,2053723.04,1
2020,CHUV,charge,3144,"Entretien des bâtiments, immeubles",32085100.0,30906100.0,24566037.98,1
2020,CHUV,charge,3150,Entretien de meubles et appareils de bureau,504000.0,501200.0,433073.31,1
2020,CHUV,charge,3151,"Entretien de machines, appareils, véhicules",25062500.0,24584500.0,22734939.19,1
2020,CHUV,charge,3153,Entretien informatique (matériel),150500.0,158900.0,131284.08,1
2020,CHUV,charge,3160,Loyer et bail à ferme des biens-fonds,28044100.0,24015300.0,22655861.49,1
2020,CHUV,charge,3161,"Loyers, frais d'utilisation des immobilisations",4384400.0,4419300.0,5148661.37,1
2020,CHUV,charge,3170,Frais de déplacement et autres frais,6442500.0,6662200.0,7495427.62,1
2020,CHUV,charge,3180,Réévaluations sur créances,250000.0,250000.0,2212859.75,1
2020,CHUV,charge,3181,Pertes sur créance effectives,2727400.0,2319000.0,3714420.55,1
2020,CHUV,charge,3199,Autres charges d'exploitation,2338100.0,3578100.0,12685765.9,1
2020,CHUV,charge,3300,"Amortissements planifiés, immobilisations corporelles",4380600.0,1739200.0,83495997.03,1
2020,CHUV,charge,3501,Attributions aux fonds des capitaux de tiers,0.0,0.0,12403328.64,1
2020,CHUV,charge,3511,Attributions aux fonds des capitaux propre,0.0,0.0,13391182.12,1
2020,CHUV,charge,3634,Subvention accordées aux entreprises publiques,21149500.0,17451600.0,19724499.0,1
2020,CHUV,charge,3637,Subventions accordées aux ménages privés,-2424500.0,744500.0,427925.7,1
2020,CHUV,revenu,4221,Paiement pour prestations particulières,1161371500.0,1121634200.0,1102254820.93,1
2020,CHUV,revenu,4230,Frais d’écolage,4422400.0,4670200.0,8861819.12,1
2020,CHUV,revenu,4260,Remboursements de tiers,1397000.0,643000.0,1077282.55,1
2020,CHUV,revenu,4309,Autres revenus d'exploitation,181672900.0,207017400.0,182234058.89,1
2020,CHUV,revenu,4390,Autres revenus,19361700.0,4818200.0,4522339.44,1
2020,CHUV,revenu,4501,Prélèvements provenant de fonds des capitaux de tiers,-4325800.0,-4679300.0,3203477.16,1
2020,CHUV,revenu,4511,Prélèvements provenant de fonds des capitaux propres,-5555400.0,-8218900.0,1576366.21,1
2020,CHUV,revenu,4631,Subventions des cantons et des concordats,384311300.0,385689800.0,475386874.56,1
2020,ECAL,charge,301,Salaires du personnel administratif et d'exploitation,3257000.0,3123400.0,3046946.2,1
2020,ECAL,charge,302,Salaires des enseignants,7423000.0,7035300.0,7326218.55,1
2020,ECAL,charge,303,Travailleurs temporaires,20000.0,30000.0,18701.0,1
2020,ECAL,charge,305,Cotisations patronales .,2124900.0,2023800.0,1938466.11,1
2020,ECAL,charge,309,Autres charges de personnel,55000.0,64100.0,49804.38,1
2020,ECAL,charge,310,Charges de matières et de marchandises,276100.0,347700.0,216564.35,1
2020,ECAL,charge,311,Immobilisations ne pouvant être portées à l'actif,1596600.0,1600300.0,1429943.41,1
2020,ECAL,charge,312,"Alimentation et élimination, biens-fonds, PA",269300.0,274500.0,261690.95,1
2020,ECAL,charge,313,Prestations de service et honoraires,1796100.0,1908600.0,2120443.99,1
2020,ECAL,charge,314,Gros entretien et entretien courant,82500.0,77000.0,91982.16,1
2020,ECAL,charge,315,"Entretien de biens, meubles et immobilisations incorporelles",406700.0,318100.0,295153.48,1
2020,ECAL,charge,316,"Loyers, leasing, baux à ferme, taxes d'utilisation",2787000.0,2782400.0,2781469.93,1
2020,ECAL,charge,317,Dédommagements,1065000.0,1055200.0,1091773.6,1
2020,ECAL,charge,363,Subventions à des collectivités et à des tiers,40000.0,40000.0,47030.6,1
2020,ECAL,revenu,423,Frais d’écolage et taxes de cours,1345000.0,1115000.0,1065479.36,1
2020,ECAL,revenu,425,Recettes sur ventes,471000.0,460300.0,471309.86,1
2020,ECAL,revenu,426,Remboursements,281000.0,231000.0,239334.1,1
2020,ECAL,revenu,430,Revenus d'exploitation divers,773500.0,718500.0,876563.85,1
2020,ECAL,revenu,439,Autres revenus,500.0,500.0,52.8,1
2020,ECAL,revenu,461,Dédommagements des cantons et des concordats,2700000.0,2950000.0,2915000.0,1
2020,ECAL,revenu,463,Subventions des collectivités publiques et des tiers,15613100.0,15198000.0,15426719.21,1
2020,HEIG-VD,charge,301,Salaires du personnel administratif et d'exploitation,12879200.0,12691500.0,12422062.24,1
2020,HEIG-VD,charge,302,Salaires des enseignants,42737800.0,41832600.0,41386876.8,1
2020,HEIG-VD,charge,303,Travailleurs temporaires,571800.0,585000.0,789657.15,1
2020,HEIG-VD,charge,304,Allocations,15000.0,15000.0,11024.9,1
2020,HEIG-VD,charge,305,Cotisations patronales .,11581900.0,11383000.0,10823622.43,1
2020,HEIG-VD,charge,309,Autres charges de personnel,532500.0,453000.0,487731.0,1
2020,HEIG-VD,charge,310,Charges de matières et de marchandises,1794500.0,1669000.0,1694326.83,1
2020,HEIG-VD,charge,311,Immobilisations ne pouvant être portées à l'actif,3367000.0,3419000.0,4443957.78,1
2020,HEIG-VD,charge,312,"Alimentation et élimination, biens-fonds, PA",550000.0,535000.0,570285.34,1
2020,HEIG-VD,charge,313,Prestations de service et honoraires,5021500.0,4918500.0,4828281.9,1
2020,HEIG-VD,charge,314,Gros entretien et entretien courant,95000.0,40000.0,91482.98,1
2020,HEIG-VD,charge,315,"Entretien de biens, meubles et immobilisations incorporelles",664000.0,679500.0,635608.96,1
2020,HEIG-VD,charge,316,"Loyers, leasing, baux à ferme, taxes d'utilisation",3527000.0,3668700.0,3482419.82,1
2020,HEIG-VD,charge,317,Dédommagements,483500.0,704000.0,463664.87,1
2020,HEIG-VD,charge,318,Réévaluations sur créances,130000.0,165000.0,38417.95,1
2020,HEIG-VD,charge,363,Subventions à des collectivités et à des tiers,85000.0,75000.0,61157.85,1
2020,HEIG-VD,charge,370,Subventions à redistribuer,1585000.0,1520000.0,1592491.5,1
2020,HEIG-VD,revenu,423,Frais d’écolage et taxes de cours,3727400.0,3333300.0,3617719.41,1
2020,HEIG-VD,revenu,425,Recettes sur ventes,56000.0,51000.0,56880.38,1
2020,HEIG-VD,revenu,426,Remboursements,243000.0,111600.0,321170.0,1
2020,HEIG-VD,revenu,429,Autres taxes,283300.0,263800.0,289738.7,1
2020,HEIG-VD,revenu,430,Revenus d'exploitation divers,6324050.0,5508000.0,6390864.23,1
2020,HEIG-VD,revenu,461,Dédommagements des cantons et des concordats,13353000.0,14377500.0,15187493.48,1
2020,HEIG-VD,revenu,463,Subventions des collectivités publiques et des tiers,60001250.0,59153900.0,58728822.49,1
2020,HEIG-VD,revenu,470,Subventions à redistribuer,1585000.0,1520000.0,1592491.5,1
2020,HEP,charge,301,Salaires du personnel administratif et d'exploitation,8832000.0,7934200.0,7777438.7,1
2020,HEP,charge,302,Salaires des enseignants,36005000.0,32004000.0,32057664.43,1
2020,HEP,charge,303,Travailleurs temporaires,759000.0,691500.0,884228.91,1
2020,HEP,charge,304,Allocations,11400.0,9500.0,17917.35,1
2020,HEP,charge,305,Cotisations patronales .,9271300.0,8194900.0,7966145.87,1
2020,HEP,charge,309,Autres charges de personnel,322000.0,300500.0,252367.89,1
2020,HEP,charge,310,Charges de matières et de marchandises,944000.0,898000.0,912571.21,1
2020,HEP,charge,311,Immobilisations ne pouvant être portées à l'actif,2449000.0,2118000.0,1493004.28,1
2020,HEP,charge,312,"Alimentation et élimination, biens-fonds, PA",733000.0,464500.0,401736.1,1
2020,HEP,charge,313,Prestations de service et honoraires,5772000.0,6257100.0,5322862.06,1
2020,HEP,charge,314,Gros entretien et entretien courant,600000.0,400000.0,441096.33,1
2020,HEP,charge,315,"Entretien de biens, meubles et immobilisations incorporelles",154000.0,197100.0,126544.96,1
2020,HEP,charge,316,"Loyers, leasing, baux à ferme, taxes d'utilisation",1551000.0,351000.0,531549.35,1
2020,HEP,charge,317,Dédommagements,1164000.0,1099500.0,1205092.82,1
2020,HEP,charge,318,Réévaluations sur créances,5000.0,5000.0,3025.0,1
2020,HEP,charge,319,Diverses charges d'exploitation,151000.0,138500.0,143449.41,1
2020,HEP,charge,361,Parts à des collectivités publiques,64000.0,23000.0,84668.25,1
2020,HEP,charge,363,Subventions à des collectivités et à des tiers,612000.0,622000.0,854396.5,1
2020,HEP,revenu,423,Frais d’écolage et taxes de cours,1815000.0,1721400.0,1820133.84,1
2020,HEP,revenu,425,Recettes sur ventes,301000.0,295000.0,275167.9,1
2020,HEP,revenu,426,Remboursements,201000.0,181400.0,220545.98,1
2020,HEP,revenu,427,Remboursement dommages et amendes,6000.0,0.0,4046.25,1
2020,HEP,revenu,430,Revenus d'exploitation divers,314000.0,287000.0,400979.1,1
2020,HEP,revenu,451,Prélèvements sur les fonds et financements spéciaux enregistrés sous capital propre,7000.0,0.0,126943.38,1
2020,HEP,revenu,461,Dédommagements des cantons et des concordats,64653700.0,57802000.0,56939284.25,1
2020,HEP,revenu,463,Subventions des collectivités publiques et des tiers,1858000.0,1250000.0,1833351.93,1
2020,HESAV,charge,301,Salaires du personnel administratif et d'exploitation,5610600.0,5185000.0,4886736.65,1
2020,HESAV,charge,302,Salaires des enseignants,22117300.0,22451300.0,21742168.35,1
2020,HESAV,charge,303,Travailleurs temporaires,0.0,572300.0,673020.2,1
2020,HESAV,charge,304,Allocations,0.0,0.0,1729.75,1
2020,HESAV,charge,305,Cotisations patronales .,4519700.0,4567000.0,4619888.1,1
2020,HESAV,charge,309,Autres charges de personnel,559700.0,271100.0,304084.29,1
2020,HESAV,charge,310,Charges de matières et de marchandises,763000.0,897800.0,975171.8,1
2020,HESAV,charge,311,Immobilisations ne pouvant être portées à l'actif,448900.0,504800.0,342104.82,1
2020,HESAV,charge,312,"Alimentation et élimination, biens-fonds, PA",369700.0,372000.0,300209.45,1
2020,HESAV,charge,313,Prestations de service et honoraires,1587000.0,1989400.0,1771918.89,1
2020,HESAV,charge,314,Gros entretien et entretien courant,58700.0,120000.0,58651.44,1
2020,HESAV,charge,315,"Entretien de biens, meubles et immobilisations incorporelles",294900.0,301900.0,217709.6,1
2020,HESAV,charge,316,"Loyers, leasing, baux à ferme, taxes d'utilisation",598800.0,601300.0,598784.1,1
2020,HESAV,charge,317,Dédommagements,329600.0,325600.0,343157.0,1
2020,HESAV,charge,363,Subventions à des collectivités et à des tiers,20700.0,18000.0,20720.0,1
2020,HESAV,charge,370,Subventions à redistribuer,0.0,0.0,33986.85,1
2020,HESAV,revenu,423,Frais d’écolage et taxes de cours,1438400.0,1517400.0,1538731.91,1
2020,HESAV,revenu,425,Recettes sur ventes,10400.0,3100.0,10396.35,1
2020,HESAV,revenu,426,Remboursements,25000.0,25000.0,25000.0,1
2020,HESAV,revenu,430,Revenus d'exploitation divers,540800.0,1195400.0,688497.72,1
2020,HESAV,revenu,439,Autres revenus,10100.0,4000.0,10043.5,1
2020,HESAV,revenu,461,Dédommagements des cantons et des concordats,15841500.0,15923400.0,15434929.16,1
2020,HESAV,revenu,463,Subventions des collectivités publiques et des tiers,18737000.0,18860300.0,18596161.69,1
2020,HESAV,revenu,470,Subventions à redistribuer,0.0,0.0,33986.85,1
2020,UNIL,charge,,"Personnel ""Enseignants"": Salaire brut",110364536.0,107463939.0,101106844.51,1
2020,UNIL,charge,,"Personnel ""Enseignants"": Charges sociales",24406199.0,23708975.0,21329646.32,1
2020,UNIL,charge,,"Personnel ""Assistants"": Salaire brut",58541253.0,57712835.0,55218913.9,1
2020,UNIL,charge,,"Personnel ""Assistants"": Charges sociales",8807426.0,8354093.0,8157154.5,1
2020,UNIL,charge,,"Personnel ""Administratif et technique"": Salaire brut",85487133.0,81492105.0,79854631.54,1
2020,UNIL,charge,,"Personnel ""Administratif et technique"": Charges sociales",18512278.0,17643100.0,16542268.87,1
2020,UNIL,charge,,"Personnel ""Auxiliaire / Occasionnel""",3124327.0,2962736.0,3472652.45,1
2020,UNIL,charge,,Remboursements indemnités du personnel,-1270000.0,-1270000.0,-1203404.54,1
2020,UNIL,charge,,Autres charges de personnel,4724823.0,4377764.0,4812486.35,1
2020,UNIL,charge,,Fournitures générales de bureau .,1207990.0,1258090.0,950800.5,1
2020,UNIL,charge,,Nettoyage et entretien .,1454150.0,3546650.0,3766130.27,1
2020,UNIL,charge,,"Imprimés, publications .",1439250.0,1453050.0,1272602.07,1
2020,UNIL,charge,,"Livres, périodiques, reliures, droits d'auteur .",1091669.0,1128069.0,1058779.81,1
2020,UNIL,charge,,Fournitures de laboratoires .,7149800.0,6863050.0,5107362.51,1
2020,UNIL,charge,,"Acquisition de mobilier, machines, matériel, audiovisuel, véhicules .",2246485.0,2229025.0,3161116.53,1
2020,UNIL,charge,,Acquisition d'équipements scientifiques,11459591.0,11690164.0,11511387.21,1
2020,UNIL,charge,,Acquisition de matériel informatique et de logiciels,4994200.0,4782450.0,6819875.58,1
2020,UNIL,charge,,"Electricité, énergie, eau .",6538900.0,7117150.0,6374118.64,1
2020,UNIL,charge,,Téléphones et frais de communications .,496100.0,493250.0,368717.83,1
2020,UNIL,charge,,"Affranchissement, port et acquis de douane",558700.0,592900.0,538214.12,1
2020,UNIL,charge,,Frais d'organisation de congrès .,2067200.0,1906850.0,1743047.28,1
2020,UNIL,charge,,Frais de surveillance .,705000.0,735000.0,756019.96,1
2020,UNIL,charge,,Cotisations à institutions privées,1209330.0,1152930.0,1178474.45,1
2020,UNIL,charge,,"Consultations, mandats et expertises",2970200.0,3080100.0,4726593.41,1
2020,UNIL,charge,,Experts et jurés,274100.0,276700.0,329908.67,1
2020,UNIL,charge,,"Prix, concours, récompenses",120000.0,119000.0,109550.46,1
2020,UNIL,charge,,Entretien technique des bâtiments,11875200.0,10040000.0,12757639.89,1
2020,UNIL,charge,,"Entretien mobilier, machines, véhicules",1537623.0,1719323.0,1793929.46,1
2020,UNIL,charge,,"Entretien matériel informatique, logiciels",2621450.0,2276350.0,2071951.91,1
2020,UNIL,charge,,Loyers,3891110.0,3869560.0,3446895.76,1
2020,UNIL,charge,,Location matériel et mobilier,1644800.0,1035300.0,1401239.24,1
2020,UNIL,charge,,"Déplacements, repas, hôtel pour le personnel",1220070.0,1233595.0,1356561.25,1
2020,UNIL,charge,,Camps et voyages d'étude,755109.0,723100.0,912464.17,1
2020,UNIL,charge,,Déplacements .,981602.0,1097552.0,1164041.19,1
2020,UNIL,charge,,Frais divers .,598600.0,648400.0,480634.52,1
2020,UNIL,charge,,"Attribution à fonds, capital, provision",4751040.0,4871040.0,5815710.62,1
2020,UNIL,charge,,"Subventions, subsides ""Enseignement"" .",138134440.0,138558300.0,142762890.7,1
2020,UNIL,charge,,"Subventions, subsides culture, loisirs, sports",206000.0,206000.0,505535.04,1
2020,UNIL,charge,,"Aides, subsides accordés",283550.0,276750.0,361060.4,1
2020,UNIL,charge,,"Bourses, prêts",154500.0,156500.0,599669.31,1
2020,UNIL,charge,,imputations internes diverses (charges),0.0,0.0,2911798.9,1
2020,UNIL,revenu,,"Inscriptions, taxes et émoluments",11904500.0,11906500.0,11025998.12,1
2020,UNIL,revenu,,Travaux et ventes diverses,1360000.0,760000.0,591467.46,1
2020,UNIL,revenu,,Remboursements divers,162200.0,162200.0,386781.08,1
2020,UNIL,revenu,,Prestations de service diverses .,5129500.0,4972000.0,4711830.16,1
2020,UNIL,revenu,,Autres revenus,600000.0,500000.0,1201142.98,1
2020,UNIL,revenu,,Subsides et mandats,881412.0,874461.0,423626.99,1
2020,UNIL,revenu,,"Dissolution de fonds, capital, provision",0.0,0.0,482.41,1
2020,UNIL,revenu,,"Subvention ""Etat de Vaud""",326308100.0,321228500.0,317300700.0,1
2020,UNIL,revenu,,Participation des autres cantons à l'enseignement,67200000.0,65900000.0,65838334.85,1
2020,UNIL,revenu,,Subvention fédérale LEHE,92500000.0,89100000.0,94838665.0,1
2020,UNIL,revenu,,Subvention fédérale aux investissements / loyers,270000.0,250000.0,270840.0,1
2020,UNIL,revenu,,Overheads FNS .,9000000.0,9000000.0,10264830.0,1
2020,UNIL,revenu,,Imputations internes diverses (revenus),1850000.0,1900000.0,2397513.04,1
2021,CHUV,charge,3010,Salaires du personnel administratif et d'exploitation,1044706400.0,1030309600.0,990576359.66,1
2021,CHUV,charge,3030,Travailleurs temporaires,0.0,0.0,22716935.9,1
2021,CHUV,charge,3040,Allocations pour enfants et allocations de formation,29124000.0,23146600.0,28377820.17,1
2021,CHUV,charge,3049,Autres Indemnités,17684200.0,18084700.0,17231145.45,1
2021,CHUV,charge,3050,"Cotisations patronales AVS, APG, AC, frais administratifs",65525100.0,65606100.0,63846612.57,1
2021,CHUV,charge,3052,Cotisations patronales aux caisses de pensions,109967500.0,109174000.0,107150607.72,1
2021,CHUV,charge,3053,Cotisations patronales aux assurances-accidents,980100.0,909700.0,954879.79,1
2021,CHUV,charge,3056,Cotisations patronales aux primes de caisses maladie,189800.0,162300.0,184939.05,1
2021,CHUV,charge,3090,Formation et perfectionnement du personnel,3869100.0,3297800.0,3477014.29,1
2021,CHUV,charge,3091,Recrutement du personnel,408300.0,409100.0,189369.58,1
2021,CHUV,charge,3099,Autres charges de personnel,4932900.0,5764000.0,5768895.67,1
2021,CHUV,charge,3100,Matériel de bureau,2478300.0,2511700.0,2274834.5,1
2021,CHUV,charge,3101,"Matériel d'exploitation, fournitures",15143700.0,14602400.0,14236869.54,1
2021,CHUV,charge,3102,"Imprimés, publications",2114400.0,2264300.0,2113159.11,1
2021,CHUV,charge,3103,"Littérature spécialisée, magazines",1760200.0,1812100.0,1615760.3,1
2021,CHUV,charge,3105,Denrées alimentaires,17547100.0,16915600.0,16522005.99,1
2021,CHUV,charge,3106,Matériel médical et de laboratoire,279768600.0,260307700.0,250136702.86,1
2021,CHUV,charge,3109,Autres charges de matériel et de marchandises,-733000.0,887400.0,-128418.64,1
2021,CHUV,charge,3110,Meubles et appareils de bureau,3725700.0,4569900.0,3237552.64,1
2021,CHUV,charge,3111,"Machines, appareils et véhicules",58700.0,9800.0,50139.73,1
2021,CHUV,charge,3112,"Vêtements, linge, rideaux",3385500.0,3377900.0,2764952.26,1
2021,CHUV,charge,3113,Matériel informatique,3793700.0,3717300.0,3255999.54,1
2021,CHUV,charge,3116,Appareils médicaux et de laboratoire,5282500.0,5091700.0,4693993.82,1
2021,CHUV,charge,3120,"Alimentation et élimination, biens-fonds, PA",21342600.0,21001600.0,18911647.73,1
2021,CHUV,charge,3130,Prestations de services de tiers,20985400.0,18842600.0,19643255.18,1
2021,CHUV,charge,3132,"Honoraires Conseillers externes, experts, spécialistes, etc",11645200.0,11151300.0,11362383.49,1
2021,CHUV,charge,3134,Primes d'assurances choses,3500200.0,2455500.0,3754342.69,1
2021,CHUV,charge,3137,Impôts et taxes,2240700.0,1663600.0,2402716.32,1
2021,CHUV,charge,3144,"Entretien des bâtiments, immeubles",23094400.0,32085100.0,20412426.16,1
2021,CHUV,charge,3150,Entretien de meubles et appareils de bureau,617100.0,504000.0,548166.1,1
2021,CHUV,charge,3151,"Entretien de machines, appareils, véhicules",27310700.0,25062500.0,24770073.08,1
2021,CHUV,charge,3153,Entretien informatique (matériel),236500.0,150500.0,215074.77,1
2021,CHUV,charge,3160,Loyer et bail à ferme des biens-fonds,29263000.0,28044100.0,25114764.57,1
2021,CHUV,charge,3161,"Loyers, frais d'utilisation des immobilisations",4413900.0,4384400.0,4669981.6,1
2021,CHUV,charge,3170,Frais de déplacement et autres frais,8139300.0,6442500.0,7397062.18,1
2021,CHUV,charge,3180,Réévaluations sur créances,250000.0,250000.0,-1290000.0,1
2021,CHUV,charge,3181,Pertes sur créance effectives,4903700.0,2727400.0,4147193.45,1
2021,CHUV,charge,3199,Autres charges d'exploitation,1873100.0,2338100.0,14020163.47,1
2021,CHUV,charge,3300,"Amortissements planifiés, immobilisations corporelles",12145300.0,4380600.0,10451741.83,1
2021,CHUV,charge,3501,Attributions aux fonds des capitaux de tiers,0.0,0.0,10083401.61,1
2021,CHUV,charge,3511,Attributions aux fonds des capitaux propre,0.0,0.0,25653825.79,1
2021,CHUV,charge,3634,Subvention accordées aux entreprises publiques,31430600.0,21149500.0,14834973.5,1
2021,CHUV,charge,3637,Subventions accordées aux ménages privés,612800.0,-2424500.0,421710.85,1
2021,CHUV,revenu,4220,Taxes et subventions aux frais de pension,0.0,0.0,0.0,1
2021,CHUV,revenu,4221,Paiement pour prestations particulières,1207170700.0,1161371500.0,1144185436.0,1
2021,CHUV,revenu,4230,Frais d’écolage,6079800.0,4422400.0,5946772.0,1
2021,CHUV,revenu,4260,Remboursements de tiers,1722000.0,1397000.0,1993524.0,1
2021,CHUV,revenu,4309,Autres revenus d'exploitation,205194500.0,181672900.0,186936093.0,1
2021,CHUV,revenu,4390,Autres revenus,8822500.0,19361700.0,9203127.0,1
2021,CHUV,revenu,4501,Prélèvements provenant de fonds des capitaux de tiers,7034300.0,-4325800.0,17117726.0,1
2021,CHUV,revenu,4511,Prélèvements provenant de fonds des capitaux propres,-19622200.0,-5555400.0,6031588.0,1
2021,CHUV,revenu,4631,Subventions des cantons et des concordats,397258700.0,384311300.0,380701590.37,1
2021,ECAL,charge,301,Salaires du personnel administratif et d'exploitation,3282500.0,3257000.0,3175926.55,1
2021,ECAL,charge,302,Salaires des enseignants,7284200.0,7423000.0,7462030.3,1
2021,ECAL,charge,303,Travailleurs temporaires,20000.0,20000.0,11340.7,1
2021,ECAL,charge,305,Cotisations patronales .,2101400.0,2124900.0,2044550.11,1
2021,ECAL,charge,309,Autres charges de personnel,56000.0,55000.0,64383.56,1
2021,ECAL,charge,310,Charges de matières et de marchandises,315700.0,276100.0,343103.11,1
2021,ECAL,charge,311,Immobilisations ne pouvant être portées à l'actif,1320900.0,1596600.0,1236002.7,1
2021,ECAL,charge,312,"Alimentation et élimination, biens-fonds, PA",260800.0,269300.0,253576.2,1
2021,ECAL,charge,313,Prestations de service et honoraires,2201500.0,1796100.0,2438071.13,1
2021,ECAL,charge,314,Gros entretien et entretien courant,182000.0,82500.0,385196.91,1
2021,ECAL,charge,315,"Entretien de biens, meubles et immobilisations incorporelles",365400.0,406700.0,279032.83,1
2021,ECAL,charge,316,"Loyers, leasing, baux à ferme, frais d'utilisation",2777000.0,2787000.0,2756755.2,1
2021,ECAL,charge,317,Dédommagements,1030000.0,1065000.0,961750.02,1
2021,ECAL,charge,363,Subventions à des collectivités et à des tiers,50000.0,40000.0,53085.13,1
2021,ECAL,revenu,423,Frais d’écolage et taxes de cours,1364000.0,1345000.0,1068964.33,1
2021,ECAL,revenu,425,Recettes sur ventes,428300.0,471000.0,444498.52,1
2021,ECAL,revenu,426,Remboursements,190000.0,281000.0,193265.35,1
2021,ECAL,revenu,430,Revenus d'exploitation divers,753500.0,773500.0,1129011.63,1
2021,ECAL,revenu,439,Autres revenus,100.0,500.0,0.0,1
2021,ECAL,revenu,461,Dédommagements des collectivités locales,2900000.0,2700000.0,3050381.67,1
2021,ECAL,revenu,463,Subventions de collectivités publiques et de tiers,15600400.0,15613100.0,15282580.57,1
2021,HEIG-VD,charge,301,Salaires du personnel administratif et d'exploitation,12843800.0,12879200.0,12440260.1,1
2021,HEIG-VD,charge,302,Salaires des enseignants,41135100.0,42737800.0,41310615.35,1
2021,HEIG-VD,charge,303,Travailleurs temporaires,700000.0,571800.0,969958.15,1
2021,HEIG-VD,charge,304,Allocations,15000.0,15000.0,4845.3,1
2021,HEIG-VD,charge,305,Cotisations patronales .,11349900.0,11581900.0,11106656.44,1
2021,HEIG-VD,charge,309,Autres charges de personnel,512500.0,532500.0,447225.52,1
2021,HEIG-VD,charge,310,Charges de matières et de marchandises,1721300.0,1794500.0,1917635.76,1
2021,HEIG-VD,charge,311,Immobilisations ne pouvant être portées à l'actif,3584000.0,3367000.0,6125487.84,1
2021,HEIG-VD,charge,312,"Alimentation et élimination, biens-fonds, PA",570000.0,550000.0,566720.55,1
2021,HEIG-VD,charge,313,Prestations de service et honoraires,4939800.0,5021500.0,4903849.61,1
2021,HEIG-VD,charge,314,Gros entretien et entretien courant,90000.0,95000.0,74637.21,1
2021,HEIG-VD,charge,315,"Entretien de biens, meubles et immobilisations incorporelles",421000.0,664000.0,345652.46,1
2021,HEIG-VD,charge,316,"Loyers, leasing, baux à ferme, frais d'utilisation",3512000.0,3527000.0,3516024.96,1
2021,HEIG-VD,charge,317,Dédommagements,475000.0,483500.0,467157.43,1
2021,HEIG-VD,charge,318,Réévaluations sur créances,120000.0,130000.0,-193686.96,1
2021,HEIG-VD,charge,363,Subventions à des collectivités publiques et à des tiers,60000.0,85000.0,50585.72,1
2021,HEIG-VD,charge,370,Subventions redistribuées,1180000.0,1585000.0,1266880.15,1
2021,HEIG-VD,revenu,423,Frais d’écolage et taxes de cours,3574100.0,3727400.0,3549441.16,1
2021,HEIG-VD,revenu,425,Recettes sur ventes,26200.0,56000.0,24665.0,1
2021,HEIG-VD,revenu,426,Remboursements,272400.0,243000.0,285988.97,1
2021,HEIG-VD,revenu,429,Autres taxes,278100.0,283300.0,284380.0,1
2021,HEIG-VD,revenu,430,Revenus d'exploitation divers,5605000.0,6324050.0,6507386.81,1
2021,HEIG-VD,revenu,461,Dédommagements des collectivités locales,13196000.0,13353000.0,14932870.38,1
2021,HEIG-VD,revenu,463,Subventions de collectivités publiques et de tiers,59035200.0,60001250.0,60469231.59,1
2021,HEIG-VD,revenu,470,Subventions à redistribuer,1180000.0,1585000.0,1266880.15,1
2021,HEP,charge,301,Salaires du personnel administratif et d'exploitation,8881000.0,8832000.0,7639357.16,1
2021,HEP,charge,302,Salaires des enseignants,37629800.0,36005000.0,33552433.18,1
2021,HEP,charge,303,Travailleurs temporaires,670000.0,759000.0,963204.87,1
2021,HEP,charge,304,Allocations,13000.0,11400.0,12320.0,1
2021,HEP,charge,305,Cotisations patronales .,9997000.0,9271300.0,8572066.48,1
2021,HEP,charge,309,Autres charges de personnel,374000.0,322000.0,347945.04,1
2021,HEP,charge,310,Charges de matières et de marchandises,890000.0,944000.0,825093.41,1
2021,HEP,charge,311,Immobilisations ne pouvant être portées à l'actif,1410000.0,2449000.0,1776887.78,1
2021,HEP,charge,312,"Alimentation et élimination, biens-fonds, PA",489000.0,733000.0,438100.4,1
2021,HEP,charge,313,Prestations de service et honoraires,7742000.0,5772000.0,5550629.39,1
2021,HEP,charge,314,Gros entretien et entretien courant,200000.0,600000.0,560367.1,1
2021,HEP,charge,315,"Entretien de biens, meubles et immobilisations incorporelles",175000.0,154000.0,187627.95,1
2021,HEP,charge,316,"Loyers, leasing, baux à ferme, taxes d'utilisation",1565000.0,1551000.0,757964.01,1
2021,HEP,charge,317,Dédommagements,1358000.0,1164000.0,1330064.62,1
2021,HEP,charge,318,Réévaluations sur créances,3000.0,5000.0,-2100.0,1
2021,HEP,charge,319,Autres charges d'exploitation,135000.0,151000.0,157595.87,1
2021,HEP,charge,351,Attributions aux financements spéciaux et fonds enregistrées,0.0,0.0,202931.92,1
2021,HEP,charge,361,Dédommagements à des collectivités publiques,160000.0,64000.0,175163.64,1
2021,HEP,charge,363,Subventions à des collectivités et à des tiers,679000.0,612000.0,449510.14,1
2021,HEP,revenu,423,Frais d’écolage et taxes de cours,1928000.0,1815000.0,1959282.27,1
2021,HEP,revenu,425,Recettes sur ventes,250000.0,301000.0,274668.8,1
2021,HEP,revenu,426,Remboursements,221000.0,201000.0,168139.95,1
2021,HEP,revenu,427,Amendes,4000.0,6000.0,9515.33,1
2021,HEP,revenu,430,Revenus d'exploitation divers,442000.0,314000.0,558123.83,1
2021,HEP,revenu,451,Prélèvements sur les financements spéciaux et fonds sous capital propre,0.0,7000.0,0.0,1
2021,HEP,revenu,461,Dédommagements des collectivités locales,67442300.0,64653700.0,59193156.22,1
2021,HEP,revenu,463,Subventions des collectivités publiques et des tiers,1840000.0,1858000.0,1419525.14,1
2021,HESAV,charge,301,Salaires du personnel administratif et d'exploitation,5683200.0,5610600.0,5228914.4,1
2021,HESAV,charge,302,Salaires des enseignants,22473400.0,22117300.0,21810430.81,1
2021,HESAV,charge,303,Travailleurs temporaires,0.0,0.0,513295.32,1
2021,HESAV,charge,305,Cotisations patronales .,4749300.0,4519700.0,4845864.7,1
2021,HESAV,charge,309,Autres charges de personnel,328000.0,559700.0,327946.58,1
2021,HESAV,charge,310,Charges de matières et de marchandises,816200.0,763000.0,695332.13,1
2021,HESAV,charge,311,Immobilisations ne pouvant être portées à l'actif,449700.0,448900.0,335486.8,1
2021,HESAV,charge,312,"Alimentation et élimination, biens-fonds, PA",372800.0,369700.0,351777.4,1
2021,HESAV,charge,313,Prestations de service et honoraires,1933700.0,1587000.0,1719553.68,1
2021,HESAV,charge,314,Gros entretien et entretien courant,51200.0,58700.0,42556.9,1
2021,HESAV,charge,315,"Entretien de biens, meubles et immobilisations incorporelles",398800.0,294900.0,326337.47,1
2021,HESAV,charge,316,"Loyers, leasing, baux à ferme, frais d'utilisation",598200.0,598800.0,603982.89,1
2021,HESAV,charge,317,Dédommagements,511800.0,329600.0,513170.49,1
2021,HESAV,charge,363,Subventions à des collectivités et à des tiers,0.0,20700.0,9680.0,1
2021,HESAV,charge,370,Subventions redistribuées,0.0,0.0,8580.0,1
2021,HESAV,revenu,423,Frais d’écolage et taxes de cours,1599700.0,1438400.0,1621869.17,1
2021,HESAV,revenu,425,Recettes sur ventes,8500.0,10400.0,8605.9,1
2021,HESAV,revenu,426,Remboursements,25000.0,25000.0,25000.0,1
2021,HESAV,revenu,430,Revenus d'exploitation divers,811300.0,540800.0,739303.56,1
2021,HESAV,revenu,439,Autres revenus,14400.0,10100.0,14400.0,1
2021,HESAV,revenu,461,Dédommagements des collectivités locales,15231700.0,15841500.0,15533206.27,1
2021,HESAV,revenu,463,Subventions des collectivités publiques et des tiers,19951700.0,18737000.0,19328548.17,1
2021,HESAV,revenu,470,Subventions à redistribuer,0.0,0.0,8580.0,1
2021,UNIL,charge,,"Personnel ""Enseignants"": Salaire brut",112237771.0,110364536.0,103800976.36,1
2021,UNIL,charge,,"Personnel ""Enseignants"": Charges sociales",25035993.0,24406199.0,22413694.83,1
2021,UNIL,charge,,"Personnel ""Assistants"": Salaire brut",58706112.0,58541253.0,55617371.77,1
2021,UNIL,charge,,"Personnel ""Assistants"": Charges sociales",8713773.0,8807426.0,8450069.6,1
2021,UNIL,charge,,"Personnel ""Administratif et technique"": Salaire brut",88346561.0,85487133.0,82024405.67,1
2021,UNIL,charge,,"Personnel ""Administratif et technique"": Charges sociales",19589202.0,18512278.0,17492087.97,1
2021,UNIL,charge,,"Personnel ""Auxiliaire / Occasionnel""",3204259.0,3124327.0,3923826.25,1
2021,UNIL,charge,,Remboursements indemnités du personnel,-1276000.0,-1270000.0,-1148897.79,1
2021,UNIL,charge,,Autres charges de personnel,5134704.0,4724823.0,5373336.66,1
2021,UNIL,charge,,Fournitures générales de bureau .,1157398.0,1207990.0,930356.16,1
2021,UNIL,charge,,Nettoyage et entretien .,3761850.0,1454150.0,3663405.93,1
2021,UNIL,charge,,"Imprimés, publications .",1468650.0,1439250.0,1178369.37,1
2021,UNIL,charge,,"Livres, périodiques, reliures, droits d'auteur .",1055519.0,1091669.0,1089878.46,1
2021,UNIL,charge,,Fournitures de laboratoires .,8114856.0,7149800.0,4800453.23,1
2021,UNIL,charge,,"Acquisition de mobilier, machines, matériel, audiovisuel, véhicules .",2168779.0,2246485.0,3417911.8,1
2021,UNIL,charge,,Acquisition d'équipements scientifiques,11178788.0,11459591.0,9149244.9,1
2021,UNIL,charge,,Acquisition de matériel informatique et de logiciels,4837220.0,4994200.0,5563350.96,1
2021,UNIL,charge,,"Electricité, énergie, eau .",6679250.0,6538900.0,6480555.04,1
2021,UNIL,charge,,Téléphones et frais de communications .,486569.0,496100.0,314637.69,1
2021,UNIL,charge,,"Affranchissement, port et acquis de douane",542892.0,558700.0,664694.33,1
2021,UNIL,charge,,Frais d'organisation de congrès .,2179298.0,2067200.0,1625721.02,1
2021,UNIL,charge,,Frais de surveillance .,705000.0,705000.0,1132624.88,1
2021,UNIL,charge,,Cotisations à institutions privées,1335180.0,1209330.0,1257474.39,1
2021,UNIL,charge,,"Consultations, mandats et expertises",3134638.0,2970200.0,5088861.95,1
2021,UNIL,charge,,Experts et jurés,283300.0,274100.0,303657.22,1
2021,UNIL,charge,,"Prix, concours, récompenses",120000.0,120000.0,111923.26,1
2021,UNIL,charge,,Entretien technique des bâtiments,7890000.0,11875200.0,13081285.23,1
2021,UNIL,charge,,"Entretien mobilier, machines, véhicules",1647523.0,1537623.0,1935284.03,1
2021,UNIL,charge,,"Entretien matériel informatique, logiciels",2961738.0,2621450.0,2753443.21,1
2021,UNIL,charge,,Loyers,6503500.0,3891110.0,3546303.3,1
2021,UNIL,charge,,Location matériel et mobilier,1628001.0,1644800.0,841117.6,1
2021,UNIL,charge,,"Déplacements, repas, hôtel pour le personnel",1187176.0,1220070.0,1183503.88,1
2021,UNIL,charge,,Camps et voyages d'étude,782950.0,755109.0,737333.56,1
2021,UNIL,charge,,Déplacements .,1031328.0,981602.0,1176253.0,1
2021,UNIL,charge,,Frais divers .,513050.0,598600.0,548385.47,1
2021,UNIL,charge,,"Attribution à fonds, capital, provision",4751040.0,4751040.0,5619766.0,1
2021,UNIL,charge,,"Subventions, subsides ""Enseignement"" .",139362100.0,138134440.0,137112304.45,1
2021,UNIL,charge,,"Subventions, subsides culture, loisirs, sports",228000.0,206000.0,515175.22,1
2021,UNIL,charge,,"Aides, subsides accordés",275550.0,283550.0,622271.09,1
2021,UNIL,charge,,"Bourses, prêts",371000.0,154500.0,798457.76,1
2021,UNIL,charge,,Imputations internes diverses (charges),0.0,0.0,3432682.0,1
2021,UNIL,revenu,,"Inscriptions, taxes et émoluments",12339500.0,11904500.0,11758188.56,1
2021,UNIL,revenu,,Travaux et ventes diverses,1360000.0,1360000.0,733038.68,1
2021,UNIL,revenu,,Remboursements divers,302200.0,162200.0,696328.37,1
2021,UNIL,revenu,,Prestations de service diverses .,5256000.0,5129500.0,4917111.07,1
2021,UNIL,revenu,,Autres revenus,620000.0,600000.0,649936.02,1
2021,UNIL,revenu,,Subsides et mandats,951201.0,881412.0,1610046.43,1
2021,UNIL,revenu,,"Dissolution de fonds, capital, provision",0.0,0.0,2028.26,1
2021,UNIL,revenu,,"Subvention ""Etat de Vaud""",331308100.0,326308100.0,321228500.0,1
2021,UNIL,revenu,,Participation des autres cantons à l'enseignement,69699384.0,67200000.0,68010295.65,1
2021,UNIL,revenu,,Subvention fédérale LEHE,95500000.0,92500000.0,98299558.0,1
2021,UNIL,revenu,,Subvention fédérale aux investissements / loyers,288000.0,270000.0,288781.0,1
2021,UNIL,revenu,,Overheads FNS .,9500000.0,9000000.0,10414670.0,1
2021,UNIL,revenu,,Imputations internes diverses (revenus),1650000.0,1850000.0,2847115.11,1
2022,CHUV,charge,3010,Salaires du personnel administratif et d'exploitation,1079325100.0,1044706400.0,1017023741.07,1
2022,CHUV,charge,3030,Travailleurs temporaires,0.0,0.0,23545718.09,1
2022,CHUV,charge,3040,Allocations pour enfants et allocations de formation,30070900.0,29124000.0,29241825.93,1
2022,CHUV,charge,3049,Autres Indemnités,18259200.0,17684200.0,18064832.75,1
2022,CHUV,charge,3050,"Cotisations patronales AVS, APG, AC, frais administratifs",67655600.0,65525100.0,68970339.37,1
2022,CHUV,charge,3052,Cotisations patronales aux caisses de pensions,113543000.0,109967500.0,110918688.79,1
2022,CHUV,charge,3053,Cotisations patronales aux assurances-accidents,1012000.0,980100.0,1277346.53,1
2022,CHUV,charge,3056,Cotisations patronales aux primes de caisses maladie,196000.0,189800.0,208910.0,1
2022,CHUV,charge,3090,Formation et perfectionnement du personnel,3791000.0,3869100.0,3053223.59,1
2022,CHUV,charge,3091,Recrutement du personnel,257700.0,408300.0,301064.94,1
2022,CHUV,charge,3099,Autres charges de personnel,6072200.0,4932900.0,17283263.57,1
2022,CHUV,charge,3100,Matériel de bureau,2417000.0,2478300.0,2005444.89,1
2022,CHUV,charge,3101,"Matériel d'exploitation, fournitures",15186800.0,15143700.0,14502192.92,1
2022,CHUV,charge,3102,"Imprimés, publications",2167300.0,2114400.0,1793418.01,1
2022,CHUV,charge,3103,"Littérature spécialisée, magazines",1716700.0,1760200.0,1581931.8,1
2022,CHUV,charge,3105,Denrées alimentaires,17493800.0,17547100.0,14652467.68,1
2022,CHUV,charge,3106,Matériel médical et de laboratoire,291483800.0,279768600.0,284152550.93,1
2022,CHUV,charge,3109,Autres charges de matériel et de marchandises,-725600.0,-733000.0,656898.68,1
2022,CHUV,charge,3110,Meubles et appareils de bureau,3356400.0,3725700.0,3327859.83,1
2022,CHUV,charge,3111,"Machines, appareils et véhicules",58000.0,58700.0,4244.35,1
2022,CHUV,charge,3112,"Vêtements, linge, rideaux",2390100.0,3385500.0,1510408.77,1
2022,CHUV,charge,3113,Matériel informatique,3663500.0,3793700.0,3538841.61,1
2022,CHUV,charge,3116,Appareils médicaux et de laboratoire,4131000.0,5282500.0,4942474.09,1
2022,CHUV,charge,3120,"Alimentation et élimination, biens-fonds, PA",21416900.0,21342600.0,20329183.2,1
2022,CHUV,charge,3130,Prestations de services de tiers,21003500.0,20985400.0,24224588.9,1
2022,CHUV,charge,3132,"Honoraires Conseillers externes, experts, spécialistes, etc",11682400.0,11645200.0,12251032.59,1
2022,CHUV,charge,3134,Primes d'assurances choses,3481300.0,3500200.0,3895796.72,1
2022,CHUV,charge,3137,Impôts et taxes,2228500.0,2240700.0,3379287.79,1
2022,CHUV,charge,3144,"Entretien des bâtiments, immeubles",22405200.0,23094400.0,18618329.71,1
2022,CHUV,charge,3150,Entretien de meubles et appareils de bureau,531900.0,617100.0,580165.47,1
2022,CHUV,charge,3151,"Entretien de machines, appareils, véhicules",25005100.0,27310700.0,27775744.51,1
2022,CHUV,charge,3153,Entretien informatique (matériel),208000.0,236500.0,199574.87,1
2022,CHUV,charge,3160,Loyer et bail à ferme des biens-fonds,23643200.0,29263000.0,24492690.13,1
2022,CHUV,charge,3161,"Loyers, frais d'utilisation des immobilisations",4383600.0,4413900.0,4659990.52,1
2022,CHUV,charge,3170,Frais de déplacement et autres frais,8144200.0,8139300.0,3904424.89,1
2022,CHUV,charge,3180,Réévaluations sur créances,250000.0,250000.0,-610000.0,1
2022,CHUV,charge,3181,Pertes sur créance effectives,4675300.0,4903700.0,4084238.36,1
2022,CHUV,charge,3199,Autres charges d'exploitation,1928500.0,1873100.0,14250919.22,1
2022,CHUV,charge,3300,"Amortissements planifiés, immobilisations corporelles",36500200.0,12145300.0,16709779.89,1
2022,CHUV,charge,3501,Attributions aux fonds des capitaux de tiers,0.0,0.0,19386843.34,1
2022,CHUV,charge,3511,Attributions aux fonds des capitaux propre,0.0,0.0,17170919.48,1
2022,CHUV,charge,3634,Subvention accordées aux entreprises publiques,28332400.0,31430600.0,14317620.0,1
2022,CHUV,charge,3637,Subventions accordées aux ménages privés,612800.0,612800.0,510059.38,1
2022,CHUV,revenu,4220,Taxes et subventions aux frais de pension,0.0,0.0,0.0,1
2022,CHUV,revenu,4221,Paiement pour prestations particulières,1234003800.0,1207170700.0,1133461566.58,1
2022,CHUV,revenu,4230,Frais d’écolage,6079800.0,6079800.0,4812476.36,1
2022,CHUV,revenu,4260,Remboursements de tiers,1924600.0,1722000.0,327900.15,1
2022,CHUV,revenu,4309,Autres revenus d'exploitation,213026000.0,205194500.0,205552855.1,1
2022,CHUV,revenu,4390,Autres revenus,6911400.0,8822500.0,64124309.51,1
2022,CHUV,revenu,4501,Prélèvements provenant de fonds des capitaux de tiers,7034300.0,7034300.0,17138835.37,1
2022,CHUV,revenu,4511,Prélèvements provenant de fonds des capitaux propres,-19622200.0,-19622200.0,572422.88,1
2022,CHUV,revenu,4631,Subventions des cantons et des concordats,412427800.0,397258700.0,402687452.68,1
2022,ECAL,charge,301,Salaires du personnel administratif et d'exploitation,3326300.0,3282500.0,3290288.55,1
2022,ECAL,charge,302,Salaires des enseignants,7477300.0,7284200.0,7662465.05,1
2022,ECAL,charge,303,Travailleurs temporaires,20000.0,20000.0,20012.95,1
2022,ECAL,charge,305,Cotisations patronales .,2175800.0,2101400.0,2113140.64,1
2022,ECAL,charge,309,Autres charges de personnel,66000.0,56000.0,61042.88,1
2022,ECAL,charge,310,Charges de matières et de marchandises,255700.0,315700.0,247550.45,1
2022,ECAL,charge,311,Immobilisations ne pouvant être portées à l'actif,1055000.0,1320900.0,1561725.28,1
2022,ECAL,charge,312,"Alimentation et élimination, biens-fonds, PA",243800.0,260800.0,239987.7,1
2022,ECAL,charge,313,Prestations de service et honoraires,2547500.0,2201500.0,2466666.65,1
2022,ECAL,charge,314,Gros entretien et entretien courant,257200.0,182000.0,233220.6,1
2022,ECAL,charge,315,"Entretien de biens, meubles et immobilisations incorporelles",375500.0,365400.0,381721.45,1
2022,ECAL,charge,316,"Loyers, leasing, baux à ferme, frais d'utilisation",2755500.0,2777000.0,2718383.63,1
2022,ECAL,charge,317,Dédommagements,980000.0,1030000.0,594781.74,1
2022,ECAL,charge,363,Subventions à des collectivités et à des tiers,45500.0,50000.0,24190.0,1
2022,ECAL,charge,370,Subventions redistribuées,0.0,0.0,43300.0,1
2022,ECAL,revenu,423,Frais d’écolage et taxes de cours,1499000.0,1364000.0,1309569.63,1
2022,ECAL,revenu,425,Recettes sur ventes,443300.0,428300.0,352043.83,1
2022,ECAL,revenu,426,Remboursements,215000.0,190000.0,228489.13,1
2022,ECAL,revenu,430,Revenus d'exploitation divers,806600.0,753500.0,767226.92,1
2022,ECAL,revenu,439,Autres revenus,100.0,100.0,0.0,1
2022,ECAL,revenu,461,Dédommagements des collectivités locales,2947600.0,2900000.0,2709644.0,1
2022,ECAL,revenu,463,Subventions de collectivités publiques et de tiers,15665900.0,15600400.0,15594548.47,1
2022,ECAL,revenu,470,Subventions à redistribuer,0.0,0.0,43300.0,1
2022,HEIG-VD,charge,301,Salaires du personnel administratif et d'exploitation,12922600.0,12843800.0,12499421.69,1
2022,HEIG-VD,charge,302,Salaires des enseignants,42626200.0,41135100.0,42940011.89,1
2022,HEIG-VD,charge,303,Travailleurs temporaires,844900.0,700000.0,1090837.8,1
2022,HEIG-VD,charge,304,Allocations,15000.0,15000.0,4112.5,1
2022,HEIG-VD,charge,305,Cotisations patronales .,11744900.0,11349900.0,11593322.94,1
2022,HEIG-VD,charge,309,Autres charges de personnel,522000.0,512500.0,392131.38,1
2022,HEIG-VD,charge,310,Charges de matières et de marchandises,1794300.0,1721300.0,1659609.56,1
2022,HEIG-VD,charge,311,Immobilisations ne pouvant être portées à l'actif,3578500.0,3584000.0,5236397.41,1
2022,HEIG-VD,charge,312,"Alimentation et élimination, biens-fonds, PA",570000.0,570000.0,526911.89,1
2022,HEIG-VD,charge,313,Prestations de service et honoraires,4814600.0,4939800.0,4348406.77,1
2022,HEIG-VD,charge,314,Gros entretien et entretien courant,95000.0,90000.0,83214.01,1
2022,HEIG-VD,charge,315,"Entretien de biens, meubles et immobilisations incorporelles",422200.0,421000.0,390500.59,1
2022,HEIG-VD,charge,316,"Loyers, leasing, baux à ferme, frais d'utilisation",3487000.0,3512000.0,3325596.07,1
2022,HEIG-VD,charge,317,Dédommagements,450000.0,475000.0,192899.14,1
2022,HEIG-VD,charge,318,Réévaluations sur créances,127000.0,120000.0,41124.36,1
2022,HEIG-VD,charge,363,Subventions à des collectivités publiques et à des tiers,60000.0,60000.0,18151.65,1
2022,HEIG-VD,charge,370,Subventions redistribuées,1030000.0,1180000.0,809411.67,1
2022,HEIG-VD,revenu,423,Frais d’écolage et taxes de cours,3565000.0,3574100.0,3386980.86,1
2022,HEIG-VD,revenu,425,Recettes sur ventes,25000.0,26200.0,26451.3,1
2022,HEIG-VD,revenu,426,Remboursements,340100.0,272400.0,516648.85,1
2022,HEIG-VD,revenu,429,Autres taxes,278000.0,278100.0,224952.5,1
2022,HEIG-VD,revenu,430,Revenus d'exploitation divers,6091000.0,5605000.0,6145669.59,1
2022,HEIG-VD,revenu,461,Dédommagements des collectivités locales,14482000.0,13196000.0,13847944.71,1
2022,HEIG-VD,revenu,463,Subventions de collectivités publiques et de tiers,59177400.0,59035200.0,61452260.39,1
2022,HEIG-VD,revenu,470,Subventions à redistribuer,1030000.0,1180000.0,809411.67,1
2022,HEP,charge,301,Salaires du personnel administratif et d'exploitation,9354000.0,8881000.0,7942549.58,1
2022,HEP,charge,302,Salaires des enseignants,41675500.0,37629800.0,35230454.47,1
2022,HEP,charge,303,Travailleurs temporaires,745000.0,670000.0,702214.75,1
2022,HEP,charge,304,Allocations,16000.0,13000.0,15339.65,1
2022,HEP,charge,305,Cotisations patronales .,10745000.0,9997000.0,8947388.06,1
2022,HEP,charge,309,Autres charges de personnel,365000.0,374000.0,164011.92,1
2022,HEP,charge,310,Charges de matières et de marchandises,915000.0,890000.0,572838.98,1
2022,HEP,charge,311,Immobilisations ne pouvant être portées à l'actif,1733000.0,1410000.0,1973985.31,1
2022,HEP,charge,312,"Alimentation et élimination, biens-fonds, PA",486000.0,489000.0,364462.65,1
2022,HEP,charge,313,Prestations de service et honoraires,6252000.0,7742000.0,5166241.81,1
2022,HEP,charge,314,Gros entretien et entretien courant,200000.0,200000.0,77232.8,1
2022,HEP,charge,315,"Entretien de biens, meubles et immobilisations incorporelles",173000.0,175000.0,173662.97,1
2022,HEP,charge,316,"Loyers, leasing, baux à ferme, taxes d'utilisation",1674000.0,1565000.0,1106144.16,1
2022,HEP,charge,317,Dédommagements,1450000.0,1358000.0,720372.56,1
2022,HEP,charge,318,Réévaluations sur créances,3000.0,3000.0,9817.32,1
2022,HEP,charge,319,Autres charges d'exploitation,141000.0,135000.0,170620.95,1
2022,HEP,charge,351,Attributions aux financements spéciaux et fonds enregistrées sous capital propre,135000.0,0.0,254942.36,1
2022,HEP,charge,361,Dédommagements à des collectivités publiques,250000.0,160000.0,169752.53,1
2022,HEP,charge,363,Subventions à des collectivités et à des tiers,602000.0,679000.0,342563.16,1
2022,HEP,revenu,423,Frais d’écolage et taxes de cours,2071000.0,1928000.0,1838623.77,1
2022,HEP,revenu,425,Recettes sur ventes,125000.0,250000.0,134441.6,1
2022,HEP,revenu,426,Remboursements,170000.0,221000.0,125669.1,1
2022,HEP,revenu,427,Amendes,4000.0,4000.0,0.0,1
2022,HEP,revenu,430,Revenus d'exploitation divers,312000.0,442000.0,260120.76,1
2022,HEP,revenu,451,Prélèvements sur les financements spéciaux et fonds sous capital propre,0.0,0.0,0.0,1
2022,HEP,revenu,461,Dédommagements des collectivités locales,71390500.0,67442300.0,64311297.62,1
2022,HEP,revenu,463,Subventions des collectivités publiques et de tiers,1400000.0,1840000.0,1629583.47,1
2022,HESAV,charge,301,Salaires du personnel administratif et d'exploitation,5963000.0,5683200.0,5725224.42,1
2022,HESAV,charge,302,Salaires des enseignants,22918000.0,22473400.0,22536851.07,1
2022,HESAV,charge,303,Travailleurs temporaires,57000.0,0.0,91937.45,1
2022,HESAV,charge,305,Cotisations patronales .,4814000.0,4749300.0,4864318.11,1
2022,HESAV,charge,309,Autres charges de personnel,291000.0,328000.0,263468.62,1
2022,HESAV,charge,310,Charges de matières et de marchandises,505000.0,816200.0,550823.08,1
2022,HESAV,charge,311,Immobilisations ne pouvant être portées à l'actif,353000.0,449700.0,566363.14,1
2022,HESAV,charge,312,"Alimentation et élimination, biens-fonds, PA",320000.0,372800.0,289303.1,1
2022,HESAV,charge,313,Prestations de service et honoraires,1647000.0,1933700.0,1510277.85,1
2022,HESAV,charge,314,Gros entretien et entretien courant,51000.0,51200.0,34047.44,1
2022,HESAV,charge,315,"Entretien de biens, meubles et immobilisations incorporelles",392000.0,398800.0,448933.0,1
2022,HESAV,charge,316,"Loyers, leasing, baux à ferme, frais d'utilisation",598000.0,598200.0,568307.2,1
2022,HESAV,charge,317,Dédommagements,285000.0,511800.0,96652.34,1
2022,HESAV,charge,363,Subventions à des collectivités et à des tiers,18000.0,0.0,18460.0,1
2022,HESAV,charge,370,Subventions redistribuées,0.0,0.0,135473.5,1
2022,HESAV,revenu,423,Frais d’écolage et taxes de cours,1399000.0,1599700.0,1433268.27,1
2022,HESAV,revenu,425,Recettes sur ventes,2000.0,8500.0,2264.5,1
2022,HESAV,revenu,426,Remboursements,25000.0,25000.0,25000.0,1
2022,HESAV,revenu,430,Revenus d'exploitation divers,797000.0,811300.0,647060.43,1
2022,HESAV,revenu,439,Autres revenus,13000.0,14400.0,13254.0,1
2022,HESAV,revenu,461,Dédommagements des collectivités locales,14682000.0,15231700.0,16805405.49,1
2022,HESAV,revenu,463,Subventions des collectivités publiques et de tiers,20402100.0,19951700.0,19286394.34,1
2022,HESAV,revenu,470,Subventions à redistribuer,0.0,0.0,135473.5,1
2022,UNIL,charge,,"Personnel ""Enseignants"": Salaire brut",115777214.0,112237771.0,104730304.39,1
2022,UNIL,charge,,"Personnel ""Enseignants"": Charges sociales",25791824.0,25035993.0,22731243.15,1
2022,UNIL,charge,,"Personnel ""Assistants"": Salaire brut",60202751.0,58706112.0,56863118.73,1
2022,UNIL,charge,,"Personnel ""Assistants"": Charges sociales",9009882.0,8713773.0,8688437.4,1
2022,UNIL,charge,,"Personnel ""Administratif et technique"": Salaire brut",92154324.0,88346561.0,85208417.65,1
2022,UNIL,charge,,"Personnel ""Administratif et technique"": Charges sociales",20481514.0,19589202.0,18121830.24,1
2022,UNIL,charge,,"Personnel ""Auxiliaire / Occasionnel""",3339135.0,3204259.0,3778089.68,1
2022,UNIL,charge,,Remboursements indemnités du personnel,-1270000.0,-1276000.0,-1028703.21,1
2022,UNIL,charge,,Autres charges de personnel,5521320.0,5134704.0,4187088.61,1
2022,UNIL,charge,,Fournitures générales de bureau .,1092298.0,1157398.0,499812.73,1
2022,UNIL,charge,,Nettoyage et entretien .,3880850.0,3761850.0,3202879.7,1
2022,UNIL,charge,,"Imprimés, publications .",1504150.0,1468650.0,1220971.03,1
2022,UNIL,charge,,"Livres, périodiques, reliures, droits d'auteur",1054539.0,1055519.0,1146975.06,1
2022,UNIL,charge,,Fournitures de laboratoires .,7785147.0,8114856.0,5593550.91,1
2022,UNIL,charge,,"Acquisition de mobilier, machines, matériel, audiovisuel, véhicules .",2667017.0,2168779.0,4760414.48,1
2022,UNIL,charge,,Acquisition d'équipements scientifiques,10613862.0,11178788.0,7856038.31,1
2022,UNIL,charge,,Acquisition de matériel informatique et de logiciels,4901600.0,4837220.0,7713353.25,1
2022,UNIL,charge,,"Electricité, énergie, eau .",6620500.0,6679250.0,5920548.86,1
2022,UNIL,charge,,Téléphones et frais de communications .,474020.0,486569.0,362764.06,1
2022,UNIL,charge,,"Affranchissement, port et acquis de douane",551084.0,542892.0,510806.45,1
2022,UNIL,charge,,Frais d'organisation de congrès .,1881928.0,2179298.0,335555.12,1
2022,UNIL,charge,,Frais de surveillance .,705000.0,705000.0,1045640.09,1
2022,UNIL,charge,,Cotisations à institutions privées,1317580.0,1335180.0,1203861.08,1
2022,UNIL,charge,,"Consultations, mandats et expertises",3238346.0,3134638.0,5818868.92,1
2022,UNIL,charge,,Experts et jurés,269350.0,283300.0,210999.35,1
2022,UNIL,charge,,"Prix, concours, récompenses",122000.0,120000.0,24779.01,1
2022,UNIL,charge,,Entretien technique des bâtiments,7885000.0,7890000.0,11118888.15,1
2022,UNIL,charge,,"Entretien mobilier, machines, véhicules",1613523.0,1647523.0,2088034.05,1
2022,UNIL,charge,,"Entretien matériel informatique, logiciels",3383260.0,2961738.0,3126035.19,1
2022,UNIL,charge,,Loyers,6926500.0,6503500.0,5704190.32,1
2022,UNIL,charge,,Location matériel et mobilier,1603401.0,1628001.0,819297.82,1
2022,UNIL,charge,,"Déplacements, repas, hôtel pour le personnel",1263010.0,1187176.0,488277.05,1
2022,UNIL,charge,,Camps et voyages d'étude,806250.0,782950.0,380268.1,1
2022,UNIL,charge,,Déplacements .,929762.0,1031328.0,314010.7,1
2022,UNIL,charge,,Frais divers .,656823.0,513050.0,762314.3,1
2022,UNIL,charge,,"Attribution à fonds, capital, provision",4751040.0,4751040.0,5495492.51,1
2022,UNIL,charge,,"Subventions, subsides ""Enseignement"" .",141431367.0,139362100.0,136688040.05,1
2022,UNIL,charge,,"Subventions, subsides culture, loisirs, sports",463000.0,228000.0,533784.87,1
2022,UNIL,charge,,"Aides, subsides accordés",403350.0,275550.0,592915.13,1
2022,UNIL,charge,,"Bourses, prêts",336000.0,371000.0,708636.05,1
2022,UNIL,charge,,Imputations internes diverses (charges),0.0,0.0,3556566.66,1
2022,UNIL,revenu,,"Inscriptions, taxes et émoluments",12842000.0,12339500.0,12130729.63,1
2022,UNIL,revenu,,Travaux et ventes diverses,1360000.0,1360000.0,282711.01,1
2022,UNIL,revenu,,Remboursements divers,492200.0,302200.0,983753.69,1
2022,UNIL,revenu,,Prestations de service diverses .,5820560.0,5256000.0,5045363.42,1
2022,UNIL,revenu,,Autres revenus,480000.0,620000.0,561263.97,1
2022,UNIL,revenu,,Subsides et mandats,812867.0,951201.0,2421666.78,1
2022,UNIL,revenu,,"Dissolution de fonds, capital, provision",0.0,0.0,0.0,1
2022,UNIL,revenu,,"Subvention ""Etat de Vaud""",337436000.0,331308100.0,326308100.0,1
2022,UNIL,revenu,,Participation des autres cantons à l'enseignement,72604190.0,69699384.0,68288202.9,1
2022,UNIL,revenu,,Subvention fédérale LEHE,100800000.0,95500000.0,101366524.0,1
2022,UNIL,revenu,,Subvention fédérale pour investissements et loyers,288000.0,288000.0,270230.0,1
2022,UNIL,revenu,,Overheads FNS .,9600000.0,9500000.0,9687224.0,1
2022,UNIL,revenu,,Imputations internes diverses (revenus),1500000.0,1650000.0,2761367.92,1
2023,CHUV,charge,3010,Salaires du personnel administratif et d'exploitation,1100978100.0,1079325100.0,1048983878.3,1
2023,CHUV,charge,3030,Travailleurs temporaires,0.0,0.0,46298908.8,1
2023,CHUV,charge,3040,Allocations pour enfants et allocations de formation,30014600.0,30070900.0,30127882.94,1
2023,CHUV,charge,3049,Autres Indemnités,17917300.0,18259200.0,17984917.95,1
2023,CHUV,charge,3050,"Cotisations patronales AVS, APG, AC, frais administratifs",71203900.0,67655600.0,71472771.12,1
2023,CHUV,charge,3052,Cotisations patronales aux caisses de pensions,113455200.0,113543000.0,113883835.66,1
2023,CHUV,charge,3053,Cotisations patronales aux assurances-accidents,1287600.0,1012000.0,1292431.15,1
2023,CHUV,charge,3056,Cotisations patronales aux primes de caisses maladie,230000.0,196000.0,230827.85,1
2023,CHUV,charge,3090,Formation et perfectionnement du personnel,2317300.0,3791000.0,3457220.71,1
2023,CHUV,charge,3091,Recrutement du personnel,253600.0,257700.0,430365.96,1
2023,CHUV,charge,3099,Autres charges de personnel,8541300.0,6072200.0,-3640054.25,1
2023,CHUV,charge,3100,Matériel de bureau,2567800.0,2417000.0,2280848.14,1
2023,CHUV,charge,3101,"Matériel d'exploitation, fournitures",15860300.0,15186800.0,14538478.08,1
2023,CHUV,charge,3102,"Imprimés, publications",2818100.0,2167300.0,2543936.98,1
2023,CHUV,charge,3103,"Littérature spécialisée, magazines",1353000.0,1716700.0,1201812.25,1
2023,CHUV,charge,3105,Denrées alimentaires,18507100.0,17493800.0,15740187.46,1
2023,CHUV,charge,3106,Matériel médical et de laboratoire,325414800.0,291483800.0,293063438.94,1
2023,CHUV,charge,3109,Autres charges de matériel et de marchandises,-685200.0,-725600.0,333270.01,1
2023,CHUV,charge,3110,Meubles et appareils de bureau,2647300.0,3356400.0,3639330.34,1
2023,CHUV,charge,3111,"Machines, appareils et véhicules",6200.0,58000.0,7986.53,1
2023,CHUV,charge,3112,"Vêtements, linge, rideaux",2406100.0,2390100.0,1554846.83,1
2023,CHUV,charge,3113,Matériel informatique,2730500.0,3663500.0,3554676.26,1
2023,CHUV,charge,3116,Appareils médicaux et de laboratoire,3146600.0,4131000.0,5286661.78,1
2023,CHUV,charge,3120,"Alimentation et élimination, biens-fonds, PA",22260500.0,21416900.0,21035372.86,1
2023,CHUV,charge,3130,Prestations de services de tiers,20937700.0,21003500.0,23649488.14,1
2023,CHUV,charge,3132,"Honoraires Conseillers externes, experts, spécialistes, etc.",9556500.0,11682400.0,15098922.77,1
2023,CHUV,charge,3134,Primes d'assurances choses,2214900.0,3481300.0,3623123.62,1
2023,CHUV,charge,3137,Impôts et taxes,2524200.0,2228500.0,4043721.18,1
2023,CHUV,charge,3144,"Entretien des bâtiments, immeubles",21957900.0,22405200.0,22185867.35,1
2023,CHUV,charge,3150,Entretien de meubles et appareils de bureau,512600.0,531900.0,527300.97,1
2023,CHUV,charge,3151,"Entretien de machines, appareils, véhicules",30879900.0,25005100.0,30054740.97,1
2023,CHUV,charge,3153,Entretien informatique (matériel),139000.0,208000.0,145379.86,1
2023,CHUV,charge,3160,Loyer et bail à ferme des biens-fonds,22896100.0,23643200.0,22614652.98,1
2023,CHUV,charge,3161,"Loyers, frais d'utilisation des immobilisations",2997700.0,4383600.0,4379483.78,1
2023,CHUV,charge,3170,Frais de déplacement et autres frais,3358700.0,8144200.0,2949773.09,1
2023,CHUV,charge,3180,Réévaluations sur créances,250000.0,250000.0,2210000.0,1
2023,CHUV,charge,3181,Pertes sur créance effectives,5561900.0,4675300.0,3614706.85,1
2023,CHUV,charge,3199,Autres charges d'exploitation,2638900.0,1928500.0,12707969.45,1
2023,CHUV,charge,3300,"Amortissements planifiés, immobilisations corporelles",41857200.0,36500200.0,26613411.22,1
2023,CHUV,charge,3501,Attributions aux fonds des capitaux de tiers,0.0,0.0,27499310.22,1
2023,CHUV,charge,3511,Attributions aux fonds des capitaux propre,0.0,0.0,12498630.16,1
2023,CHUV,charge,3634,Subvention accordées aux entreprises publiques,21779700.0,28332400.0,18528780.91,1
2023,CHUV,charge,3637,Subventions accordées aux ménages privés,212200.0,612800.0,429666.2,1
2023,CHUV,revenu,4220,Taxes et subventions aux frais de pension,0.0,0.0,0.0,1
2023,CHUV,revenu,4221,Paiement pour prestations particulières,1252709600.0,1234003800.0,1214945085.74,1
2023,CHUV,revenu,4230,Frais d’écolage,2734100.0,6079800.0,7630292.25,1
2023,CHUV,revenu,4260,Remboursements de tiers,535100.0,1924600.0,1139935.97,1
2023,CHUV,revenu,4309,Autres revenus d'exploitation,224729100.0,213026000.0,237794540.76,1
2023,CHUV,revenu,4390,Autres revenus,735200.0,6911400.0,31502487.69,1
2023,CHUV,revenu,4501,Prélèvements provenant de fonds des capitaux de tiers,0.0,7034300.0,0.0,1
2023,CHUV,revenu,4511,Prélèvements provenant de fonds des capitaux propres,0.0,-19622200.0,13161936.79,1
2023,CHUV,revenu,4631,Subventions des cantons et des concordats,432861000.0,412427800.0,409848063.92,1
2023,ECAL,charge,301,Salaires du personnel administratif et d'exploitation,3413800.0,3326300.0,3286154.85,1
2023,ECAL,charge,302,Salaires des enseignants,7691900.0,7477300.0,7665696.1,1
2023,ECAL,charge,303,Travailleurs temporaires,27000.0,20000.0,26574.55,1
2023,ECAL,charge,305,Cotisations patronales .,2215600.0,2175800.0,2141421.61,1
2023,ECAL,charge,309,Autres charges de personnel,72000.0,66000.0,62660.89,1
2023,ECAL,charge,310,Charges de matières et de marchandises,294500.0,255700.0,293974.39,1
2023,ECAL,charge,311,Immobilisations ne pouvant être portées à l'actif,1168900.0,1055000.0,757493.91,1
2023,ECAL,charge,312,"Alimentation et élimination, biens-fonds, PA",238000.0,243800.0,252207.35,1
2023,ECAL,charge,313,Prestations de service et honoraires,2471400.0,2547500.0,2458819.33,1
2023,ECAL,charge,314,Gros entretien et entretien courant,253400.0,257200.0,108811.41,1
2023,ECAL,charge,315,"Entretien de biens, meubles et immobilisations incorporelles",400000.0,375500.0,373355.76,1
2023,ECAL,charge,316,"Loyers, leasing, baux à ferme, frais d'utilisation",2807000.0,2755500.0,2769879.86,1
2023,ECAL,charge,317,Dédommagements,971000.0,980000.0,630962.83,1
2023,ECAL,charge,363,Subventions à des collectivités et à des tiers,35000.0,45500.0,31359.0,1
2023,ECAL,charge,370,Subventions redistribuées,0.0,0.0,64842.0,1
2023,ECAL,revenu,423,Frais d’écolage et taxes de cours,1505000.0,1499000.0,1391490.03,1
2023,ECAL,revenu,425,Recettes sur ventes,546000.0,443300.0,526595.5,1
2023,ECAL,revenu,426,Remboursements,220000.0,215000.0,159012.09,1
2023,ECAL,revenu,430,Revenus d'exploitation divers,980100.0,806600.0,1072250.77,1
2023,ECAL,revenu,439,Autres revenus,0.0,100.0,0.0,1
2023,ECAL,revenu,461,Dédommagements des collectivités locales,3257800.0,2947600.0,2908086.33,1
2023,ECAL,revenu,463,Subventions de collectivités publiques et de tiers,15553700.0,15665900.0,15362764.65,1
2023,ECAL,revenu,470,Subventions à redistribuer,0.0,0.0,64842.0,1
2023,HEIG-VD,charge,301,Salaires du personnel administratif et d'exploitation,13046100.0,12922600.0,12640972.92,1
2023,HEIG-VD,charge,302,Salaires des enseignants,44036600.0,42626200.0,43354445.42,1
2023,HEIG-VD,charge,303,Travailleurs temporaires,971400.0,844900.0,1425497.24,1
2023,HEIG-VD,charge,304,Allocations,6000.0,15000.0,3384.05,1
2023,HEIG-VD,charge,305,Cotisations patronales .,12114600.0,11744900.0,11863129.21,1
2023,HEIG-VD,charge,309,Autres charges de personnel,517000.0,522000.0,322194.83,1
2023,HEIG-VD,charge,310,Charges de matières et de marchandises,1835800.0,1794300.0,1946059.16,1
2023,HEIG-VD,charge,311,Immobilisations ne pouvant être portées à l'actif,3547500.0,3578500.0,4091056.42,1
2023,HEIG-VD,charge,312,"Alimentation et élimination, biens-fonds, PA",653000.0,570000.0,568729.53,1
2023,HEIG-VD,charge,313,Prestations de service et honoraires,5121900.0,4814600.0,4793563.04,1
2023,HEIG-VD,charge,314,Gros entretien et entretien courant,100000.0,95000.0,105231.09,1
2023,HEIG-VD,charge,315,"Entretien de biens, meubles et immobilisations incorporelles",402200.0,422200.0,391751.09,1
2023,HEIG-VD,charge,316,"Loyers, leasing, baux à ferme, frais d'utilisation",3510000.0,3487000.0,3352647.08,1
2023,HEIG-VD,charge,317,Dédommagements,435000.0,450000.0,214242.91,1
2023,HEIG-VD,charge,318,Réévaluations sur créances,129000.0,127000.0,178871.0,1
2023,HEIG-VD,charge,363,Subventions à des collectivités publiques et à des tiers,60000.0,60000.0,32967.15,1
2023,HEIG-VD,charge,370,Subventions redistribuées,985000.0,1030000.0,850681.2,1
2023,HEIG-VD,revenu,423,Frais d’écolage et taxes de cours,4042000.0,3565000.0,4153548.27,1
2023,HEIG-VD,revenu,425,Recettes sur ventes,25000.0,25000.0,21827.29,1
2023,HEIG-VD,revenu,426,Remboursements,325000.0,340100.0,379100.83,1
2023,HEIG-VD,revenu,429,Autres taxes,305600.0,278000.0,146365.19,1
2023,HEIG-VD,revenu,430,Revenus d'exploitation divers,7631000.0,6091000.0,7982432.35,1
2023,HEIG-VD,revenu,461,Dédommagements des collectivités locales,14494000.0,14482000.0,13232319.65,1
2023,HEIG-VD,revenu,463,Subventions de collectivités publiques et de tiers,59546800.0,59177400.0,60598644.4,1
2023,HEIG-VD,revenu,470,Subventions à redistribuer,985000.0,1030000.0,850681.2,1
2023,HEP,charge,301,Salaires du personnel administratif et d'exploitation,10306000.0,9354000.0,8495955.78,1
2023,HEP,charge,302,Salaires des enseignants,42459500.0,41675500.0,38458469.55,1
2023,HEP,charge,303,Travailleurs temporaires,750000.0,745000.0,995328.47,1
2023,HEP,charge,304,Allocations,18000.0,16000.0,16531.35,1
2023,HEP,charge,305,Cotisations patronales .,11107000.0,10745000.0,9746006.52,1
2023,HEP,charge,309,Autres charges de personnel,445000.0,365000.0,265331.37,1
2023,HEP,charge,310,Charges de matières et de marchandises,955000.0,915000.0,619896.44,1
2023,HEP,charge,311,Immobilisations ne pouvant être portées à l'actif,1790000.0,1733000.0,2677099.05,1
2023,HEP,charge,312,"Alimentation et élimination, biens-fonds, PA",446000.0,486000.0,415987.3,1
2023,HEP,charge,313,Prestations de service et honoraires,6578300.0,6252000.0,5977050.69,1
2023,HEP,charge,314,Gros entretien et entretien courant,100000.0,200000.0,92232.04,1
2023,HEP,charge,315,"Entretien de biens, meubles et immobilisations incorporelles",144000.0,173000.0,265041.42,1
2023,HEP,charge,316,"Loyers, leasing, baux à ferme, taxes d'utilisation",1545000.0,1674000.0,1496434.04,1
2023,HEP,charge,317,Dédommagements,1247000.0,1450000.0,663440.97,1
2023,HEP,charge,318,Réévaluations sur créances,2000.0,3000.0,99.84,1
2023,HEP,charge,319,Autres charges d'exploitation,133000.0,141000.0,117658.06,1
2023,HEP,charge,351,Attributions aux financements spéciaux et fonds enregistrées sous capital propre,150000.0,135000.0,309521.68,1
2023,HEP,charge,361,Dédommagements à des collectivités publiques,175000.0,250000.0,238696.78,1
2023,HEP,charge,363,Subventions à des collectivités et à des tiers,642000.0,602000.0,290631.56,1
2023,HEP,revenu,423,Frais d’écolage et taxes de cours,2145000.0,2071000.0,1980065.8,1
2023,HEP,revenu,425,Recettes sur ventes,140000.0,125000.0,123095.45,1
2023,HEP,revenu,426,Remboursements,222000.0,170000.0,93723.74,1
2023,HEP,revenu,427,Amendes,4000.0,4000.0,2429.0,1
2023,HEP,revenu,430,Revenus d'exploitation divers,362000.0,312000.0,263593.59,1
2023,HEP,revenu,451,Prélèvements sur les financements spéciaux et fonds sous capital propre,0.0,0.0,0.0,1
2023,HEP,revenu,461,Dédommagements des collectivités locales,73426800.0,71390500.0,68675019.07,1
2023,HEP,revenu,463,Subventions des collectivités publiques et de tiers,1800000.0,1400000.0,1524810.41,1
2023,HESAV,charge,301,Salaires du personnel administratif et d'exploitation,6052000.0,5963000.0,6258980.78,1
2023,HESAV,charge,302,Salaires des enseignants,22869000.0,22918000.0,22190047.26,1
2023,HESAV,charge,303,Travailleurs temporaires,89000.0,57000.0,683656.88,1
2023,HESAV,charge,305,Cotisations patronales .,5282000.0,4814000.0,5191147.29,1
2023,HESAV,charge,309,Autres charges de personnel,277000.0,291000.0,340101.59,1
2023,HESAV,charge,310,Charges de matières et de marchandises,537000.0,505000.0,530295.49,1
2023,HESAV,charge,311,Immobilisations ne pouvant être portées à l'actif,285000.0,353000.0,629462.66,1
2023,HESAV,charge,312,"Alimentation et élimination, biens-fonds, PA",357000.0,320000.0,330967.6,1
2023,HESAV,charge,313,Prestations de service et honoraires,1735000.0,1647000.0,1619435.15,1
2023,HESAV,charge,314,Gros entretien et entretien courant,65000.0,51000.0,55839.55,1
2023,HESAV,charge,315,"Entretien de biens, meubles et immobilisations incorporelles",448000.0,392000.0,294839.87,1
2023,HESAV,charge,316,"Loyers, leasing, baux à ferme, frais d'utilisation",585000.0,598000.0,606805.3,1
2023,HESAV,charge,317,Dédommagements,516000.0,285000.0,233369.3,1
2023,HESAV,charge,318,Réévaluations sur créances,0.0,0.0,34945.39,1
2023,HESAV,charge,363,Subventions à des collectivités et à des tiers,33000.0,18000.0,54080.44,1
2023,HESAV,charge,370,Subventions redistribuées,0.0,0.0,138733.0,1
2023,HESAV,revenu,423,Frais d’écolage et taxes de cours,1835000.0,1399000.0,1680275.13,1
2023,HESAV,revenu,425,Recettes sur ventes,7000.0,2000.0,47191.7,1
2023,HESAV,revenu,426,Remboursements,25000.0,25000.0,0.0,1
2023,HESAV,revenu,430,Revenus d'exploitation divers,874000.0,797000.0,1476005.05,1
2023,HESAV,revenu,439,Autres revenus,1000.0,13000.0,4536.58,1
2023,HESAV,revenu,461,Dédommagements des collectivités locales,15063000.0,14682000.0,15442522.78,1
2023,HESAV,revenu,463,Subventions des collectivités publiques et de tiers,20795000.0,20402100.0,19112268.4,1
2023,HESAV,revenu,470,Subventions à redistribuer,0.0,0.0,138733.0,1
2023,UNIL,charge,,"Personnel ""Enseignants"": Salaire brut",117585640.0,115777214.0,106360641.31,1
2023,UNIL,charge,,"Personnel ""Enseignants"": Charges sociales",26227970.0,25791824.0,23134395.73,1
2023,UNIL,charge,,"Personnel ""Assistants"": Salaire brut",61127143.0,60202751.0,57686474.89,1
2023,UNIL,charge,,"Personnel ""Assistants"": Charges sociales",9085626.0,9009882.0,8844675.48,1
2023,UNIL,charge,,"Personnel ""Administratif et technique"": Salaire brut",98205428.0,92154324.0,86451558.25,1
2023,UNIL,charge,,"Personnel ""Administratif et technique"": Charges sociales",21051175.0,20481514.0,18519881.02,1
2023,UNIL,charge,,"Personnel ""Auxiliaire / Occasionnel""",3403116.0,3339135.0,4395040.68,1
2023,UNIL,charge,,Remboursements indemnités du personnel,-1270000.0,-1270000.0,-1253773.8,1
2023,UNIL,charge,,Autres charges de personnel,5420093.0,5521320.0,8540367.36,1
2023,UNIL,charge,,Fournitures générales de bureau .,1078198.0,1092298.0,545163.46,1
2023,UNIL,charge,,Nettoyage et entretien .,4129850.0,3880850.0,4509981.68,1
2023,UNIL,charge,,"Imprimés, publications .",1433050.0,1504150.0,1082878.3,1
2023,UNIL,charge,,"Livres, périodiques, reliures, droits d'auteur",1044999.0,1054539.0,1050933.47,1
2023,UNIL,charge,,Fournitures de laboratoires .,8047616.0,7785147.0,5517987.56,1
2023,UNIL,charge,,"Acquisition de mobilier, machines, matériel, audiovisuel, véhicules .",2851622.0,2667017.0,4338700.47,1
2023,UNIL,charge,,Acquisition d'équipements scientifiques,9685528.0,10613862.0,9218728.57,1
2023,UNIL,charge,,Acquisition de matériel informatique et de logiciels,4950050.0,4901600.0,7146029.64,1
2023,UNIL,charge,,"Electricité, énergie, eau .",14157500.0,6620500.0,6646060.04,1
2023,UNIL,charge,,Téléphones et frais de communications .,456400.0,474020.0,364271.49,1
2023,UNIL,charge,,"Affranchissement, port et acquis de douane",533300.0,551084.0,456272.12,1
2023,UNIL,charge,,Frais d'organisation de congrès .,2113718.0,1881928.0,841436.47,1
2023,UNIL,charge,,Frais de surveillance .,705000.0,705000.0,1358896.49,1
2023,UNIL,charge,,Cotisations à institutions privées,1516380.0,1317580.0,1274636.48,1
2023,UNIL,charge,,"Consultations, mandats et expertises",3656705.0,3238346.0,6371969.66,1
2023,UNIL,charge,,Experts et jurés,269500.0,269350.0,168916.65,1
2023,UNIL,charge,,"Prix, concours, récompenses",124500.0,122000.0,98504.34,1
2023,UNIL,charge,,Entretien technique des bâtiments,8002800.0,7885000.0,11990586.37,1
2023,UNIL,charge,,"Entretien mobilier, machines, véhicules",1720623.0,1613523.0,1651970.19,1
2023,UNIL,charge,,"Entretien matériel informatique, logiciels",3757200.0,3383260.0,3882989.66,1
2023,UNIL,charge,,Loyers,6162200.0,6926500.0,5973564.19,1
2023,UNIL,charge,,Location matériel et mobilier,1582051.0,1603401.0,808325.87,1
2023,UNIL,charge,,"Déplacements, repas, hôtel pour le personnel",1288260.0,1263010.0,556990.07,1
2023,UNIL,charge,,Camps et voyages d'étude,804550.0,806250.0,611824.97,1
2023,UNIL,charge,,Déplacements .,893862.0,929762.0,324346.73,1
2023,UNIL,charge,,Frais divers .,656123.0,656823.0,553207.63,1
2023,UNIL,charge,,"Attribution à fonds, capital, provision",4829640.0,4751040.0,5663986.17,1
2023,UNIL,charge,,"Subventions, subsides ""Enseignement"" .",143487304.0,141431367.0,139073958.98,1
2023,UNIL,charge,,"Subventions, subsides culture, loisirs, sports",611500.0,463000.0,547486.79,1
2023,UNIL,charge,,"Aides, subsides accordés",659350.0,403350.0,985697.86,1
2023,UNIL,charge,,"Bourses, prêts",84000.0,336000.0,1399008.65,1
2023,UNIL,charge,,Imputations internes diverses (charges),0.0,0.0,3898665.05,1
2023,UNIL,revenu,,"Inscriptions, taxes et émoluments",13092000.0,12842000.0,12811835.0,1
2023,UNIL,revenu,,Travaux et ventes diverses,1360000.0,1360000.0,292486.17,1
2023,UNIL,revenu,,Remboursements divers,572200.0,492200.0,833345.18,1
2023,UNIL,revenu,,Prestations de service diverses .,5952000.0,5820560.0,4882683.08,1
2023,UNIL,revenu,,Autres revenus,400000.0,480000.0,345886.71,1
2023,UNIL,revenu,,Subsides et mandats,816478.0,812867.0,2341162.22,1
2023,UNIL,revenu,,"Dissolution de fonds, capital, provision",3000000.0,0.0,0.0,1
2023,UNIL,revenu,,"Subvention ""Etat de Vaud""",348190900.0,337436000.0,333257671.2,1
2023,UNIL,revenu,,Participation des autres cantons à l'enseignement,70819779.0,72604190.0,71733316.3,1
2023,UNIL,revenu,,Subvention fédérale LEHE,101300000.0,100800000.0,101495079.0,1
2023,UNIL,revenu,,Subvention fédérale pour investissements et loyers,288000.0,288000.0,1110756.87,1
2023,UNIL,revenu,,Overheads FNS .,9600000.0,9600000.0,9026044.0,1
2023,UNIL,revenu,,Imputations internes diverses (revenus),1600000.0,1500000.0,3106353.21,1
2024,CHUV,charge,3010,Salaires du personnel administratif et d'exploitation,1158157900.0,1100978200.0,1061756506.91,0
2024,CHUV,charge,3030,Travailleurs temporaires,0.0,0.0,38452841.49,0
2024,CHUV,charge,3040,Allocations pour enfants et allocations de formation,31834500.0,30014600.0,30576028.88,0
2024,CHUV,charge,3049,Autres Indemnités,18683900.0,17917300.0,17945276.35,0
2024,CHUV,charge,3050,"Cotisations patronales AVS, APG, AC, frais administratifs",75519600.0,71203900.0,72534416.78,0
2024,CHUV,charge,3052,Cotisations patronales aux caisses de pensions,120754500.0,113455200.0,115981278.69,0
2024,CHUV,charge,3053,Cotisations patronales aux assurances-accidents,1345000.0,1287600.0,1291769.73,0
2024,CHUV,charge,3056,Cotisations patronales aux primes de caisses maladie,235500.0,230000.0,226228.1,0
2024,CHUV,charge,3090,Formation et perfectionnement du personnel,2323600.0,2317300.0,4113976.55,0
2024,CHUV,charge,3091,Recrutement du personnel,253600.0,253600.0,180859.12,0
2024,CHUV,charge,3099,Autres charges de personnel,9004300.0,8541300.0,11684443.36,0
2024,CHUV,charge,3100,Matériel de bureau,2645900.0,2567800.0,2247896.99,0
2024,CHUV,charge,3101,"Matériel d'exploitation, fournitures",16895900.0,15860300.0,14486876.7,0
2024,CHUV,charge,3102,"Imprimés, publications",3168900.0,2818100.0,3034124.98,0
2024,CHUV,charge,3103,"Littérature spécialisée, magazines",1513600.0,1353000.0,1285914.7,0
2024,CHUV,charge,3105,Denrées alimentaires,19534700.0,18507100.0,16257192.98,0
2024,CHUV,charge,3106,Matériel médical et de laboratoire,332794900.0,325414800.0,293023290.33,0
2024,CHUV,charge,3109,Autres charges de matériel et de marchandises,-1100300.0,-685200.0,-717160.71,0
2024,CHUV,charge,3110,Meubles et appareils de bureau,6687700.0,2647300.0,2436538.84,0
2024,CHUV,charge,3111,"Machines, appareils et véhicules",13700.0,6200.0,4529.0,0
2024,CHUV,charge,3112,"Vêtements, linge, rideaux",2597300.0,2406100.0,1781035.53,0
2024,CHUV,charge,3113,Matériel informatique,9672200.0,2730500.0,3324889.61,0
2024,CHUV,charge,3116,Appareils médicaux et de laboratoire,11027500.0,3146600.0,4964877.79,0
2024,CHUV,charge,3120,"Alimentation et élimination, biens-fonds, PA",24279000.0,22260500.0,20045573.13,0
2024,CHUV,charge,3130,Prestations de services de tiers,20700700.0,20937700.0,21886128.94,0
2024,CHUV,charge,3132,"Honoraires Conseillers externes, experts, spécialistes, etc.",9840900.0,9556500.0,19130461.01,0
2024,CHUV,charge,3134,Primes d'assurances choses,1937000.0,2214900.0,3091217.77,0
2024,CHUV,charge,3137,Impôts et taxes,3046700.0,2524200.0,4796780.67,0
2024,CHUV,charge,3144,"Entretien des bâtiments, immeubles",24580500.0,21957900.0,23150388.54,0
2024,CHUV,charge,3150,Entretien de meubles et appareils de bureau,532800.0,512600.0,641532.32,0
2024,CHUV,charge,3151,"Entretien de machines, appareils, véhicules",33051000.0,30879900.0,31163992.33,0
2024,CHUV,charge,3153,Entretien informatique (matériel),131900.0,139000.0,155562.18,0
2024,CHUV,charge,3160,Loyer et bail à ferme des biens-fonds,23657600.0,22896100.0,23007714.83,0
2024,CHUV,charge,3161,"Loyers, frais d'utilisation des immobilisations",3190400.0,2997700.0,3503441.45,0
2024,CHUV,charge,3170,Frais de déplacement et autres frais,3714700.0,3358700.0,6231916.35,0
2024,CHUV,charge,3180,Réévaluations sur créances,250000.0,250000.0,5400000.0,0
2024,CHUV,charge,3181,Pertes sur créance effectives,5817800.0,5561900.0,4351915.01,0
2024,CHUV,charge,3199,Autres charges d'exploitation,2381900.0,2638900.0,22779137.85,0
2024,CHUV,charge,3300,"Amortissements planifiés, immobilisations corporelles",43813300.0,41857200.0,33029079.93,0
2024,CHUV,charge,3501,Attributions aux fonds des capitaux de tiers,0.0,0.0,4592438.88,0
2024,CHUV,charge,3511,Attributions aux fonds des capitaux propre,0.0,0.0,5751804.54,0
2024,CHUV,charge,3634,Subvention accordées aux entreprises publiques,34602500.0,21779700.0,14180273.48,0
2024,CHUV,charge,3637,Subventions accordées aux ménages privés,176900.0,212200.0,604215.8,0
2024,CHUV,revenu,4220,Taxes et subventions aux frais de pension,0.0,0.0,0.0,0
2024,CHUV,revenu,4221,Paiement pour prestations particulières,1335609600.0,1252709600.0,1246504811.01,0
2024,CHUV,revenu,4230,Frais d’écolage,2734100.0,2734100.0,6985699.22,0
2024,CHUV,revenu,4260,Remboursements de tiers,521900.0,535100.0,1249026.95,0
2024,CHUV,revenu,4309,Autres revenus d'exploitation,230331400.0,224729100.0,204004369.84,0
2024,CHUV,revenu,4390,Autres revenus,656000.0,735200.0,11811405.48,0
2024,CHUV,revenu,4501,Prélèvements provenant de fonds des capitaux de tiers,0.0,0.0,373692.82,0
2024,CHUV,revenu,4511,Prélèvements provenant de fonds des capitaux propres,0.0,0.0,8577616.56,0
2024,CHUV,revenu,4631,Subventions des cantons et des concordats,465565200.0,432861000.0,431135336.36,0
2024,ECAL,charge,301,Salaires du personnel administratif et d'exploitation,3352600.0,3413800.0,3318699.02,1
2024,ECAL,charge,302,Salaires des enseignants,8455800.0,7691900.0,7884986.3,1
2024,ECAL,charge,303,Travailleurs temporaires,30000.0,27000.0,31459.45,1
2024,ECAL,charge,305,Cotisations patronales .,2341900.0,2215600.0,2200833.23,1
2024,ECAL,charge,309,Autres charges de personnel,88500.0,72000.0,66078.16,1
2024,ECAL,charge,310,Charges de matières et de marchandises,258000.0,294500.0,226120.16,1
2024,ECAL,charge,311,Immobilisations ne pouvant être portées à l'actif,1199000.0,1168900.0,1147508.69,1
2024,ECAL,charge,312,"Alimentation et élimination, biens-fonds, PA",372000.0,238000.0,274174.05,1
2024,ECAL,charge,313,Prestations de service et honoraires,2198000.0,2471400.0,2473032.0,1
2024,ECAL,charge,314,Gros entretien et entretien courant,303000.0,253400.0,175987.3,1
2024,ECAL,charge,315,"Entretien de biens, meubles et immobilisations incorporelles",426500.0,400000.0,394074.24,1
2024,ECAL,charge,316,"Loyers, leasing, baux à ferme, frais d'utilisation",2868900.0,2807000.0,2778143.38,1
2024,ECAL,charge,317,Dédommagements,800000.0,971000.0,1041098.68,1
2024,ECAL,charge,363,Subventions à des collectivités et à des tiers,30000.0,35000.0,9000.0,1
2024,ECAL,revenu,423,Frais d’écolage et taxes de cours,1575000.0,1505000.0,1477478.55,1
2024,ECAL,revenu,425,Recettes sur ventes,521000.0,546000.0,517807.98,1
2024,ECAL,revenu,426,Remboursements,255000.0,220000.0,266101.67,1
2024,ECAL,revenu,430,Revenus d'exploitation divers,860100.0,980100.0,1044157.69,1
2024,ECAL,revenu,439,Autres revenus,100.0,0.0,56000.0,1
2024,ECAL,revenu,461,Dédommagements des collectivités locales,3527400.0,3257800.0,2942095.67,1
2024,ECAL,revenu,463,Subventions de collectivités publiques et de tiers,15985600.0,15553700.0,15342755.15,1
2024,HEIG-VD,charge,301,Salaires du personnel administratif et d'exploitation,13299400.0,13046100.0,12757408.34,1
2024,HEIG-VD,charge,302,Salaires des enseignants,44963700.0,44036600.0,42910168.35,1
2024,HEIG-VD,charge,303,Travailleurs temporaires,969900.0,971400.0,1187197.95,1
2024,HEIG-VD,charge,304,Allocations,5000.0,6000.0,4262.5,1
2024,HEIG-VD,charge,305,Cotisations patronales .,12335100.0,12114600.0,11721739.09,1
2024,HEIG-VD,charge,309,Autres charges de personnel,487000.0,517000.0,420963.8,1
2024,HEIG-VD,charge,310,Charges de matières et de marchandises,1820500.0,1835800.0,1800506.11,1
2024,HEIG-VD,charge,311,Immobilisations ne pouvant être portées à l'actif,3494500.0,3547500.0,4994942.14,1
2024,HEIG-VD,charge,312,"Alimentation et élimination, biens-fonds, PA",1078200.0,653000.0,690832.57,1
2024,HEIG-VD,charge,313,Prestations de service et honoraires,5576400.0,5121900.0,5511676.87,1
2024,HEIG-VD,charge,314,Gros entretien et entretien courant,100000.0,100000.0,99766.55,1
2024,HEIG-VD,charge,315,"Entretien de biens, meubles et immobilisations incorporelles",410200.0,402200.0,390721.67,1
2024,HEIG-VD,charge,316,"Loyers, leasing, baux à ferme, frais d'utilisation",3530800.0,3510000.0,3355028.21,1
2024,HEIG-VD,charge,317,Dédommagements,351000.0,435000.0,308547.84,1
2024,HEIG-VD,charge,318,Réévaluations sur créances,126000.0,129000.0,47972.0,1
2024,HEIG-VD,charge,363,Subventions à des collectivités publiques et à des tiers,60000.0,60000.0,44247.72,1
2024,HEIG-VD,charge,370,Subventions redistribuées,955000.0,985000.0,1453380.69,1
2024,HEIG-VD,revenu,423,Frais d’écolage et taxes de cours,4095300.0,4042000.0,4046129.36,1
2024,HEIG-VD,revenu,425,Recettes sur ventes,27000.0,25000.0,47879.59,1
2024,HEIG-VD,revenu,426,Remboursements,362000.0,325000.0,498508.98,1
2024,HEIG-VD,revenu,429,Autres taxes,294700.0,305600.0,264506.25,1
2024,HEIG-VD,revenu,430,Revenus d'exploitation divers,7233600.0,7631000.0,7317944.37,1
2024,HEIG-VD,revenu,461,Dédommagements des collectivités locales,15746000.0,14494000.0,14882566.25,1
2024,HEIG-VD,revenu,463,Subventions de collectivités publiques et de tiers,60182500.0,59546800.0,59538349.33,1
2024,HEIG-VD,revenu,470,Subventions à redistribuer,955000.0,985000.0,1453380.69,1
2024,HEP,charge,301,Salaires du personnel administratif et d'exploitation,10737000.0,10306000.0,9572469.6,1
2024,HEP,charge,302,Salaires des enseignants,43857800.0,42459500.0,42868946.87,1
2024,HEP,charge,303,Travailleurs temporaires,800000.0,750000.0,1295148.16,1
2024,HEP,charge,304,Allocations,18000.0,18000.0,19974.65,1
2024,HEP,charge,305,Cotisations patronales .,11593000.0,11107000.0,10704766.16,1
2024,HEP,charge,309,Autres charges de personnel,499000.0,445000.0,485748.87,1
2024,HEP,charge,310,Charges de matières et de marchandises,921000.0,955000.0,815184.47,1
2024,HEP,charge,311,Immobilisations ne pouvant être portées à l'actif,1915500.0,1790000.0,1920710.51,1
2024,HEP,charge,312,"Alimentation et élimination, biens-fonds, PA",610000.0,446000.0,482156.6,1
2024,HEP,charge,313,Prestations de service et honoraires,7115000.0,6578300.0,5126421.07,1
2024,HEP,charge,314,Gros entretien et entretien courant,150000.0,100000.0,203441.17,1
2024,HEP,charge,315,"Entretien de biens, meubles et immobilisations incorporelles",164000.0,144000.0,139820.6,1
2024,HEP,charge,316,"Loyers, leasing, baux à ferme, taxes d'utilisation",1600000.0,1545000.0,1536146.3,1
2024,HEP,charge,317,Dédommagements,1218000.0,1247000.0,990695.91,1
2024,HEP,charge,318,Réévaluations sur créances,2000.0,2000.0,1210.59,1
2024,HEP,charge,319,Autres charges d'exploitation,226000.0,133000.0,150701.27,1
2024,HEP,charge,351,Attributions aux financements spéciaux et fonds enregistrées sous capital propre,250000.0,150000.0,259081.39,1
2024,HEP,charge,361,Dédommagements à des collectivités publiques,115000.0,175000.0,68946.86,1
2024,HEP,charge,363,Subventions à des collectivités et à des tiers,512000.0,642000.0,433314.6,1
2024,HEP,revenu,423,Frais d’écolage et taxes de cours,2025000.0,2145000.0,1970047.82,1
2024,HEP,revenu,425,Recettes sur ventes,130000.0,140000.0,122628.45,1
2024,HEP,revenu,426,Remboursements,222000.0,222000.0,144506.14,1
2024,HEP,revenu,427,Amendes,4000.0,4000.0,0.0,1
2024,HEP,revenu,430,Revenus d'exploitation divers,564000.0,362000.0,460682.09,1
2024,HEP,revenu,461,Dédommagements des collectivités locales,76979300.0,73426800.0,69898755.46,1
2024,HEP,revenu,463,Subventions des collectivités publiques et de tiers,2056000.0,1800000.0,1963532.55,1
2024,HESAV,charge,301,Salaires du personnel administratif et d'exploitation,6955000.0,6052000.0,6340855.2,1
2024,HESAV,charge,302,Salaires des enseignants,24086000.0,22869000.0,22672415.13,1
2024,HESAV,charge,303,Travailleurs temporaires,49000.0,89000.0,173758.85,1
2024,HESAV,charge,305,Cotisations patronales .,5700000.0,5282000.0,5242849.23,1
2024,HESAV,charge,309,Autres charges de personnel,298000.0,277000.0,290187.17,1
2024,HESAV,charge,310,Charges de matières et de marchandises,461000.0,537000.0,503411.78,1
2024,HESAV,charge,311,Immobilisations ne pouvant être portées à l'actif,433000.0,285000.0,300408.94,1
2024,HESAV,charge,312,"Alimentation et élimination, biens-fonds, PA",473000.0,357000.0,418319.51,1
2024,HESAV,charge,313,Prestations de service et honoraires,1472000.0,1735000.0,1693304.24,1
2024,HESAV,charge,314,Gros entretien et entretien courant,71000.0,65000.0,54638.27,1
2024,HESAV,charge,315,"Entretien de biens, meubles et immobilisations incorporelles",478000.0,448000.0,330611.71,1
2024,HESAV,charge,316,"Loyers, leasing, baux à ferme, frais d'utilisation",581000.0,585000.0,611644.05,1
2024,HESAV,charge,317,Dédommagements,272000.0,516000.0,259725.96,1
2024,HESAV,charge,318,Réévaluations sur créances,0.0,0.0,22208.5,1
2024,HESAV,charge,363,Subventions à des collectivités et à des tiers,147000.0,33000.0,146760.0,1
2024,HESAV,charge,370,Subventions redistribuées,0.0,0.0,8250.0,1
2024,HESAV,revenu,423,Frais d’écolage et taxes de cours,1822000.0,1835000.0,1691912.48,1
2024,HESAV,revenu,425,Recettes sur ventes,33000.0,7000.0,32382.1,1
2024,HESAV,revenu,426,Remboursements,25000.0,25000.0,0.0,1
2024,HESAV,revenu,430,Revenus d'exploitation divers,1018000.0,874000.0,963026.16,1
2024,HESAV,revenu,439,Autres revenus,0.0,1000.0,486.87,1
2024,HESAV,revenu,461,Dédommagements des collectivités locales,16931000.0,15063000.0,15055159.07,1
2024,HESAV,revenu,463,Subventions des collectivités publiques et de tiers,21088000.0,20795000.0,20608786.64,1
2024,HESAV,revenu,470,Subventions à redistribuer,0.0,0.0,8250.0,1
2024,UNIL,charge,,Personnel ´Enseignant´ - Salaire brut,119696987.0,117585640.0,107416549.07,1
2024,UNIL,charge,,Personnel ´Enseignant´ - Charges sociales,26443823.0,26227970.0,23298628.27,1
2024,UNIL,charge,,Personnel ´Assistant´ - Salaire brut,61683676.0,61127143.0,59482288.63,1
2024,UNIL,charge,,Personnel ´Assistant´ - Charges sociales,9094045.0,9085626.0,9070070.31,1
2024,UNIL,charge,,Personnel ´Administratif et technique´ - Salaire brut,103568748.0,98205428.0,92967192.68,1
2024,UNIL,charge,,Personnel ´Administratif et technique´ - Charges sociales,22098619.0,21051175.0,19851306.51,1
2024,UNIL,charge,,Personnel ´Auxiliaire / Occasionnel´,3246697.0,3403116.0,4750752.58,1
2024,UNIL,charge,,Remboursements indemnités du personnel,-1270000.0,-1270000.0,-1028691.44,1
2024,UNIL,charge,,Autres charges de personnel,5176958.0,5420093.0,7108629.13,1
2024,UNIL,charge,,Fournitures générales de bureau,944890.0,1078198.0,611378.17,1
2024,UNIL,charge,,Nettoyage et entretien,4370850.0,4129850.0,4217646.73,1
2024,UNIL,charge,,"Imprimés, publications",1351428.0,1433050.0,1198383.18,1
2024,UNIL,charge,,"Livres, périodiques, reliures, droits d´auteur",1034799.0,1044999.0,1075839.28,1
2024,UNIL,charge,,Fournitures de laboratoire,7033101.0,8047616.0,5835153.44,1
2024,UNIL,charge,,"Acquisition de mobilier, machines, matériel, audio-visuel, véhicules",2511272.0,2851622.0,3101981.36,1
2024,UNIL,charge,,Acquisition d´équipements scientifiques,8131400.0,9685528.0,9076205.94,1
2024,UNIL,charge,,Acquisition de matériel informatique et de logiciels,5102600.0,4950050.0,6679601.36,1
2024,UNIL,charge,,"Electricité, énergie, eau",14719600.0,14157500.0,7109394.96,1
2024,UNIL,charge,,Téléphones et frais de communications,433700.0,456400.0,292672.25,1
2024,UNIL,charge,,"Affranchissement, port et acquis de douane",570450.0,533300.0,656149.11,1
2024,UNIL,charge,,Frais d´organisation de congrès,2033892.0,2113718.0,1697180.16,1
2024,UNIL,charge,,Frais de surveillance,865000.0,705000.0,1300853.84,1
2024,UNIL,charge,,Déménagements et transports,440700.0,503700.0,575337.86,1
2024,UNIL,charge,,Cotisations à institutions privées,1284680.0,1516380.0,1274967.44,1
2024,UNIL,charge,,"Consultations, mandats et expertises",3990103.0,3656705.0,7196649.1,1
2024,UNIL,charge,,Assurances,73543.0,72623.0,90141.76,1
2024,UNIL,charge,,Experts et jurés,267300.0,269500.0,285647.03,1
2024,UNIL,charge,,"Prix, concours, récompenses",123500.0,124500.0,129590.35,1
2024,UNIL,charge,,Entretien technique des bâtiments,8719700.0,8002800.0,11146164.99,1
2024,UNIL,charge,,"Entretien mobilier, machines, véhicules",1842023.0,1720623.0,1799588.51,1
2024,UNIL,charge,,"Entretien matériel informatique, logiciels",3866900.0,3757200.0,3565829.79,1
2024,UNIL,charge,,Loyers,6282700.0,6162200.0,5723608.24,1
2024,UNIL,charge,,Location matériel et mobilier,1271901.0,1582051.0,929534.09,1
2024,UNIL,charge,,"Déplacement, repas, hôtel pour le personnel",1301510.0,1288260.0,1082843.54,1
2024,UNIL,charge,,Camps et voyages d´étude,810808.0,804550.0,742336.97,1
2024,UNIL,charge,,Déplacements,879812.0,893862.0,899946.46,1
2024,UNIL,charge,,Pertes sur créances,0.0,0.0,11449.73,1
2024,UNIL,charge,,Frais divers,54300.0,79800.0,49297.76,1
2024,UNIL,charge,,"Attribution à fonds, capital, provision",4886700.0,4829640.0,5727707.46,1
2024,UNIL,charge,,"Subventions, subsides ´Enseignement´",144522815.0,143487304.0,142504689.35,1
2024,UNIL,charge,,"Subventions, subsides culture, loisirs, sports",611500.0,611500.0,542916.93,1
2024,UNIL,charge,,"Aides, subsides accordés",606850.0,659350.0,771728.64,1
2024,UNIL,charge,,"Bourses, prêts",39000.0,84000.0,920295.79,1
2024,UNIL,charge,,Imputations internes diverses (charges),1243588.0,0.0,3807835.25,1
2024,UNIL,revenu,,"Inscriptions, taxes et émoluments",13005746.0,13092000.0,12797458.7,1
2024,UNIL,revenu,,Travaux et ventes diverses,480000.0,1360000.0,380394.17,1
2024,UNIL,revenu,,Remboursements divers,662200.0,572200.0,776934.23,1
2024,UNIL,revenu,,Prestations de service diverses,7408000.0,5952000.0,5648727.14,1
2024,UNIL,revenu,,Autres revenus,400000.0,400000.0,658328.68,1
2024,UNIL,revenu,,"Subsides, mandats",885133.0,816478.0,1282210.55,1
2024,UNIL,revenu,,"Dissolution de fonds, capital, provision",3000000.0,3000000.0,0.0,1
2024,UNIL,revenu,,Subvention ´Etat de Vaud´,357841100.0,348190900.0,337436000.0,1
2024,UNIL,revenu,,Participation des autres cantons à l´enseignement,72541045.0,70819779.0,73718671.6,1
2024,UNIL,revenu,,Subvention fédérale LEHE,103100000.0,101300000.0,102941236.0,1
2024,UNIL,revenu,,Subvention fédérale pour investissements et loyers,300000.0,288000.0,312532.0,1
2024,UNIL,revenu,,Overheads FNS,9600000.0,9600000.0,11423601.0,1
2024,UNIL,revenu,,Imputations internes diverses (revenus),2710254.0,1600000.0,3569727.6,1
2025,CHUV,charge,3010,Salaires du personnel administratif et d'exploitation,1194463900.0,1158157900.0,1109558748.09,1
2025,CHUV,charge,3030,Travailleurs temporaires,0.0,0.0,40207241.11,1
2025,CHUV,charge,3040,Allocations pour enfants et allocations de formation,31536400.0,31834500.0,29509081.35,1
2025,CHUV,charge,3049,Autres Indemnités,19840900.0,18683900.0,18565364.5,1
2025,CHUV,charge,3050,"Cotisations patronales AVS, APG, AC, frais administratifs",80937800.0,75519600.0,75734585.49,1
2025,CHUV,charge,3052,Cotisations patronales aux caisses de pensions,128634900.0,120754500.0,120365462.96,1
2025,CHUV,charge,3053,Cotisations patronales aux assurances-accidents,1506700.0,1345000.0,1409850.16,1
2025,CHUV,charge,3056,Cotisations patronales aux primes de caisses maladie,229900.0,235500.0,215133.55,1
2025,CHUV,charge,3090,Formation et perfectionnement du personnel,2344100.0,2323600.0,4508702.27,1
2025,CHUV,charge,3091,Recrutement du personnel,253600.0,253600.0,215880.19,1
2025,CHUV,charge,3099,Autres charges de personnel,10511500.0,9004300.0,-6185372.23,1
2025,CHUV,charge,3100,Matériel de bureau,2982700.0,2645900.0,2438786.87,1
2025,CHUV,charge,3101,"Matériel d'exploitation, fournitures",14379000.0,16895900.0,14353131.24,1
2025,CHUV,charge,3102,"Imprimés, publications",2389400.0,3168900.0,2875234.67,1
2025,CHUV,charge,3103,"Littérature spécialisée, magazines",1332500.0,1513600.0,1089525.4,1
2025,CHUV,charge,3105,Denrées alimentaires,16543800.0,19534700.0,19907128.21,1
2025,CHUV,charge,3106,Matériel médical et de laboratoire,348544000.0,332794900.0,307149431.83,1
2025,CHUV,charge,3109,Autres charges de matériel et de marchandises,1158400.0,-1100300.0,1307297.07,1
2025,CHUV,charge,3110,Meubles et appareils de bureau,9323700.0,6687700.0,2770244.6,1
2025,CHUV,charge,3111,"Machines, appareils et véhicules",6700.0,13700.0,1880.55,1
2025,CHUV,charge,3112,"Vêtements, linge, rideaux",2464200.0,2597300.0,1932505.53,1
2025,CHUV,charge,3113,Matériel informatique,8533300.0,9672200.0,2653573.69,1
2025,CHUV,charge,3116,Appareils médicaux et de laboratoire,9545100.0,11027500.0,4247040.38,1
2025,CHUV,charge,3120,"Alimentation et élimination, biens-fonds, PA",33066100.0,24279000.0,26984060.91,1
2025,CHUV,charge,3130,Prestations de services de tiers,18907400.0,20700700.0,23114562.59,1
2025,CHUV,charge,3132,"Honoraires Conseillers externes, experts, spécialistes, etc.",11404000.0,9840900.0,17443784.59,1
2025,CHUV,charge,3134,Primes d'assurances choses,1270500.0,1937000.0,3573868.1,1
2025,CHUV,charge,3137,Impôts et taxes,1845200.0,3046700.0,5081707.89,1
2025,CHUV,charge,3144,"Entretien des bâtiments, immeubles",24807100.0,24580500.0,25140899.34,1
2025,CHUV,charge,3150,Entretien de meubles et appareils de bureau,531100.0,532800.0,573863.35,1
2025,CHUV,charge,3151,"Entretien de machines, appareils, véhicules",37549800.0,33051000.0,34050947.72,1
2025,CHUV,charge,3153,Entretien informatique (matériel),127400.0,131900.0,140792.52,1
2025,CHUV,charge,3160,Loyer et bail à ferme des biens-fonds,24663500.0,23657600.0,22818835.34,1
2025,CHUV,charge,3161,"Loyers, frais d'utilisation des immobilisations",1986400.0,3190400.0,3267820.69,1
2025,CHUV,charge,3170,Frais de déplacement et autres frais,3403200.0,3714700.0,7541395.45,1
2025,CHUV,charge,3180,Réévaluations sur créances,0.0,250000.0,-460388.85,1
2025,CHUV,charge,3181,Pertes sur créance effectives,3301800.0,5817800.0,4489603.19,1
2025,CHUV,charge,3199,Autres charges d'exploitation,1772000.0,2381900.0,14564071.14,1
2025,CHUV,charge,3300,"Amortissements planifiés, immobilisations corporelles",45267300.0,43813300.0,40080445.36,1
2025,CHUV,charge,3501,Attributions aux fonds des capitaux de tiers,0.0,0.0,13870248.56,1
2025,CHUV,charge,3511,Attributions aux fonds des capitaux propre,0.0,0.0,320000.0,1
2025,CHUV,charge,3634,Subvention accordées aux entreprises publiques,38241600.0,34602500.0,14616920.03,1
2025,CHUV,charge,3637,Subventions accordées aux ménages privés,158200.0,176900.0,543170.9,1
2025,CHUV,revenu,4220,Taxes et subventions aux frais de pension,0.0,0.0,0.0,1
2025,CHUV,revenu,4221,Paiement pour prestations particulières,1397724800.0,1335609600.0,1302505528.9,1
2025,CHUV,revenu,4230,Frais d’écolage,2756500.0,2734100.0,6813608.73,1
2025,CHUV,revenu,4260,Remboursements de tiers,5618000.0,521900.0,1030300.19,1
2025,CHUV,revenu,4309,Autres revenus d'exploitation,203644400.0,230331400.0,211003725.3,1
2025,CHUV,revenu,4390,Autres revenus,3145600.0,656000.0,8222827.98,1
2025,CHUV,revenu,4501,Prélèvements provenant de fonds des capitaux de tiers,0.0,0.0,0.0,1
2025,CHUV,revenu,4511,Prélèvements provenant de fonds des capitaux propres,0.0,0.0,31059464.55,1
2025,CHUV,revenu,4631,Subventions des cantons et des concordats,503041400.0,465565200.0,454299154.35,1
2025,ECAL,charge,301,Salaires du personnel administratif et d'exploitation,3613600.0,3352600.0,3196148.78,1
2025,ECAL,charge,302,Salaires des enseignants,8847000.0,8455800.0,8405230.75,1
2025,ECAL,charge,303,Travailleurs temporaires,35000.0,30000.0,71524.25,1
2025,ECAL,charge,305,Cotisations patronales .,2482900.0,2341900.0,2265808.69,1
2025,ECAL,charge,309,Autres charges de personnel,58000.0,88500.0,55869.19,1
2025,ECAL,charge,310,Charges de matières et de marchandises,307000.0,258000.0,344959.71,1
2025,ECAL,charge,311,Immobilisations ne pouvant être portées à l'actif,1151000.0,1199000.0,1115685.94,1
2025,ECAL,charge,312,"Alimentation et élimination, biens-fonds, PA",312000.0,372000.0,334082.9,1
2025,ECAL,charge,313,Prestations de service et honoraires,2321500.0,2198000.0,2439028.68,1
2025,ECAL,charge,314,Gros entretien et entretien courant,225000.0,303000.0,75318.69,1
2025,ECAL,charge,315,"Entretien de biens, meubles et immobilisations incorporelles",449000.0,426500.0,422606.19,1
2025,ECAL,charge,316,"Loyers, leasing, baux à ferme, frais d'utilisation",2883400.0,2868900.0,2872773.92,1
2025,ECAL,charge,317,Dédommagements,870000.0,800000.0,939293.29,1
2025,ECAL,charge,363,Subventions à des collectivités et à des tiers,10000.0,30000.0,1530.0,1
2025,ECAL,revenu,423,Frais d’écolage et taxes de cours,1695000.0,1575000.0,1706710.49,1
2025,ECAL,revenu,425,Recettes sur ventes,565500.0,521000.0,564699.28,1
2025,ECAL,revenu,426,Remboursements,215000.0,255000.0,199047.45,1
2025,ECAL,revenu,430,Revenus d'exploitation divers,835300.0,860100.0,802947.58,1
2025,ECAL,revenu,439,Autres revenus,100.0,100.0,40000.0,1
2025,ECAL,revenu,461,Dédommagements des collectivités locales,3825800.0,3527400.0,3449800.0,1
2025,ECAL,revenu,463,Subventions de collectivités publiques et de tiers,16428700.0,15985600.0,16208173.09,1
2025,HEIG-VD,charge,301,Salaires du personnel administratif et d'exploitation,13717500.0,13299400.0,13304838.51,1
2025,HEIG-VD,charge,302,Salaires des enseignants,45086200.0,44963700.0,43616306.72,1
2025,HEIG-VD,charge,303,Travailleurs temporaires,1003600.0,969900.0,1274179.85,1
2025,HEIG-VD,charge,304,Allocations,5000.0,5000.0,6291.95,1
2025,HEIG-VD,charge,305,Cotisations patronales .,12405600.0,12335100.0,11870079.89,1
2025,HEIG-VD,charge,309,Autres charges de personnel,476000.0,487000.0,537621.4,1
2025,HEIG-VD,charge,310,Charges de matières et de marchandises,1773900.0,1820500.0,1964007.79,1
2025,HEIG-VD,charge,311,Immobilisations ne pouvant être portées à l'actif,3883000.0,3494500.0,4634257.45,1
2025,HEIG-VD,charge,312,"Alimentation et élimination, biens-fonds, PA",1067800.0,1078200.0,943418.7,1
2025,HEIG-VD,charge,313,Prestations de service et honoraires,5609500.0,5576400.0,5536675.5,1
2025,HEIG-VD,charge,314,Gros entretien et entretien courant,150000.0,100000.0,144966.45,1
2025,HEIG-VD,charge,315,"Entretien de biens, meubles et immobilisations incorporelles",463200.0,410200.0,455930.71,1
2025,HEIG-VD,charge,316,"Loyers, leasing, baux à ferme, frais d'utilisation",3575000.0,3530800.0,3528983.01,1
2025,HEIG-VD,charge,317,Dédommagements,347000.0,351000.0,336260.47,1
2025,HEIG-VD,charge,318,Réévaluations sur créances,128000.0,126000.0,29797.0,1
2025,HEIG-VD,charge,363,Subventions à des collectivités publiques et à des tiers,45000.0,60000.0,42076.33,1
2025,HEIG-VD,charge,370,Subventions redistribuées,892000.0,955000.0,764289.9,1
2025,HEIG-VD,revenu,423,Frais d’écolage et taxes de cours,4570000.0,4095300.0,4379175.97,1
2025,HEIG-VD,revenu,425,Recettes sur ventes,30000.0,27000.0,32930.39,1
2025,HEIG-VD,revenu,426,Remboursements,335400.0,362000.0,466452.47,1
2025,HEIG-VD,revenu,429,Autres taxes,292100.0,294700.0,276447.69,1
2025,HEIG-VD,revenu,430,Revenus d'exploitation divers,7087000.0,7233600.0,7054068.7,1
2025,HEIG-VD,revenu,461,Dédommagements des collectivités locales,18634600.0,15746000.0,15689290.6,1
2025,HEIG-VD,revenu,463,Subventions de collectivités publiques et de tiers,58679500.0,60182500.0,61317468.18,1
2025,HEIG-VD,revenu,470,Subventions à redistribuer,892000.0,955000.0,764289.9,1
2025,HEP,charge,301,Salaires du personnel administratif et d'exploitation,11804000.0,10737000.0,10648344.43,1
2025,HEP,charge,302,Salaires des enseignants,46442000.0,43857800.0,44511409.93,1
2025,HEP,charge,303,Travailleurs temporaires,1542000.0,800000.0,1532068.61,1
2025,HEP,charge,304,Allocations,17000.0,18000.0,12333.65,1
2025,HEP,charge,305,Cotisations patronales .,12563300.0,11593000.0,11444438.92,1
2025,HEP,charge,309,Autres charges de personnel,504000.0,429000.0,429651.39,1
2025,HEP,charge,310,Charges de matières et de marchandises,926000.0,811000.0,856043.3,1
2025,HEP,charge,311,Immobilisations ne pouvant être portées à l'actif,1701000.0,1845500.0,1655401.98,1
2025,HEP,charge,312,"Alimentation et élimination, biens-fonds, PA",623000.0,520000.0,577871.76,1
2025,HEP,charge,313,Prestations de service et honoraires,6999000.0,7115000.0,4816493.74,1
2025,HEP,charge,314,Gros entretien et entretien courant,147000.0,150000.0,94612.71,1
2025,HEP,charge,315,"Entretien de biens, meubles et immobilisations incorporelles",245000.0,164000.0,149471.86,1
2025,HEP,charge,316,"Loyers, leasing, baux à ferme, taxes d'utilisation",1724000.0,1683000.0,1579246.71,1
2025,HEP,charge,317,Dédommagements,1191000.0,1108000.0,1090896.62,1
2025,HEP,charge,318,Réévaluations sur créances,0.0,2000.0,5900.0,1
2025,HEP,charge,319,Autres charges d'exploitation,134000.0,143000.0,186168.05,1
2025,HEP,charge,351,Attributions aux financements spéciaux et fonds enregistrées sous capital propre,230000.0,250000.0,244561.95,1
2025,HEP,charge,361,Dédommagements à des collectivités publiques,100000.0,115000.0,118010.6,1
2025,HEP,charge,363,Subventions à des collectivités et à des tiers,508000.0,512000.0,508942.12,1
2025,HEP,revenu,423,Frais d’écolage et taxes de cours,2045000.0,2025000.0,1971083.56,1
2025,HEP,revenu,425,Recettes sur ventes,130000.0,130000.0,88578.05,1
2025,HEP,revenu,426,Remboursements,222000.0,222000.0,217422.07,1
2025,HEP,revenu,427,Amendes,0.0,4000.0,0.0,1
2025,HEP,revenu,430,Revenus d'exploitation divers,534000.0,564000.0,384889.79,1
2025,HEP,revenu,461,Dédommagements des collectivités locales,81597300.0,76529300.0,75791044.15,1
2025,HEP,revenu,463,Subventions des collectivités publiques et de tiers,2679000.0,2056000.0,2093303.21,1
2025,HESAV,charge,301,Salaires du personnel administratif et d'exploitation,7371000.0,6955000.0,6473528.2,1
2025,HESAV,charge,302,Salaires des enseignants,25187500.0,24086000.0,22784138.63,1
2025,HESAV,charge,303,Travailleurs temporaires,67500.0,49000.0,154726.85,1
2025,HESAV,charge,305,Cotisations patronales .,6027000.0,5700000.0,5325126.38,1
2025,HESAV,charge,309,Autres charges de personnel,382000.0,298000.0,355257.43,1
2025,HESAV,charge,310,Charges de matières et de marchandises,524300.0,461000.0,482545.35,1
2025,HESAV,charge,311,Immobilisations ne pouvant être portées à l'actif,351000.0,433000.0,386610.6,1
2025,HESAV,charge,312,"Alimentation et élimination, biens-fonds, PA",484300.0,473000.0,438365.4,1
2025,HESAV,charge,313,Prestations de service et honoraires,2209200.0,1472000.0,1828339.38,1
2025,HESAV,charge,314,Gros entretien et entretien courant,70000.0,71000.0,51781.47,1
2025,HESAV,charge,315,"Entretien de biens, meubles et immobilisations incorporelles",437900.0,478000.0,367582.71,1
2025,HESAV,charge,316,"Loyers, leasing, baux à ferme, frais d'utilisation",581600.0,581000.0,594318.65,1
2025,HESAV,charge,317,Dédommagements,384300.0,272000.0,439609.25,1
2025,HESAV,charge,318,Réévaluations sur créances,0.0,0.0,10047.72,1
2025,HESAV,charge,363,Subventions à des collectivités et à des tiers,150900.0,147000.0,159841.8,1
2025,HESAV,revenu,423,Frais d’écolage et taxes de cours,2139200.0,1822000.0,1929967.36,1
2025,HESAV,revenu,425,Recettes sur ventes,49000.0,33000.0,50247.0,1
2025,HESAV,revenu,426,Remboursements,0.0,25000.0,25000.0,1
2025,HESAV,revenu,430,Revenus d'exploitation divers,967000.0,1018000.0,913569.89,1
2025,HESAV,revenu,439,Autres revenus,0.0,0.0,22331.9,1
2025,HESAV,revenu,461,Dédommagements des collectivités locales,18532200.0,16931000.0,15527618.44,1
2025,HESAV,revenu,463,Subventions des collectivités publiques et de tiers,21908800.0,21088000.0,21030296.14,1
2025,UNIL,charge,,Personnel ´Enseignant´ - Salaire brut,122096474.0,119696987.0,109760627.13,1
2025,UNIL,charge,,Personnel ´Enseignant´ - Charges sociales,27045655.0,26443823.0,23600556.41,1
2025,UNIL,charge,,Personnel ´Assistant´ - Salaire brut,62381354.0,61683676.0,61645961.39,1
2025,UNIL,charge,,Personnel ´Assistant´ - Charges sociales,9210159.0,9094045.0,9330105.07,1
2025,UNIL,charge,,Personnel ´Administratif et technique´ - Salaire brut,108074268.0,103568748.0,101903811.26,1
2025,UNIL,charge,,Personnel ´Administratif et technique´ - Charges sociales,23098400.0,22098619.0,21532828.98,1
2025,UNIL,charge,,Personnel ´Auxilaire / Occasionnel´,3283154.0,3246697.0,5091958.04,1
2025,UNIL,charge,,Remboursements indemnités du personnel,-1270000.0,-1270000.0,-1065511.58,1
2025,UNIL,charge,,Autres charges de personnel,4986134.0,5176958.0,5040466.98,1
2025,UNIL,charge,,Fournitures générales de bureau,878725.0,944890.0,554895.26,1
2025,UNIL,charge,,Nettoyage et entretien,4655850.0,4370850.0,4490419.32,1
2025,UNIL,charge,,"Imprimés, publications",1169761.0,1356428.0,995162.25,1
2025,UNIL,charge,,"Livres, périodiques, reliures, droits d´auteur",1140307.0,1034799.0,1158726.28,1
2025,UNIL,charge,,Fournitures de laboratoire,5888612.0,7093101.0,5448279.62,1
2025,UNIL,charge,,"Acquisition de mobilier, machines, matériel, audio-visulel, véhicules",2296530.0,2451272.0,2659609.76,1
2025,UNIL,charge,,Acquisition d´équipements scientifiques,3555757.0,8131400.0,8441406.56,1
2025,UNIL,charge,,Acquisition de matériel informatique et de logiciels,4887031.0,5102600.0,5037717.2,1
2025,UNIL,charge,,"Electricité, énergie, eau",12948848.0,14719600.0,14561689.17,1
2025,UNIL,charge,,Téléphones et frais de communications,341300.0,433700.0,305932.25,1
2025,UNIL,charge,,"Affranchissement, port et acquis de douane",556989.0,570450.0,649069.41,1
2025,UNIL,charge,,Frais d´organisation de congrès,2236089.0,2033892.0,1963507.24,1
2025,UNIL,charge,,Frais de surveillance,865000.0,865000.0,1378903.55,1
2025,UNIL,charge,,Déménagements et transports,443000.0,440700.0,0.0,1
2025,UNIL,charge,,Cotisations à institutions privées,1244022.0,1284680.0,1454040.47,1
2025,UNIL,charge,,"Consultations, mandats et expertises",4036740.0,3990103.0,7707717.99,1
2025,UNIL,charge,,Assurances,71843.0,73543.0,0.0,1
2025,UNIL,charge,,Experts et jurés,274700.0,267300.0,317244.17,1
2025,UNIL,charge,,"Prix, concours, récompenses",123700.0,123500.0,115986.96,1
2025,UNIL,charge,,Entretien technique des bâtiments,8552680.0,8719700.0,11453709.3,1
2025,UNIL,charge,,"Entretien mobilier, machines, véhicules",1821237.0,1837023.0,1835280.45,1
2025,UNIL,charge,,"Entretien matériel informatique, logiciels",4217600.0,3866900.0,3870778.08,1
2025,UNIL,charge,,Loyers,6300800.0,6282700.0,5946751.02,1
2025,UNIL,charge,,Location matériel et mobilier,1204501.0,1271901.0,941766.5,1
2025,UNIL,charge,,"Déplacement, repas, hôtel pour le personnel",1373042.0,1301510.0,1373849.49,1
2025,UNIL,charge,,Camps et voyages d´étude,760700.0,810808.0,731638.98,1
2025,UNIL,charge,,Déplacements,891369.0,879812.0,1039358.97,1
2025,UNIL,charge,,Pertes sur créances,0.0,0.0,0.0,1
2025,UNIL,charge,,Frais divers,48800.0,54300.0,748762.81,1
2025,UNIL,charge,,"Attribution à fonds, capital, provision",1829640.0,4886700.0,3838587.0,1
2025,UNIL,charge,,"Subventions, subsides ´Enseignement´",147764899.0,144522815.0,140620825.3,1
2025,UNIL,charge,,"Subventions, subsides culture, loisirs, sports",561500.0,611500.0,1228086.17,1
2025,UNIL,charge,,"Aides, subsides accordés",563350.0,606850.0,655233.6,1
2025,UNIL,charge,,"Bourses, prêts",92000.0,39000.0,1096305.09,1
2025,UNIL,charge,,Imputations internes diverses (charges),2424209.0,1243588.0,7794722.88,1
2025,UNIL,revenu,,"Inscriptions, taxes et émoluments",13056000.0,13005746.0,12769930.6,1
2025,UNIL,revenu,,Travaux et ventes diverses,390000.0,480000.0,348989.77,1
2025,UNIL,revenu,,Remboursements divers,892200.0,662200.0,1511862.46,1
2025,UNIL,revenu,,Prestations de service diverses,6425000.0,7408000.0,7981790.97,1
2025,UNIL,revenu,,Autres revenus,400000.0,400000.0,806813.83,1
2025,UNIL,revenu,,"Subsides, mandats",902191.0,885133.0,996338.02,1
2025,UNIL,revenu,,"Dissolution de fonds, capital, provision",0.0,3000000.0,0.0,1
2025,UNIL,revenu,,Subvention ´Etat de Vaud´,368849400.0,357841100.0,352990900.0,1
2025,UNIL,revenu,,Participation des autres cantons à l´enseignement,70106100.0,72541045.0,70954476.05,1
2025,UNIL,revenu,,Subvention fédérale LEHE,102900000.0,103100000.0,102280864.0,1
2025,UNIL,revenu,,Subvention fédérale pour investissements et loyers,300000.0,300000.0,390788.0,1
2025,UNIL,revenu,,Overheads FNS,10000000.0,9600000.0,10219004.0,1
2025,UNIL,revenu,,Imputations internes diverses (revenus),2758000.0,2710254.0,6698880.01,1
2026,CHUV,charge,3010,Salaires du personnel administratif et d'exploitation,1209920800.0,1194463900.0,1135747166.0,1
2026,CHUV,charge,3030,Travailleurs temporaires,0.0,0.0,46378600.0,1
2026,CHUV,charge,3040,Allocations pour enfants et allocations de formation,33350400.0,31536400.0,31743987.0,1
2026,CHUV,charge,3049,Autres Indemnités,19559600.0,19840900.0,18617480.0,1
2026,CHUV,charge,3050,"Cotisations patronales AVS, APG, AC, frais administratifs",82041700.0,80937800.0,78089866.0,1
2026,CHUV,charge,3052,Cotisations patronales aux caisses de pensions,131389300.0,128634900.0,125060471.0,1
2026,CHUV,charge,3053,Cotisations patronales aux assurances-accidents,1528700.0,1506700.0,1455040.0,1
2026,CHUV,charge,3056,Cotisations patronales aux primes de caisses maladie,226700.0,229900.0,215772.0,1
2026,CHUV,charge,3090,Formation et perfectionnement du personnel,2509000.0,2344100.0,5283697.0,1
2026,CHUV,charge,3091,Recrutement du personnel,253600.0,253600.0,190462.0,1
2026,CHUV,charge,3099,Autres charges de personnel,10210600.0,10511500.0,4918678.0,1
2026,CHUV,charge,3100,Matériel de bureau,1930000.0,2982700.0,2422771.0,1
2026,CHUV,charge,3101,"Matériel d'exploitation, fournitures",15109800.0,14379000.0,14473523.0,1
2026,CHUV,charge,3102,"Imprimés, publications",2553400.0,2389400.0,3238268.0,1
2026,CHUV,charge,3103,"Littérature spécialisée, magazines",929100.0,1332500.0,1166321.0,1
2026,CHUV,charge,3105,Denrées alimentaires,17442700.0,16543800.0,17013097.0,1
2026,CHUV,charge,3106,Matériel médical et de laboratoire,334320600.0,348544000.0,324468563.0,1
2026,CHUV,charge,3109,Autres charges de matériel et de marchandises,161900.0,1158400.0,374484.0,1
2026,CHUV,charge,3110,Meubles et appareils de bureau,10415800.0,9323700.0,2325055.0,1
2026,CHUV,charge,3111,"Machines, appareils et véhicules",26900.0,6700.0,15818.0,1
2026,CHUV,charge,3112,"Vêtements, linge, rideaux",2541600.0,2464200.0,1948362.0,1
2026,CHUV,charge,3113,Matériel informatique,3113400.0,8533300.0,1076611.0,1
2026,CHUV,charge,3116,Appareils médicaux et de laboratoire,13012300.0,9545100.0,3634987.0,1
2026,CHUV,charge,3120,"Alimentation et élimination, biens-fonds, PA",34662800.0,33066100.0,35847007.0,1
2026,CHUV,charge,3130,Prestations de services de tiers,19324500.0,18907400.0,24789643.0,1
2026,CHUV,charge,3132,"Honoraires Conseillers externes, experts, spécialistes, etc.",11472400.0,11404000.0,18763749.0,1
2026,CHUV,charge,3134,Primes d'assurances choses,2472400.0,1270500.0,3953088.0,1
2026,CHUV,charge,3137,Impôts et taxes,514500.0,1845200.0,805226.0,1
2026,CHUV,charge,3144,"Entretien des bâtiments, immeubles",26817100.0,24807100.0,28081172.0,1
2026,CHUV,charge,3150,Entretien de meubles et appareils de bureau,600200.0,531100.0,775150.0,1
2026,CHUV,charge,3151,"Entretien de machines, appareils, véhicules",40792800.0,37549800.0,37599611.0,1
2026,CHUV,charge,3153,Entretien informatique (matériel),87500.0,127400.0,102918.0,1
2026,CHUV,charge,3160,Loyer et bail à ferme des biens-fonds,24167100.0,24663500.0,21853711.0,1
2026,CHUV,charge,3161,"Loyers, frais d'utilisation des immobilisations",2279800.0,1986400.0,3427451.0,1
2026,CHUV,charge,3170,Frais de déplacement et autres frais,3675700.0,3403200.0,8157010.0,1
2026,CHUV,charge,3180,Réévaluations sur créances,0.0,0.0,750000.0,1
2026,CHUV,charge,3181,Pertes sur créance effectives,4595600.0,3301800.0,4804256.0,1
2026,CHUV,charge,3199,Autres charges d'exploitation,1470500.0,1772000.0,20026995.0,1
2026,CHUV,charge,3300,"Amortissements planifiés, immobilisations corporelles",52363800.0,45267300.0,40753552.0,1
2026,CHUV,charge,3501,Attributions aux fonds des capitaux de tiers,0.0,0.0,1408653.0,1
2026,CHUV,charge,3511,Attributions aux fonds des capitaux propre,0.0,0.0,9361227.0,1
2026,CHUV,charge,3634,Subvention accordées aux entreprises publiques,39337200.0,38241600.0,15974059.0,1
2026,CHUV,charge,3637,Subventions accordées aux ménages privés,152900.0,158200.0,615490.0,1
2026,CHUV,revenu,4220,Taxes et subventions aux frais de pension,0.0,0.0,0.0,1
2026,CHUV,revenu,4221,Paiement pour prestations particulières,1431270800.0,1397724800.0,1378962510.0,1
2026,CHUV,revenu,4230,Frais d’écolage,2746500.0,2756500.0,7969680.0,1
2026,CHUV,revenu,4260,Remboursements de tiers,4238500.0,5618000.0,995647.0,1
2026,CHUV,revenu,4309,Autres revenus d'exploitation,194522800.0,203644400.0,189574772.0,1
2026,CHUV,revenu,4390,Autres revenus,2373200.0,3145600.0,5701857.0,1
2026,CHUV,revenu,4501,Prélèvements provenant de fonds des capitaux de tiers,0.0,0.0,14803533.0,1
2026,CHUV,revenu,4511,Prélèvements provenant de fonds des capitaux propres,0.0,0.0,5462029.0,1
2026,CHUV,revenu,4631,Subventions des cantons et des concordats,507304100.0,503041400.0,495092827.0,1
2026,ECAL,charge,301,Salaires du personnel administratif et d'exploitation,3541800.0,3613600.0,3302088.85,1
2026,ECAL,charge,302,Salaires des enseignants,9333000.0,8847000.0,8797276.7,1
2026,ECAL,charge,303,Travailleurs temporaires,35000.0,35000.0,73646.25,1
2026,ECAL,charge,305,Cotisations patronales .,2489700.0,2482900.0,2374800.0,1
2026,ECAL,charge,309,Autres charges de personnel,66000.0,58000.0,62505.57,1
2026,ECAL,charge,310,Charges de matières et de marchandises,298000.0,307000.0,263111.49,1
2026,ECAL,charge,311,Immobilisations ne pouvant être portées à l'actif,1405300.0,1151000.0,1124006.0,1
2026,ECAL,charge,312,"Alimentation et élimination, biens-fonds, PA",284900.0,312000.0,286939.0,1
2026,ECAL,charge,313,Prestations de service et honoraires,2402800.0,2321500.0,2469175.29,1
2026,ECAL,charge,314,Gros entretien et entretien courant,180000.0,225000.0,165323.86,1
2026,ECAL,charge,315,"Entretien de biens, meubles et immobilisations incorporelles",400000.0,449000.0,382307.7,1
2026,ECAL,charge,316,"Loyers, leasing, baux à ferme, frais d'utilisation",2892200.0,2883400.0,2858026.0,1
2026,ECAL,charge,317,Dédommagements,880000.0,870000.0,1005467.66,1
2026,ECAL,charge,363,Subventions à des collectivités et à des tiers,10000.0,10000.0,0.0,1
2026,ECAL,revenu,423,Frais d’écolage et taxes de cours,1925000.0,1695000.0,1660440.83,1
2026,ECAL,revenu,425,Recettes sur ventes,616700.0,565500.0,641676.86,1
2026,ECAL,revenu,426,Remboursements,200000.0,215000.0,132130.44,1
2026,ECAL,revenu,430,Revenus d'exploitation divers,855300.0,835300.0,607777.46,1
2026,ECAL,revenu,439,Autres revenus,100.0,100.0,0.0,1
2026,ECAL,revenu,461,Dédommagements des collectivités locales,3874300.0,3825800.0,3821333.33,1
2026,ECAL,revenu,463,Subventions de collectivités publiques et de tiers,16745800.0,16428700.0,16574259.57,1
2026,HEIG-VD,charge,301,Salaires du personnel administratif et d'exploitation,14256200.0,13717500.0,13921883.07,1
2026,HEIG-VD,charge,302,Salaires des enseignants,44619100.0,45086200.0,44405270.87,1
2026,HEIG-VD,charge,303,Travailleurs temporaires,1025100.0,1003600.0,1314403.15,1
2026,HEIG-VD,charge,304,Allocations,5200.0,5000.0,7167.5,1
2026,HEIG-VD,charge,305,Cotisations patronales .,12469000.0,12405600.0,12213186.68,1
2026,HEIG-VD,charge,309,Autres charges de personnel,533800.0,476000.0,484852.44,1
2026,HEIG-VD,charge,310,Charges de matières et de marchandises,1823900.0,1773900.0,1849145.8,1
2026,HEIG-VD,charge,311,Immobilisations ne pouvant être portées à l'actif,3964000.0,3883000.0,3777145.11,1
2026,HEIG-VD,charge,312,"Alimentation et élimination, biens-fonds, PA",1052000.0,1067800.0,1034874.81,1
2026,HEIG-VD,charge,313,Prestations de service et honoraires,5525300.0,5609500.0,5609780.37,1
2026,HEIG-VD,charge,314,Gros entretien et entretien courant,261000.0,150000.0,374328.25,1
2026,HEIG-VD,charge,315,"Entretien de biens, meubles et immobilisations incorporelles",523200.0,463200.0,468973.45,1
2026,HEIG-VD,charge,316,"Loyers, leasing, baux à ferme, frais d'utilisation",3684600.0,3575000.0,3624059.12,1
2026,HEIG-VD,charge,317,Dédommagements,317000.0,347000.0,336811.24,1
2026,HEIG-VD,charge,318,Réévaluations sur créances,128000.0,128000.0,65279.65,1
2026,HEIG-VD,charge,363,Subventions à des collectivités publiques et à des tiers,20000.0,45000.0,12612.0,1
2026,HEIG-VD,charge,370,Subventions redistribuées,1042000.0,892000.0,1585409.99,1
2026,HEIG-VD,revenu,423,Frais d’écolage et taxes de cours,5122600.0,4570000.0,5010663.76,1
2026,HEIG-VD,revenu,425,Recettes sur ventes,36000.0,30000.0,56242.72,1
2026,HEIG-VD,revenu,426,Remboursements,273000.0,335400.0,547555.65,1
2026,HEIG-VD,revenu,429,Autres taxes,273000.0,292100.0,264050.83,1
2026,HEIG-VD,revenu,430,Revenus d'exploitation divers,7736600.0,7087000.0,8100401.07,1
2026,HEIG-VD,revenu,461,Dédommagements des collectivités locales,17956600.0,18634600.0,16972356.72,1
2026,HEIG-VD,revenu,463,Subventions de collectivités publiques et de tiers,58567300.0,58679500.0,60796537.79,1
2026,HEIG-VD,revenu,470,Subventions à redistribuer,1042000.0,892000.0,1585409.99,1
2026,HEP,charge,301,Salaires du personnel administratif et d'exploitation,12557000.0,11804000.0,11978983.14,0
2026,HEP,charge,302,Salaires des enseignants,48966000.0,46442000.0,45378540.78,0
2026,HEP,charge,303,Travailleurs temporaires,1481000.0,1542000.0,1400590.44,0
2026,HEP,charge,304,Allocations,14000.0,17000.0,20786.29,0
2026,HEP,charge,305,Cotisations patronales .,13052300.0,12563300.0,12231838.62,0
2026,HEP,charge,309,Autres charges de personnel,352000.0,504000.0,334893.53,0
2026,HEP,charge,310,Charges de matières et de marchandises,770000.0,926000.0,707659.47,0
2026,HEP,charge,311,Immobilisations ne pouvant être portées à l'actif,1574000.0,1701000.0,1848284.2,0
2026,HEP,charge,312,"Alimentation et élimination, biens-fonds, PA",654000.0,623000.0,593255.7,0
2026,HEP,charge,313,Prestations de service et honoraires,5851000.0,6999000.0,7107546.03,0
2026,HEP,charge,314,Gros entretien et entretien courant,67000.0,147000.0,126415.45,0
2026,HEP,charge,315,"Entretien de biens, meubles et immobilisations incorporelles",270000.0,245000.0,315063.17,0
2026,HEP,charge,316,"Loyers, leasing, baux à ferme, taxes d'utilisation",1674000.0,1724000.0,1633256.62,0
2026,HEP,charge,317,Dédommagements,951000.0,1191000.0,915626.97,0
2026,HEP,charge,318,Réévaluations sur créances,0.0,0.0,2834.11,0
2026,HEP,charge,319,Autres charges d'exploitation,133000.0,134000.0,134436.21,0
2026,HEP,charge,351,Attributions aux financements spéciaux et fonds enregistrées sous capital propre,0.0,230000.0,0.0,0
2026,HEP,charge,361,Dédommagements à des collectivités publiques,92000.0,100000.0,85384.52,0
2026,HEP,charge,363,Subventions à des collectivités et à des tiers,902000.0,508000.0,852096.33,0
2026,HEP,revenu,423,Frais d’écolage et taxes de cours,2215000.0,2045000.0,2083576.35,0
2026,HEP,revenu,425,Recettes sur ventes,125000.0,130000.0,107428.17,0
2026,HEP,revenu,426,Remboursements,202000.0,222000.0,215605.78,0
2026,HEP,revenu,427,Amendes,0.0,0.0,0.0,0
2026,HEP,revenu,430,Revenus d'exploitation divers,424000.0,534000.0,468037.67,0
2026,HEP,revenu,451,Prél. sur les financements spéciaux sous capital propre,113000.0,29640.1,0.0,0
2026,HEP,revenu,461,Dédommagements des collectivités locales,83648300.0,81597300.0,78410231.37,0
2026,HEP,revenu,463,Subventions des collectivités publiques et de tiers,2633000.0,2679000.0,2564149.51,0
2026,HESAV,charge,301,Salaires du personnel administratif et d'exploitation,8167300.0,7371000.0,6761920.35,1
2026,HESAV,charge,302,Salaires des enseignants,28733100.0,25187500.0,24252059.34,1
2026,HESAV,charge,303,Travailleurs temporaires,107600.0,67500.0,140350.52,1
2026,HESAV,charge,305,Cotisations patronales .,6458500.0,6027000.0,5644168.33,1
2026,HESAV,charge,309,Autres charges de personnel,328000.0,382000.0,226087.72,1
2026,HESAV,charge,310,Charges de matières et de marchandises,662100.0,524300.0,618717.11,1
2026,HESAV,charge,311,Immobilisations ne pouvant être portées à l'actif,914100.0,351000.0,388954.01,1
2026,HESAV,charge,312,"Alimentation et élimination, biens-fonds, PA",929400.0,484300.0,516634.4,1
2026,HESAV,charge,313,Prestations de service et honoraires,2851200.0,2209200.0,1881909.99,1
2026,HESAV,charge,314,Gros entretien et entretien courant,106900.0,70000.0,79039.17,1
2026,HESAV,charge,315,"Entretien de biens, meubles et immobilisations incorporelles",818200.0,437900.0,365895.51,1
2026,HESAV,charge,316,"Loyers, leasing, baux à ferme, frais d'utilisation",640100.0,581600.0,593213.1,1
2026,HESAV,charge,317,Dédommagements,397600.0,384300.0,412082.18,1
2026,HESAV,charge,318,Réévaluations sur créances,0.0,0.0,-6488.83,1
2026,HESAV,charge,363,Subventions à des collectivités et à des tiers,644800.0,150900.0,193759.0,1
2026,HESAV,revenu,423,Frais d’écolage et taxes de cours,2729500.0,2139200.0,1910011.84,1
2026,HESAV,revenu,425,Recettes sur ventes,15800.0,49000.0,15773.5,1
2026,HESAV,revenu,426,Remboursements,42300.0,0.0,38319.8,1
2026,HESAV,revenu,430,Revenus d'exploitation divers,1123000.0,967000.0,978180.98,1
2026,HESAV,revenu,439,Autres revenus,5700.0,0.0,5650.05,1
2026,HESAV,revenu,461,Dédommagements des collectivités locales,23335100.0,18532200.0,17404103.38,1
2026,HESAV,revenu,463,Subventions des collectivités publiques et de tiers,23915700.0,21908800.0,21499952.76,1
2026,UNIL,charge,,Personnel ´Enseignant´ - Salaire brut,122282980.0,122096474.0,114118970.16,1
2026,UNIL,charge,,Personnel ´Enseignant´ - Charges sociales,26207363.0,27045655.0,24587515.31,1
2026,UNIL,charge,,Personnel ´Assistant´ - Salaire brut,62734779.0,62381354.0,62037692.08,1
2026,UNIL,charge,,Personnel ´Assistant´ - Charges sociales,9100575.0,9210159.0,9412371.85,1
2026,UNIL,charge,,Personnel ´Administratif et technique´ - Salaire brut,109780547.0,108074268.0,108158175.07,1
2026,UNIL,charge,,Personnel ´Administratif et technique´ - Charges sociales,23293956.0,23098400.0,22924799.8,1
2026,UNIL,charge,,Personnel ´Auxiliaire / Occasionnel´,3478277.0,3283154.0,5037098.12,1
2026,UNIL,charge,,Remboursements indemnités du personnel,-1320000.0,-1270000.0,-1258833.98,1
2026,UNIL,charge,,Autres charges de personnel,4908480.0,4986134.0,5166049.32,1
2026,UNIL,charge,,Fournitures générales de bureau,795650.0,878725.0,539513.65,1
2026,UNIL,charge,,Nettoyage et entretien,4535500.0,4655850.0,4663745.07,1
2026,UNIL,charge,,"Imprimés, publications",672307.0,1169761.0,1010609.21,1
2026,UNIL,charge,,"Livres, périodiques, reliures, droits d´auteur",921986.0,1140307.0,1117288.27,1
2026,UNIL,charge,,Fournitures de laboratoire,5002180.0,5888612.0,6192620.62,1
2026,UNIL,charge,,"Acquisition de mobilier, machines, matériel, audio-visuel, véhicules",2355448.0,2296530.0,2312484.32,1
2026,UNIL,charge,,Acquisition d´équipements scientifiques,3427489.0,3555757.0,4906978.17,1
2026,UNIL,charge,,Acquisition de matériel informatique et de logiciels,5426284.0,4887031.0,5866668.92,1
2026,UNIL,charge,,"Electricité, énergie, eau",12025748.0,12948848.0,14829984.75,1
2026,UNIL,charge,,Téléphones et frais de communications,275110.0,341300.0,324476.32,1
2026,UNIL,charge,,"Affranchissement, port et acquis de douane",560078.0,556989.0,656652.69,1
2026,UNIL,charge,,Frais d´organisation de congrès,1917698.0,2236089.0,2246554.13,1
2026,UNIL,charge,,Frais de surveillance,865000.0,865000.0,1812073.58,1
2026,UNIL,charge,,Déménagements et transports,469300.0,443000.0,0.0,1
2026,UNIL,charge,,Cotisations à institutions privées,1187992.0,1244022.0,1134021.08,1
2026,UNIL,charge,,"Consultations, mandats et expertises",4785792.0,4036740.0,10858609.84,1
2026,UNIL,charge,,Assurances,73343.0,71843.0,0.0,1
2026,UNIL,charge,,Experts et jurés,273740.0,274700.0,342046.62,1
2026,UNIL,charge,,"Prix, concours, récompenses",142900.0,123700.0,115704.13,1
2026,UNIL,charge,,Entretien technique des bâtiments,11519180.0,8552680.0,8360177.4,1
2026,UNIL,charge,,"Entretien mobilier, machines, véhicules",1691869.0,1821237.0,1904896.45,1
2026,UNIL,charge,,"Entretien matériel informatique, logiciels",3809800.0,4217600.0,4173281.39,1
2026,UNIL,charge,,Loyers,7490350.0,6300800.0,6214048.56,1
2026,UNIL,charge,,Location matériel et mobilier,1124776.0,1204501.0,919921.77,1
2026,UNIL,charge,,"Déplacement, repas, hôtel pour le personnel",1304790.0,1373042.0,1429226.98,1
2026,UNIL,charge,,Camps et voyages d´étude,747900.0,760700.0,643062.37,1
2026,UNIL,charge,,Déplacements,903176.0,891369.0,1034731.64,1
2026,UNIL,charge,,Pertes sur créances,0.0,0.0,0.0,1
2026,UNIL,charge,,Frais divers,-6957550.0,48800.0,685964.85,1
2026,UNIL,charge,,"Attribution à fonds, capital, provision",3802622.0,1829640.0,1967315.0,1
2026,UNIL,charge,,"Subventions, subsides ´Enseignement´",146356656.0,147764899.0,144993974.94,1
2026,UNIL,charge,,"Subventions, subsides culture, loisirs, sports",597100.0,561500.0,601130.89,1
2026,UNIL,charge,,"Aides, subsides accordés",471350.0,563350.0,859096.15,1
2026,UNIL,charge,,"Bourses, prêts",100500.0,92000.0,1221040.66,1
2026,UNIL,charge,,Imputations internes diverses (charges),3579459.0,2424209.0,7356919.9,1
2026,UNIL,revenu,,"Inscriptions, taxes et émoluments",13056000.0,13056000.0,13018984.38,1
2026,UNIL,revenu,,Travaux et ventes diverses,365000.0,390000.0,360469.79,1
2026,UNIL,revenu,,Remboursements divers,1087200.0,892200.0,460406.81,1
2026,UNIL,revenu,,Prestations de service diverses,7040000.0,6425000.0,7929697.9,1
2026,UNIL,revenu,,Autres revenus,400000.0,400000.0,948480.99,1
2026,UNIL,revenu,,"Subsides, mandats",910141.0,902191.0,1336781.72,1
2026,UNIL,revenu,,"Dissolution de fonds, capital, provision",0.0,0.0,0.0,1
2026,UNIL,revenu,,Subvention ´Etat de Vaud´,354924400.0,368849400.0,364441100.0,1
2026,UNIL,revenu,,Participation des autres cantons à l´enseignement,67106100.0,70106100.0,70770093.4,1
2026,UNIL,revenu,,Subvention fédérale LEHE,101900000.0,102900000.0,100789067.0,1
2026,UNIL,revenu,,Subvention fédérale pour investissements et loyers,300000.0,300000.0,452346.0,1
2026,UNIL,revenu,,Overheads FNS,10000000.0,10000000.0,12173026.52,1
2026,UNIL,revenu,,Imputations internes diverses (revenus),2935000.0,2758000.0,6427506.38,1
2027,CHUV,charge,3010,Salaires du personnel administratif et d'exploitation,1231665500.0,1209920800.0,1169773349.0,1
2027,CHUV,charge,3030,Travailleurs temporaires,0.0,0.0,45134104.0,1
2027,CHUV,charge,3040,Allocations pour enfants et allocations de formation,31051300.0,33350400.0,30857288.0,1
2027,CHUV,charge,3049,Autres Indemnités,18987800.0,19559600.0,18869108.0,1
2027,CHUV,charge,3050,"Cotisations patronales AVS, APG, AC, frais administratifs",79772600.0,82041700.0,79274168.0,1
2027,CHUV,charge,3052,Cotisations patronales aux caisses de pensions,127863500.0,131389300.0,127064510.0,1
2027,CHUV,charge,3053,Cotisations patronales aux assurances-accidents,1319800.0,1528700.0,1311568.0,1
2027,CHUV,charge,3056,Cotisations patronales aux primes de caisses maladie,214800.0,226700.0,213478.0,1
2027,CHUV,charge,3090,Formation et perfectionnement du personnel,2796700.0,2509000.0,4892171.0,1
2027,CHUV,charge,3091,Recrutement du personnel,253600.0,253600.0,35077.0,1
2027,CHUV,charge,3099,Autres charges de personnel,10534900.0,10210600.0,5518537.0,1
2027,CHUV,charge,3100,Matériel de bureau,2510400.0,1930000.0,2329130.0,1
2027,CHUV,charge,3101,"Matériel d'exploitation, fournitures",14157900.0,15109800.0,14734822.0,1
2027,CHUV,charge,3102,"Imprimés, publications",1712400.0,2553400.0,1985900.0,1
2027,CHUV,charge,3103,"Littérature spécialisée, magazines",1367300.0,929100.0,1268591.0,1
2027,CHUV,charge,3105,Denrées alimentaires,19309600.0,17442700.0,17866537.0,1
2027,CHUV,charge,3106,Matériel médical et de laboratoire,314725400.0,334320600.0,322865190.0,1
2027,CHUV,charge,3109,Autres charges de matériel et de marchandises,187100.0,161900.0,361090.0,1
2027,CHUV,charge,3110,Meubles et appareils de bureau,8415500.0,10415800.0,5179585.0,1
2027,CHUV,charge,3111,"Machines, appareils et véhicules",1000.0,26900.0,612.0,1
2027,CHUV,charge,3112,"Vêtements, linge, rideaux",2215300.0,2541600.0,1806399.0,1
2027,CHUV,charge,3113,Matériel informatique,8489700.0,3113400.0,5539858.0,1
2027,CHUV,charge,3116,Appareils médicaux et de laboratoire,5807300.0,13012300.0,4325414.0,1
2027,CHUV,charge,3120,"Alimentation et élimination, biens-fonds, PA",38986900.0,34662800.0,30575337.0,1
2027,CHUV,charge,3130,Prestations de services de tiers,19247900.0,19324500.0,28460091.0,1
2027,CHUV,charge,3132,"Honoraires Conseillers externes, experts, spécialistes, etc.",13543200.0,11472400.0,18617399.0,1
2027,CHUV,charge,3134,Primes d'assurances choses,1996800.0,2472400.0,3934573.0,1
2027,CHUV,charge,3137,Impôts et taxes,658400.0,514500.0,1268538.0,1
2027,CHUV,charge,3144,"Entretien des bâtiments, immeubles",28529000.0,26817100.0,28795746.0,1
2027,CHUV,charge,3150,Entretien de meubles et appareils de bureau,599500.0,600200.0,682514.0,1
2027,CHUV,charge,3151,"Entretien de machines, appareils, véhicules",41161600.0,40792800.0,44527586.0,1
2027,CHUV,charge,3153,Entretien informatique (matériel),61000.0,87500.0,71721.0,1
2027,CHUV,charge,3160,Loyer et bail à ferme des biens-fonds,24457400.0,24167100.0,24073993.0,1
2027,CHUV,charge,3161,"Loyers, frais d'utilisation des immobilisations",2673800.0,2279800.0,4087435.0,1
2027,CHUV,charge,3170,Frais de déplacement et autres frais,3476500.0,3675700.0,7886883.0,1
2027,CHUV,charge,3180,Réévaluations sur créances,0.0,0.0,7670000.0,1
2027,CHUV,charge,3181,Pertes sur créance effectives,4090800.0,4595600.0,4611407.0,1
2027,CHUV,charge,3199,Autres charges d'exploitation,1786700.0,1470500.0,14840580.0,1
2027,CHUV,charge,3300,"Amortissements planifiés, immobilisations corporelles",58854800.0,52363800.0,52258950.0,1
2027,CHUV,charge,3501,Attributions aux fonds des capitaux de tiers,0.0,0.0,198728.0,1
2027,CHUV,charge,3511,Attributions aux fonds des capitaux propre,0.0,0.0,6433733.0,1
2027,CHUV,charge,3634,Subvention accordées aux entreprises publiques,39469900.0,39337200.0,14080348.0,1
2027,CHUV,charge,3637,Subventions accordées aux ménages privés,86800.0,152900.0,561202.0,1
2027,CHUV,revenu,4220,Taxes et subventions aux frais de pension,0.0,0.0,0.0,1
2027,CHUV,revenu,4221,Paiement pour prestations particulières,1465770400.0,1431270800.0,1415406366.0,1
2027,CHUV,revenu,4230,Frais d’écolage,2548200.0,2746500.0,8769349.0,1
2027,CHUV,revenu,4260,Remboursements de tiers,780700.0,4238500.0,673347.0,1
2027,CHUV,revenu,4309,Autres revenus d'exploitation,169135600.0,194522800.0,191277202.0,1
2027,CHUV,revenu,4390,Autres revenus,440400.0,2373200.0,8737450.0,1
2027,CHUV,revenu,4501,Prélèvements provenant de fonds des capitaux de tiers,0.0,0.0,7815483.0,1
2027,CHUV,revenu,4511,Prélèvements provenant de fonds des capitaux propres,0.0,0.0,4427176.0,1
2027,CHUV,revenu,4631,Subventions des cantons et des concordats,512583700.0,507304100.0,515166952.0,1
2027,ECAL,charge,301,Salaires du personnel administratif et d'exploitation,3600719.0,3541800.0,3563495.6,1
2027,ECAL,charge,302,Salaires des enseignants,9281406.0,9333000.0,9279722.7,1
2027,ECAL,charge,303,Travailleurs temporaires,35000.0,35000.0,65832.87,1
2027,ECAL,charge,305,Cotisations patronales .,2486193.0,2489700.0,2489813.34,1
2027,ECAL,charge,309,Autres charges de personnel,66000.0,66000.0,77313.67,1
2027,ECAL,charge,310,Charges de matières et de marchandises,298000.0,298000.0,248130.18,1
2027,ECAL,charge,311,Immobilisations ne pouvant être portées à l'actif,1210000.0,1405300.0,1126926.12,1
2027,ECAL,charge,312,"Alimentation et élimination, biens-fonds, PA",244200.0,284900.0,248897.85,1
2027,ECAL,charge,313,Prestations de service et honoraires,2543435.0,2402800.0,2416784.99,1
2027,ECAL,charge,314,Gros entretien et entretien courant,330000.0,180000.0,220085.92,1
2027,ECAL,charge,315,"Entretien de biens, meubles et immobilisations incorporelles",400000.0,400000.0,395587.13,1
2027,ECAL,charge,316,"Loyers, leasing, baux à ferme, frais d'utilisation",2967200.0,2892200.0,2949730.0,1
2027,ECAL,charge,317,Dédommagements,840000.0,880000.0,924118.3,1
2027,ECAL,charge,363,Subventions à des collectivités et à des tiers,10000.0,10000.0,0.0,1
2027,ECAL,revenu,423,Frais d’écolage et taxes de cours,1925000.0,1925000.0,1749868.14,1
2027,ECAL,revenu,425,Recettes sur ventes,616700.0,616700.0,598351.1,1
2027,ECAL,revenu,426,Remboursements,200000.0,200000.0,168966.16,1
2027,ECAL,revenu,430,Revenus d'exploitation divers,753300.0,855300.0,749306.97,1
2027,ECAL,revenu,439,Autres revenus,100.0,100.0,0.0,1
2027,ECAL,revenu,461,Dédommagements des collectivités locales,3940300.0,3874300.0,3939816.67,1
2027,ECAL,revenu,463,Subventions de collectivités publiques et de tiers,16725253.0,16745800.0,16827701.28,1
2027,HEIG-VD,charge,301,Salaires du personnel administratif et d'exploitation,14914700.0,14256200.0,13919706.48,1
2027,HEIG-VD,charge,302,Salaires des enseignants,44653100.0,44619100.0,45119480.81,1
2027,HEIG-VD,charge,303,Travailleurs temporaires,942200.0,1025100.0,1111333.16,1
2027,HEIG-VD,charge,304,Allocations,5900.0,5200.0,6049.5,1
2027,HEIG-VD,charge,305,Cotisations patronales .,12603500.0,12469000.0,12251628.21,1
2027,HEIG-VD,charge,309,Autres charges de personnel,555000.0,533800.0,395304.44,1
2027,HEIG-VD,charge,310,Charges de matières et de marchandises,1785000.0,1823900.0,1817667.89,1
2027,HEIG-VD,charge,311,Immobilisations ne pouvant être portées à l'actif,4552500.0,3964000.0,4745868.61,1
2027,HEIG-VD,charge,312,"Alimentation et élimination, biens-fonds, PA",970000.0,1052000.0,880038.67,1
2027,HEIG-VD,charge,313,Prestations de service et honoraires,5227500.0,5525300.0,4934186.37,1
2027,HEIG-VD,charge,314,Gros entretien et entretien courant,770000.0,261000.0,278833.5,1
2027,HEIG-VD,charge,315,"Entretien de biens, meubles et immobilisations incorporelles",533200.0,523200.0,503244.27,1
2027,HEIG-VD,charge,316,"Loyers, leasing, baux à ferme, frais d'utilisation",3695000.0,3684600.0,3662200.14,1
2027,HEIG-VD,charge,317,Dédommagements,347000.0,317000.0,322336.62,1
2027,HEIG-VD,charge,318,Réévaluations sur créances,98000.0,128000.0,1393.74,1
2027,HEIG-VD,charge,363,Subventions à des collectivités publiques et à des tiers,40000.0,20000.0,34365.0,1
2027,HEIG-VD,charge,370,Subventions redistribuées,1865000.0,1042000.0,1889533.25,1
2027,HEIG-VD,revenu,423,Frais d’écolage et taxes de cours,5129600.0,5122600.0,4504087.65,1
2027,HEIG-VD,revenu,425,Recettes sur ventes,30100.0,36000.0,30186.19,1
2027,HEIG-VD,revenu,426,Remboursements,342100.0,273000.0,417224.48,1
2027,HEIG-VD,revenu,429,Autres taxes,257000.0,273000.0,256110.0,1
2027,HEIG-VD,revenu,430,Revenus d'exploitation divers,7420000.0,7736600.0,8539304.09,1
2027,HEIG-VD,revenu,461,Dédommagements des collectivités locales,18841600.0,17956600.0,19322658.82,1
2027,HEIG-VD,revenu,463,Subventions de collectivités publiques et de tiers,59421700.0,58567300.0,59111627.78,1
2027,HEIG-VD,revenu,470,Subventions à redistribuer,1865000.0,1042000.0,1889533.25,1
2027,HEP,charge,301,Salaires du personnel administratif et d'exploitation,12230000.0,12557000.0,12292202.26,1
2027,HEP,charge,302,Salaires des enseignants,49840000.0,48966000.0,48365525.79,1
2027,HEP,charge,303,Travailleurs temporaires,1580000.0,1481000.0,1599585.7,1
2027,HEP,charge,304,Allocations,20000.0,14000.0,6896.0,1
2027,HEP,charge,305,Cotisations patronales .,13203300.0,13052300.0,12766677.55,1
2027,HEP,charge,309,Autres charges de personnel,454000.0,352000.0,281665.55,1
2027,HEP,charge,310,Charges de matières et de marchandises,814000.0,770000.0,712155.79,1
2027,HEP,charge,311,Immobilisations ne pouvant être portées à l'actif,2677000.0,1574000.0,1272252.51,1
2027,HEP,charge,312,"Alimentation et élimination, biens-fonds, PA",664000.0,654000.0,590490.55,1
2027,HEP,charge,313,Prestations de service et honoraires,6090000.0,5851000.0,5340413.73,1
2027,HEP,charge,314,Gros entretien et entretien courant,658000.0,67000.0,88602.57,1
2027,HEP,charge,315,"Entretien de biens, meubles et immobilisations incorporelles",359000.0,270000.0,302239.26,1
2027,HEP,charge,316,"Loyers, leasing, baux à ferme, taxes d'utilisation",1923000.0,1674000.0,1652836.44,1
2027,HEP,charge,317,Dédommagements,1062000.0,951000.0,972061.79,1
2027,HEP,charge,318,Réévaluations sur créances,0.0,0.0,1552.45,1
2027,HEP,charge,319,Autres charges d'exploitation,134000.0,133000.0,131548.0,1
2027,HEP,charge,351,Attributions aux financements spéciaux et fonds enregistrées sous capital propre,0.0,0.0,11299.67,1
2027,HEP,charge,361,Dédommagements à des collectivités publiques,80000.0,92000.0,93309.5,1
2027,HEP,charge,363,Subventions à des collectivités et à des tiers,910000.0,902000.0,779218.44,1
2027,HEP,revenu,423,Frais d’écolage et taxes de cours,2330000.0,2215000.0,2206704.54,1
2027,HEP,revenu,425,Recettes sur ventes,114000.0,125000.0,110797.08,1
2027,HEP,revenu,426,Remboursements,181000.0,202000.0,175391.83,1
2027,HEP,revenu,430,Revenus d'exploitation divers,395000.0,424000.0,403911.66,1
2027,HEP,revenu,451,Prél. sur les financements spéciaux sous capital propre,64000.0,113000.0,0.0,1
2027,HEP,revenu,461,Dédommagements des collectivités locales,86485300.0,83648300.0,81814621.96,1
2027,HEP,revenu,463,Subventions des collectivités publiques et de tiers,2445000.0,2633000.0,2806264.79,1
2027,HESAV,charge,301,Salaires du personnel administratif et d'exploitation,9347700.0,8167300.0,7384215.35,1
2027,HESAV,charge,302,Salaires des enseignants,36447900.0,28733100.0,27397600.23,1
2027,HESAV,charge,303,Travailleurs temporaires,123500.0,107600.0,123501.23,1
2027,HESAV,charge,305,Cotisations patronales .,7393200.0,6458500.0,5980049.9,1
2027,HESAV,charge,309,Autres charges de personnel,376000.0,328000.0,219614.63,1
2027,HESAV,charge,310,Charges de matières et de marchandises,1112800.0,662100.0,612316.3,1
2027,HESAV,charge,311,Immobilisations ne pouvant être portées à l'actif,623100.0,914100.0,233782.85,1
2027,HESAV,charge,312,"Alimentation et élimination, biens-fonds, PA",774400.0,929400.0,488695.8,1
2027,HESAV,charge,313,Prestations de service et honoraires,3443400.0,2851200.0,2054937.63,1
2027,HESAV,charge,314,Gros entretien et entretien courant,39700.0,106900.0,44318.84,1
2027,HESAV,charge,315,"Entretien de biens, meubles et immobilisations incorporelles",659500.0,818200.0,382722.93,1
2027,HESAV,charge,316,"Loyers, leasing, baux à ferme, frais d'utilisation",242800.0,640100.0,621965.35,1
2027,HESAV,charge,317,Dédommagements,488100.0,397600.0,383182.72,1
2027,HESAV,charge,318,Réévaluations sur créances,0.0,0.0,20340.74,1
2027,HESAV,charge,363,Subventions à des collectivités et à des tiers,461500.0,644800.0,198136.0,1
2027,HESAV,revenu,423,Frais d’écolage et taxes de cours,2908400.0,2729500.0,2103788.66,1
2027,HESAV,revenu,425,Recettes sur ventes,16900.0,15800.0,18058.6,1
2027,HESAV,revenu,426,Remboursements,398400.0,42300.0,66650.2,1
2027,HESAV,revenu,430,Revenus d'exploitation divers,850400.0,1123000.0,997372.82,1
2027,HESAV,revenu,439,Autres revenus,5700.0,5700.0,9754.13,1
2027,HESAV,revenu,461,Dédommagements des collectivités locales,28982000.0,23335100.0,20785572.44,1
2027,HESAV,revenu,463,Subventions des collectivités publiques et de tiers,28031800.0,23915700.0,21812340.03,1
2027,UNIL,charge,,Personnel ´Enseignant´ - Salaire brut,121712303.0,122282980.0,115737773.93,1
2027,UNIL,charge,,Personnel ´Enseignant´ - Charges sociales,25354951.0,26207363.0,24803079.52,1
2027,UNIL,charge,,Personnel ´Assistant´ - Salaire brut,61153912.0,62734779.0,63733458.65,1
2027,UNIL,charge,,Personnel ´Assistant´ - Charges sociales,8930836.0,9100575.0,9532276.35,1
2027,UNIL,charge,,Personnel ´Administratif et technique´ - Salaire brut,111473190.0,109780547.0,111139109.32,1
2027,UNIL,charge,,Personnel ´Administratif et technique´ - Charges sociales,23742742.0,23293956.0,23369237.16,1
2027,UNIL,charge,,Personnel ´Auxiliaire / Occasionnel´,3381426.0,3478277.0,4571623.56,1
2027,UNIL,charge,,Remboursements indemnités du personnel,-1320000.0,-1320000.0,-1526341.1,1
2027,UNIL,charge,,Autres charges de personnel,4826899.0,4908480.0,5107795.89,1
2027,UNIL,charge,,Fournitures générales de bureau,759920.0,795650.0,518579.24,1
2027,UNIL,charge,,Nettoyage et entretien,4535500.0,4535500.0,4468687.62,1
2027,UNIL,charge,,"Imprimés, publications",625392.0,672307.0,1110191.98,1
2027,UNIL,charge,,"Livres, périodiques, reliures, droits d´auteur",1307870.0,921986.0,1235490.25,1
2027,UNIL,charge,,Fournitures de laboratoire,4857071.0,5002180.0,5559811.69,1
2027,UNIL,charge,,"Acquisition de mobilier, machines, matériel, audio-visuel, véhicules",2267858.0,2355448.0,1841257.7,1
2027,UNIL,charge,,Acquisition d´équipements scientifiques,3428763.0,3427489.0,3306557.0,1
2027,UNIL,charge,,Acquisition de matériel informatique et de logiciels,4446109.0,5426284.0,4770102.74,1
2027,UNIL,charge,,"Electricité, énergie, eau",11283748.0,12025748.0,12083573.66,1
2027,UNIL,charge,,Téléphones et frais de communications,185100.0,275110.0,282717.43,1
2027,UNIL,charge,,"Affranchissement, port et acquis de douane",546178.0,560078.0,537861.31,1
2027,UNIL,charge,,Frais d´organisation de congrès,1977771.0,1917698.0,2199224.81,1
2027,UNIL,charge,,Frais de surveillance,850671.0,865000.0,1370203.44,1
2027,UNIL,charge,,Déménagements et transports,473600.0,469300.0,0.0,1
2027,UNIL,charge,,Cotisations à institutions privées,1215072.0,1187992.0,1411342.66,1
2027,UNIL,charge,,"Consultations, mandats et expertises",4651490.0,4785792.0,8296665.84,1
2027,UNIL,charge,,Assurances,286190.0,73343.0,0.0,1
2027,UNIL,charge,,Experts et jurés,268300.0,273740.0,415944.64,1
2027,UNIL,charge,,"Prix, concours, récompenses",147400.0,142900.0,118033.38,1
2027,UNIL,charge,,Entretien technique des bâtiments,14924180.0,11519180.0,8563504.44,1
2027,UNIL,charge,,"Entretien mobilier, machines, véhicules",1680151.0,1691869.0,1888708.14,1
2027,UNIL,charge,,"Entretien matériel informatique, logiciels",5924234.0,3809800.0,4105023.67,1
2027,UNIL,charge,,Loyers,6974700.0,7490350.0,6134894.43,1
2027,UNIL,charge,,Location matériel et mobilier,1062109.0,1124776.0,835771.67,1
2027,UNIL,charge,,"Déplacement, repas, hôtel pour le personnel",1323961.0,1304790.0,1417985.79,1
2027,UNIL,charge,,Camps et voyages d´étude,767921.0,747900.0,693430.5,1
2027,UNIL,charge,,Déplacements,789694.0,903176.0,1102314.94,1
2027,UNIL,charge,,Pertes sur créances,0.0,0.0,0.0,1
2027,UNIL,charge,,Frais divers,-907281.0,-6957550.0,697661.6,1
2027,UNIL,charge,,"Attribution à fonds, capital, provision",4784222.0,3802622.0,1810255.0,1
2027,UNIL,charge,,"Subventions, subsides ´Enseignement´",193848410.0,146356656.0,149906253.07,1
2027,UNIL,charge,,"Subventions, subsides culture, loisirs, sports",193000.0,597100.0,415702.44,1
2027,UNIL,charge,,"Aides, subsides accordés",447350.0,471350.0,853151.3,1
2027,UNIL,charge,,"Bourses, prêts",83000.0,100500.0,1227278.18,1
2027,UNIL,charge,,Imputations internes diverses (charges),3726378.0,3579459.0,4482377.29,1
2027,UNIL,revenu,,"Inscriptions, taxes et émoluments",13025700.0,13056000.0,13175533.89,1
2027,UNIL,revenu,,Travaux et ventes diverses,445000.0,365000.0,310700.38,1
2027,UNIL,revenu,,Remboursements divers,1087200.0,1087200.0,1192600.83,1
2027,UNIL,revenu,,Prestations de service diverses,7045475.0,7040000.0,7370825.01,1
2027,UNIL,revenu,,Autres revenus,400000.0,400000.0,640696.88,1
2027,UNIL,revenu,,"Subsides, mandats",1014417.0,910141.0,1528491.05,1
2027,UNIL,revenu,,"Dissolution de fonds, capital, provision",0.0,0.0,0.0,1
2027,UNIL,revenu,,Subvention ´Etat de Vaud´,414026700.0,354924400.0,367559400.0,1
2027,UNIL,revenu,,Participation des autres cantons à l´enseignement,72306100.0,67106100.0,69895510.0,1
2027,UNIL,revenu,,Subvention fédérale LEHE,98000000.0,101900000.0,100730093.0,1
2027,UNIL,revenu,,Subvention fédérale pour investissements et loyers,300000.0,300000.0,390124.0,1
2027,UNIL,revenu,,Overheads FNS,10000000.0,10000000.0,12702124.65,1
2027,UNIL,revenu,,Imputations internes diverses (revenus),2887000.0,2935000.0,4105757.47,1
