annee_brochure,service,rubrique,element,montant_annee,montant_annee_precedente,texte
2022,001,3010,Personnel administratif,2398300.0,2384300.0,
2022,001,3010,Préfinancement par la stratégie fiscale 2022 annoncé par le CE le 06.06.2018 et ses mesures d’impulsion en faveur du développement durable,188500.0,182400.0,
2021,001,3010,Personnel administratif,2384300.0,2328900.0,
2021,001,3010,Préfinancement par la stratégie fiscale 2022 annoncé par le CE le 06.06.2018 et ses mesures d’impulsion en faveur du développement durable,182400.0,231200.0,
2020,001,3010,Personnel administratif,3232100.0,3336500.0,
2020,001,3010,Préfinancement par la stratégie fiscale 2022 annoncé par le CE le 06.06.2018 et ses mesures d’impulsion en faveur du développement durable,231200.0,0.0,
2027,001,3130,"SG : frais d'organisation de congrès, de représentation, de port, de cotisations, de transport et de téléphone",50200.0,50000.0,
2027,001,3130,SG : conférence des directrices et directeurs cantonaux des finances (CDF),68000.0,74000.0,
2027,001,3130,"OAE : frais d'organisation de congrès, de représentation, de port et de téléphone",66500.0,67500.0,
2027,001,3130,OAE : cotisation Fondation CH,87000.0,87000.0,
2027,001,3130,OAE : cotisation Conseil du Léman,40000.0,35000.0,
2027,001,3130,OAE : cotisation Conférence des gouvernements cantonaux,325000.0,325000.0,
2027,001,3130,OAE : cotisation Conférence transjurassienne,100000.0,95000.0,
2027,001,3130,OAE : cotisation Centre d'Accueil Genève Internationale,100000.0,100000.0,
2027,001,3130,OAE : cotisation Conférence des gouvernements de Suisse occidentale,39000.0,40000.0,
2027,001,3130,OAE : cotisation Maison des cantons,64000.0,64000.0,
2027,001,3130,OAE : cotisation à l'Institution suisse des droits humains (ISDH),23000.0,23000.0,
2026,001,3130,"SG : frais d'organisation de congrès, de représentation, de port, de cotisations, de transport et de téléphone",50000.0,53500.0,
2026,001,3130,SG : conférence des directrices et directeurs cantonaux des finances (CDF),74000.0,0.0,
2026,001,3130,"OAE : frais d'organisation de congrès, de représentation, de port et de téléphone",67500.0,71000.0,
2026,001,3130,OAE : cotisation Fondation CH,87000.0,87000.0,
2026,001,3130,OAE : cotisation Conseil du Léman,35000.0,40000.0,
2026,001,3130,OAE : cotisation Conférence des gouvernements cantonaux,325000.0,325000.0,
2026,001,3130,OAE : cotisation Conférence transjurassienne,95000.0,105000.0,
2026,001,3130,OAE : cotisation Centre d'Accueil Genève Internationale,100000.0,100000.0,
2026,001,3130,OAE : cotisation Conférence des gouvernements de Suisse occidentale,40000.0,40000.0,
2026,001,3130,OAE : cotisation Maison des cantons,64000.0,64000.0,
2026,001,3130,OAE : cotisation à l'Institution suisse des droits humains (ISDH),23000.0,23000.0,
2025,001,3130,"SG : frais d'organisation de congrès, de représentation, de port, de cotisations, de transport et de téléphone",53500.0,53300.0,
2025,001,3130,"OAE : frais d'organisation de congrès, de représentation, de port et de téléphone",71000.0,76000.0,
2025,001,3130,OAE : cotisation Fondation CH,87000.0,65000.0,
2025,001,3130,OAE : cotisation Conseil du Léman,40000.0,55000.0,
2025,001,3130,OAE : cotisation Conférence des gouvernements cantonaux,325000.0,325000.0,
2025,001,3130,OAE : cotisation Conférence transjurassienne,105000.0,105000.0,
2025,001,3130,OAE : cotisation Centre d'Accueil Genève Internationale,100000.0,100000.0,
2025,001,3130,OAE : cotisation Conférence des gouvernements de Suisse occidentale,40000.0,40000.0,
2025,001,3130,OAE : cotisation Maison des cantons,64000.0,60000.0,
2025,001,3130,OAE : Cotisation à l'Institution suisse des droits humains (ISDH),23000.0,0.0,
2025,001,3130,"OAE : cotisation Comité régional (CRFG) tripartite, projet agglo Franco-Valdo-Genevois",0.0,10000.0,
2024,001,3130,"SG : frais d'organisation de congrès, de représentation, de port, de cotisations, de transport et de téléphone",53300.0,53300.0,
2024,001,3130,"OAE : frais d'organisation de congrès, de représentation, de port et de téléphone",76000.0,80000.0,
2024,001,3130,OAE : cotisation Fondation CH,65000.0,65000.0,
2024,001,3130,OAE : cotisation Conseil du Léman,55000.0,55000.0,
2024,001,3130,OAE : cotisation Conférence des gouvernements cantonaux,325000.0,320000.0,
2024,001,3130,OAE : cotisation Conférence transjurassienne,105000.0,100000.0,
2024,001,3130,OAE : cotisation Centre d'Accueil Genève Internationale,100000.0,100000.0,
2024,001,3130,OAE : cotisation Conférence des gouvernements de Suisse occidentale,40000.0,40000.0,
2024,001,3130,"OAE : cotisation Comité régional (CRFG) tripartite, projet agglo Franco-Valdo-Genevois",10000.0,10000.0,
2024,001,3130,OAE : cotisation Maison des cantons,60000.0,58000.0,
2023,001,3130,"SG : frais d'organisation de congrès, de représentation, de port, de cotisations, de transport et de téléphone",53300.0,51800.0,
2023,001,3130,"BuD : frais d'organisation de congrès, de représentation, de cotisations et de téléphone",34600.0,32700.0,
2023,001,3130,UPCL : frais d'organisation de congrès et de cotisations,2000.0,70000.0,
2023,001,3130,"OAE : frais d'organisation de congrès, de représentation, de port et de téléphone",80000.0,90000.0,
2023,001,3130,OAE : cotisation Fondation CH,65000.0,53000.0,
2023,001,3130,OAE : cotisation Conseil du Léman,55000.0,80000.0,
2023,001,3130,OAE : cotisation Conférence des gouvernements cantonaux,320000.0,329000.0,
2023,001,3130,OAE : cotisation Conférence transjurassienne,100000.0,105000.0,
2023,001,3130,OAE : cotisation Centre d'Accueil Genève Internationale,100000.0,100000.0,
2023,001,3130,OAE : cotisation Conférence des gouvernements de Suisse occidentale,40000.0,40000.0,
2023,001,3130,"OAE : cotisation Comité régional (CRFG) tripartite, projet agglo Franco-Valdo-Genevois",10000.0,10000.0,
2023,001,3130,OAE : cotisation Maison des cantons,58000.0,51000.0,
2027,001,3132,SG : honoraires pour les projets,48200.0,45200.0,
2027,001,3132,SG : frais de gestion des pensions des anciens magistrats par Retraites populaires,7000.0,10000.0,
2027,001,3132,OAE : honoraires pour les projets,42000.0,42000.0,
2026,001,3132,SG : honoraires pour les projets,45200.0,35200.0,
2026,001,3132,SG : frais de gestion des pensions des anciens magistrats par Retraites populaires,10000.0,0.0,
2026,001,3132,OAE : honoraires pour les projets,42000.0,47000.0,
2025,001,3132,Honoraires pour les projets du SG,35200.0,47200.0,
2025,001,3132,Honoraires pour les projets de l'OAE,47000.0,47000.0,
2024,001,3132,Honoraires pour les projets du SG,47200.0,47200.0,
2024,001,3132,Honoraires pour les projets de l'OAE,47000.0,47000.0,
2023,001,3132,Honoraires pour les projets du SG,47200.0,47200.0,
2023,001,3132,Honoraires pour les projets du BuD,106500.0,106500.0,
2023,001,3132,Honoraires pour les projets de l'OAE,47000.0,147000.0,
2023,001,3132,Honoraires pour les projets de l'UPCL,50000.0,30000.0,
2022,001,3132,Honoraires pour les projets des institutions et du territoire,47200.0,47200.0,
2022,001,3132,Honoraires pour les projets du Bureau de la durabilité,106500.0,106500.0,
2021,001,3132,Honoraires pour les projets des institutions et du territoire,47200.0,47200.0,
2021,001,3132,Honoraires pour les projets de le Bureau de la durabilité,106500.0,106500.0,
2020,001,3132,Honoraires pour les projets du territoire et de l'environnement,47200.0,76500.0,
2020,001,3132,Honoraires pour les projets du Bureau de l'égalité entre les femmes et les hommes,281900.0,207500.0,
2020,001,3132,Honoraires pour les projets de l'Unité du développement durable,106500.0,104500.0,
2027,001,3511,s'étalent sur plusieurs années.,300000.0,0.0,
2027,001,3511,,,,OAE : alimentation du fonds 3008 Interreg. Le solde du fonds n'est pas suffisant pour couvrir les engagements et le financement de projets validés et dont les paiements
2025,001,3511,,,,"OAE : alimentation du fonds 3008 Interreg. Le solde du fonds étant suffisant pour couvrir les dépenses annuelles, il ne sera pas alimenté en 2025."
2024,001,3511,,,,"OAE : alimentation du fonds 3008 Interreg. Le solde du fonds étant suffisant pour couvrir les dépenses annuelles, il ne sera pas alimenté en 2024."
2023,001,3511,,,,OAE : part cantonale au financement des projets Interreg
2027,001,3631,,,,"OAE : les comptes 3631 à 3636 comprennent les aides financières aux projets Interreg avec participation vaudoise, totalisant CHF 300'000, financées par le fonds 3008 Interreg."
2026,001,3631,,,,"OAE : les comptes 3631 à 3636 comprennent les aides financières aux projets Interreg avec participation vaudoise, totalisant CHF 300'000, financées par le fonds 3008 Interreg."
2025,001,3631,,,,"OAE : les comptes 3631 à 3636 comprennent les aides financières aux projets Interreg avec participation vaudoise, totalisant CHF 300'000, financées par le fonds 3008 Interreg."
2024,001,3631,,,,"OAE : les comptes 3631 à 3636, totalisant CHF 300'000, comprennent les aides financières aux projets Interreg avec participation vaudoise, financées par le fonds 3008 Interreg."
2023,001,3631,,,,"OAE : aides financières aux projets Interreg avec participation vaudoise, financées par le fonds 3008 Interreg"
2027,001,3636,SG : subvention en faveur de la Fédération vaudoise de coopération (FEDEVACO),50000.0,50000.0,
2027,001,3636,OAE : aides financières aux projets Interreg (voir compte 3631),25000.0,25000.0,
2026,001,3636,SG : subvention en faveur de la Fédération vaudoise de coopération (FEDEVACO),50000.0,50000.0,
2026,001,3636,OAE : aides financières aux projets Interreg (voir compte 3631),25000.0,25000.0,
2025,001,3636,SG : subvention en faveur de la Fédération vaudoise de coopération (FEDEVACO),50000.0,50000.0,
2025,001,3636,OAE : Aides financières aux projets Interreg (voir compte 3631),25000.0,25000.0,
2024,001,3636,SG : subvention en faveur de la Fédération vaudoise de coopération (FEDEVACO),50000.0,0.0,
2024,001,3636,OAE : Aides financières aux projets Interreg (voir compte 3631),25000.0,0.0,
2023,001,3636,,,,BuD : subvention en faveur de la Fédération vaudoise de coopération (FEDEVACO)
2022,001,3636,,,,Subvention en faveur de la Fédération vaudoise de coopération (FEDEVACO)
2021,001,3636,,,,Subvention en faveur de la Fédération vaudoise de coopération (FEDEVACO)
2024,001,4260,"Remboursement de la Conférence des gouvernements de Suisse occidentale, en lien avec le poste à financement externe qui a été supprimé",0.0,181000.0,
2024,001,4260,Remboursements divers,4500.0,5000.0,
2023,001,4260,Prélèvement des coûts de l'UPCL sur l'enveloppe du préfinancement par la stratégie fiscale 2022 annoncé par le CE le 06.06.2018 et ses mesures d’impulsion en faveur du climat,491800.0,485800.0,
2023,001,4260,Prélèvement du salaire et charges sociales de 1.8 ETP du BuD sur l'enveloppe du préfinancement par la stratégie fiscale 2022 annoncé par le CE le 06.06.2018 et ses mesures d’impulsion en faveur du développement durable,210900.0,228700.0,
2023,001,4260,Remboursement de la CGSO,181000.0,0.0,
2023,001,4260,Remboursements divers,5000.0,5000.0,
2022,001,4260,Préfinancement par la stratégie fiscale 2022 annoncé par le CE le 06.06.2018 et ses mesures d’impulsion en faveur du développement durable (salaires et charges sociales),228700.0,220900.0,
2022,001,4260,Remboursements divers,1500.0,2100.0,
2021,001,4260,Préfinancement par la stratégie fiscale 2022 annoncé par le CE le 06.06.2018 et ses mesures d’impulsion en faveur du développement durable,220900.0,279500.0,
2021,001,4260,Remboursements divers,2100.0,2100.0,
2020,001,4260,Préfinancement par la stratégie fiscale 2022 annoncé par le CE le 06.06.2018 et ses mesures d’impulsion en faveur du développement durable,279500.0,0.0,
2020,001,4260,Remboursements divers,11200.0,2400.0,
2027,001,4511,,,,OAE : prélèvement sur le fonds cantonal pour les aides financières aux projets Interreg avec participation vaudoise (fonds 3008)
2026,001,4511,,,,OAE : prélèvement sur le fonds cantonal pour les aides financières aux projets Interreg avec participation vaudoise (fonds 3008)
2025,001,4511,,,,OAE : prélèvement sur le fonds cantonal pour les aides financières aux projets Interreg avec participation vaudoise (fonds 3008)
2024,001,4511,,,,OAE : prélèvement sur le fonds cantonal pour les aides financières aux projets Interreg avec participation vaudoise (fonds 3008)
2023,001,4511,,,,OAE : prélèvement sur le fonds cantonal pour les aides financières aux projets Interreg avec participation vaudoise (fonds 3008)
2023,001,4610,,,,OAE : participation de la Confédération au projet Interreg touristique (cf compte 3132)
2027,002,3030,,,,"Salaires des auxiliaires, des aspirants gendarmes et inspectrices.teurs, ainsi que des interprètes"
2026,002,3030,,,,"Salaires des auxiliaires, des aspirants gendarmes et inspectrices.teurs, ainsi que des interprètes."
2025,002,3030,,,,"Salaires des auxiliaires, des aspirants gendarmes et inspecteurs, ainsi que des interprètes."
2024,002,3030,,,,"Salaires des auxiliaires, des aspirants gendarmes et inspecteurs, ainsi que des interprètes."
2023,002,3030,,,,"Salaires des auxiliaires, des aspirants gendarmes et inspecteurs, ainsi que des interprètes."
2022,002,3030,,,,"Salaires des auxiliaires, des aspirants gendarmes et inspecteurs, ainsi que des interprètes."
2021,002,3030,,,,"Salaires des auxiliaires, des aspirants gendarmes et inspecteurs, ainsi que des interprètes."
2020,002,3030,,,,"Salaires des auxiliaires, des aspirants gendarmes et inspecteurs, ainsi que des interprètes."
2027,002,3090,,,,Formation continue des collaborateurs et frais d'enseignement pour les aspirants vaudois et genevois de l'Académie de police
2026,002,3090,,,,Formation continue des collaborateurs et frais d'enseignement pour les aspirants vaudois et genevois de l'Académie de police.
2025,002,3090,,,,"Formation continue des collaborateurs et frais d'enseignement pour les aspirants vaudois, valaisans et genevois de l'Académie de police."
2024,002,3090,,,,"Formation continue des collaborateurs et frais d'enseignement pour les aspirants vaudois, valaisans et genevois de l'Académie de police."
2023,002,3090,,,,"Formation continue des collaborateurs et frais d'enseignement pour les aspirants vaudois, valaisans et genevois de l'Académie de police."
2022,002,3090,,,,"Formation continue des collaborateurs et frais d'enseignement pour les aspirants vaudois, valaisans et genevois de l'Académie de police."
2020,002,3090,,,,"Formation continue des collaborateurs et frais d'enseignement pour les aspirants vaudois, valaisans et genevois de l'Académie de police."
2027,002,3101,Fournitures et carburant pour les véhicules de service,1686000.0,1610000.0,
2027,002,3101,Fournitures et produits de nettoyage,74400.0,73400.0,
2026,002,3101,Fournitures et carburant pour les véhicules de service,1610000.0,1800000.0,
2026,002,3101,Fournitures et produits de nettoyage.,73400.0,92200.0,
2023,002,3101,Fournitures et carburant pour les véhicules de service,2072700.0,1826000.0,
2023,002,3101,Fournitures et produits de nettoyage,104800.0,148800.0,
2022,002,3101,Fournitures et carburant pour les véhicules de service,1826000.0,1796000.0,
2022,002,3101,Fournitures et produits de nettoyage,148800.0,103600.0,
2020,002,3101,Fournitures et carburant pour les véhicules de service,1854000.0,1809000.0,
2020,002,3101,Fournitures et produits de nettoyage,82500.0,80100.0,
2027,002,3109,,,,"Armes, munitions et matériel de police"
2026,002,3109,,,,"Armes, munitions et matériel de police."
2023,002,3109,,,,"Armes, munitions et matériel de police."
2022,002,3109,,,,"Armes, munitions et matériel de police."
2020,002,3109,,,,"Armes, munitions et matériel de police."
2027,002,3111,"Matériel technique et de télécommunication (remplacement de batteries, accumulateurs, antennes, réseau Polycom, beamers, radiocommunication, caméras, etc.)",799800.0,777400.0,
2027,002,3111,Matériel technique et/ou d'enseignement des diverses directions,1050100.0,1307200.0,
2027,002,3111,"Matériel de signalisation et de protection, d'outillage, matériel pour cellules, herses, menuiserie, etc.",540800.0,383700.0,
2027,002,3111,Matériel de protection ou propre aux entités spécialisées,1054800.0,1044800.0,
2027,002,3111,Matériel propre au domaine judiciaire,845000.0,422900.0,
2027,002,3111,Académie de police,200000.0,253000.0,
2027,002,3111,Postes décentralisés et Centres de gendarmerie mobile,43400.0,42100.0,
2026,002,3111,"Matériel technique et de télécommunication (remplacement de batteries, accumulateurs, antennes, réseau Polycom, beamers, radiocommunication, caméras, etc.)",777400.0,810000.0,
2026,002,3111,Matériel technique et/ou d'enseignement des diverses directions,1307200.0,1262700.0,
2026,002,3111,"Matériel de signalisation et de protection, d'outillage, matériel pour cellules, herses, menuiserie, etc.",383700.0,815800.0,
2026,002,3111,Matériel de protection ou propre aux entités spécialisées,1044800.0,905600.0,
2026,002,3111,Matériel propre au domaine judiciaire,422900.0,371200.0,
2026,002,3111,Académie de police,253000.0,156000.0,
2026,002,3111,Postes décentralisés et Centres de gendarmerie mobile,42100.0,42400.0,
2023,002,3111,"Matériel technique et de télécommunication (remplacement de batteries, accumulateurs, antennes, réseau Polycom, beamers, radiocommunication, caméras, etc.)",912500.0,875000.0,
2023,002,3111,Matériel technique et/ou d'enseignement des diverses directions,931300.0,636300.0,
2023,002,3111,"Matériel de signalisation et de protection, d'outillage, matériel pour cellules, herses, menuiserie, etc.",620600.0,440400.0,
2023,002,3111,Matériel de protection ou propre aux entités spécialisées,549200.0,598100.0,
2023,002,3111,Matériel propre au domaine judiciaire,337500.0,315000.0,
2023,002,3111,Académie de police,156000.0,94000.0,
2023,002,3111,Postes décentralisés et Centres de gendarmerie mobile,46700.0,46900.0,
2023,002,3111,"Projet ECAVENIR - Centrale ""feux bleus""",1052100.0,1312000.0,
2027,002,3112,,,,Acquisition et renouvellement des tenues et uniformes
2026,002,3112,,,,Acquisition et renouvellement des tenues et uniformes.
2027,002,3130,Frais de port,426500.0,367000.0,
2027,002,3130,Frais de téléphone et de télécommunications,1139700.0,803100.0,
2027,002,3130,"Frais de représentation, de congrès, contentieux et cotisations diverses. Augmentation échelonnée de la contribution à l'ISP (idem pour 2026-2027)",374100.0,357900.0,
2027,002,3130,Frais de nettoyages,972000.0,937000.0,
2027,002,3130,"Frais de surveillance (réception CB, Ambassade US, div. alarmes et académie de police)",1011500.0,1011500.0,
2027,002,3130,Frais de réfectoire et de transports tiers,304000.0,269000.0,
2027,002,3130,Financement des appuis de sécurité privée en lien avec la charge de travail en zone carcérale et pour les transferts de détenus,2665000.0,965000.0,
2027,002,3130,Gestion de la place des gens du voyage à Rennaz,50000.0,50000.0,
2024,002,3130,Frais de nettoyage et internalisation d'un poste de concierge itinérant,13418300.0,13399000.0,
2024,002,3130,Frais de surveillance,465000.0,473000.0,
2024,002,3130,Frais de port (augmentation notamment en raison d'un changement du mode de comptabilisation suite à REFA),266100.0,174600.0,
2024,002,3130,Frais de commission extra parlementaire,126000.0,156000.0,
2024,002,3130,"Divers (frais de téléphone, contentieux, cotisations et frais de représentation)",139500.0,183800.0,
2024,002,3132,,,,Comprend les coûts d'analyse des dossiers CAMAC en lien avec l'amiante à préaviser par la DGIP ainsi que les mandats confiés par la Direction de l'archéologie et du patrimoine en lien avec la LPrPCI
2024,002,3134,,,,Augmentation suite à l'indexation des valeurs d'assurances ECA
2024,002,3144,,,,"Prise en compte du gymnase d'Etoy suite à son rachat, transfert de la DGNSI des contrats d'entretien en lien avec SALTO et optimisation des frais d'entretien en lien avec les campagnes de rénovation lourdes financées par EMPD"
2024,002,3151,,,,Transfert au compte 3010 en lien avec la reprise en interne d'un poste de gestionnaire du centre d'impression et réduction de ce poste suite à la mise en service des nouvelles imprimantes
2024,002,3160,Locaux pour les besoins de la DAL,630400.0,630400.0,
2024,002,3160,Locaux pour les autres besoins de la DGIP,188100.0,197600.0,
2024,002,3511,,,,Attribution au fonds pour le bâtiment de l'EVAM Ste-Croix (Fonds 3013) et au fonds des monuments historiques (Fonds 3009)
2024,002,3635,,,,Subvention au Château de Chillon pour leurs frais d'entretien
2024,002,3636,,,,Subventions accordées par la Direction de l'archéologie et du patrimoine
2024,002,3706,,,,Intégration de la tranche 2024 de la convention programme 2020-2024 voir compte 4700
2024,002,4250,,,,Revenus externes de la DAL (logistique et centre d'impression)
2024,002,4260,,,,"Indemnités touchées des assurances lors de sinistres, retenues de places de parcs sur les salaires des collaborateurs, refacturation de taxes aux locataires"
2024,002,4309,,,,Refacturation d'aménagements de locaux et de travaux d'archéologie
2024,002,4470,,,,"Revenus de location de salles de gym, de loyers des cures et des places de parc."
2024,002,4511,,,,Prélèvement sur le fonds du bâtiment de l'EVAM à Bex (Fonds 3012)
2024,002,4920,,,,Voir la rubrique: 046/3920 lié à la DGMR
2022,003,3132,Expertises liées aux mesures administratives,58000.0,25000.0,
2022,003,3132,Honoraires du médecin conseil liés aux mesures administratives,260000.0,260000.0,
2022,003,3132,Action en faveur des seniors,200000.0,190000.0,
2022,003,3132,Frais de consulting et certification,79500.0,90000.0,
2022,003,3132,Divers et autres mandats,8000.0,8000.0,
2022,003,3181,,,,Evaluation des coûts sur la base des dépenses 2020 et des risques débiteurs au 31.12.2020
2022,003,4030,,,,Evaluation des produits sur la base des comptes 2018 à 2020 et de la variation du parc des véhicules.
2022,003,4210,Contrôles techniques,13700000.0,13400000.0,
2022,003,4210,Immatriculations et autorisations spéciales,18150000.0,18250000.0,
2022,003,4210,Admission des conducteurs,3500000.0,3500000.0,
2022,003,4210,Mesures administratives,2900000.0,3400000.0,
2022,003,4210,"Produits financiers (rappels, décisions de retraits et séquestres de plaques)",3600000.0,3900000.0,
2022,003,4210,Examens pratiques conducteurs,3800000.0,3620000.0,
2022,003,4260,Expertises médicales refacturées (voir rubrique 3132.1),40000.0,15000.0,
2022,003,4260,Frais de poursuites refacturés,1050000.0,1050000.0,
2022,003,4260,Remboursement frais téléphones,2000.0,2000.0,
2022,003,4260,Indemnités association suisse des services automobiles (asa),3000.0,3000.0,
2022,003,4309,Produits et ristournes informatiques,150000.0,150000.0,
2022,003,4309,Récupération métal,7000.0,7000.0,
2022,003,4600,,,,"Part cantonale de la RPLP (redevance poids lourds liée aux prestations), selon planification reçue de la Confédération en avril 2021"
2025,004,3010,Division des Affaires militaires et logistique,2601700.0,2465300.0,
2025,004,3010,Château de Morges et ses musées,501700.0,462400.0,
2025,004,3010,Division de la Protection de la population,1554700.0,1234100.0,
2025,004,3010,Division de la Protection civile,1347800.0,1402800.0,
2025,004,3010,Division Support et Direction,1186300.0,1468200.0,
2025,004,3010,Frais liés à la masse salariale lettre a - art. 19 LVLPCi (Fonds 2007),1588300.0,1533000.0,
2025,004,3010,Frais liés à la masse salariale de 1.65 ETP pour le Fonds des contributions de remplacement liées aux abris de protection civile (Fonds 2025),167500.0,165500.0,
2025,004,3010,Division du support stratégique,1140400.0,1340700.0,
2025,004,3010,ECAvenir,711200.0,0.0,
2024,004,3010,Division des Affaires militaires et logistique,2465300.0,2503000.0,
2024,004,3010,Château de Morges et ses musées,462400.0,479500.0,
2024,004,3010,Division de la Protection de la population,1234100.0,1179600.0,
2024,004,3010,Division de la Protection civile,1402800.0,1067200.0,
2024,004,3010,Division Support et Direction,1468200.0,1547700.0,
2024,004,3010,Frais liés à la masse salariale lettre a - art. 19 LVLPCi (Fonds 2007),1533000.0,1272600.0,
2024,004,3010,Frais liés à la masse salariale de 1.65 ETP pour le Fonds des contributions de remplacement liées aux abris de protection civile (Fonds 2025),165500.0,149600.0,
2024,004,3010,Division du support stratégique,1340700.0,1028900.0,
2023,004,3010,Division des Affaires militaires et logistique,2503000.0,2622200.0,
2023,004,3010,Château de Morges et ses musées,479500.0,469800.0,
2023,004,3010,Division de la Protection de la population,1179600.0,1027500.0,
2023,004,3010,Division de la Protection civile,1067200.0,1041100.0,
2023,004,3010,Division Support et Direction,1547700.0,1514200.0,
2023,004,3010,Frais liés à la masse salariale lettre a - art. 19 LVLPCi (Fonds 2007),1272600.0,1228200.0,
2023,004,3010,Frais liés à la masse salariale de 1.65 ETP pour le Fonds des contributions de remplacement liées aux abris de protection civile (Fonds 2025),149600.0,147900.0,
2023,004,3010,Division du support stratégique,1028900.0,813800.0,
2021,004,3010,Division des Affaires militaires et logistique,2689400.0,2652700.0,
2021,004,3010,Château de Morges et ses musées,466700.0,563700.0,
2021,004,3010,Division de la Protection de la population,1064700.0,1034100.0,
2021,004,3010,Division de la Protection civile,971100.0,960200.0,
2021,004,3010,Division Support et Direction,1407400.0,2277400.0,
2021,004,3010,Frais liés à la masse salariale lettre a - art. 19 LVLPCi (Fonds 2007),1147900.0,1144000.0,
2021,004,3010,Frais liés à la masse salariale de 1.65 ETP pour le Fonds des contributions de remplacement liées aux abris de protection civile (Fonds 2025),151000.0,12600.0,
2021,004,3010,Division du support stratégique,742200.0,77900.0,
2020,004,3010,Division des Affaires militaires et logistique,2652700.0,2756300.0,
2020,004,3010,Château de Morges et ses musées,563700.0,442600.0,
2020,004,3010,Division de la Protection de la population,1034100.0,934200.0,
2020,004,3010,Division de la Protection civile,960200.0,919800.0,
2020,004,3010,Division Support et Direction,2277400.0,2225800.0,
2020,004,3010,Frais liés à la masse salariale lettre a - art. 19 LVLPCi (Fonds 2007),1144000.0,1128400.0,
2020,004,3010,Frais liés à la masse salariale de 1.65 ETP pour le Fonds des contributions de remplacement liées aux abris de protection civile (Fonds 2025),12600.0,241000.0,
2020,004,3010,Division du support stratégique,77900.0,0.0,
2025,004,3030,Heures d'auxiliaires pour le Château de Morges et ses musées (Gardiennage),55200.0,46400.0,
2025,004,3030,Heures d'auxiliaires pour l'exposition temporaire du Château de Morges et ses musées (Chargé de projet),70400.0,102700.0,
2025,004,3030,Auxiliaires pour la protection de la population,153200.0,199600.0,
2025,004,3030,Apprenti-e-s et stagiaires,143000.0,140100.0,
2024,004,3030,Heures d'auxiliaires pour le Château de Morges et ses musées (Gardiennage),46400.0,50000.0,
2024,004,3030,Heures d'auxiliaires pour l'exposition temporaire du Château de Morges et ses musées (Chargé de projet),102700.0,100000.0,
2024,004,3030,Auxiliaires pour la protection de la population,199600.0,91600.0,
2024,004,3030,Apprenti-e-s et stagiaires,140100.0,134200.0,
2021,004,3030,Heures d'auxiliaires pour le Château de Morges et ses musées (Gardiennage),50000.0,13600.0,
2021,004,3030,Heures d'auxiliaires pour l'exposition temporaire du Château de Morges et ses musées (Chargé de projet),80000.0,80000.0,
2021,004,3030,Heures d'auxiliaires pour la remise en état de matériel pour le compte de la Base Logistique de l'Armée,0.0,40000.0,
2021,004,3030,Auxiliaires pour la protection de la population,91600.0,0.0,
2021,004,3030,Dépenses du Fonds des contributions de remplacement liées aux abris de protection civile (Fonds 2025) - Responsable de la maintenance des ouvrages de protection,0.0,43000.0,
2021,004,3030,Apprenti-e-s,106300.0,0.0,
2021,004,3030,Heures d'auxiliaires pour l'implémentation de la Gestion Electronique de Documents,0.0,45000.0,
2020,004,3030,Heures d'auxiliaires pour le Château de Morges et ses musées (Gardiennage),13600.0,15600.0,
2020,004,3030,Heures d'auxiliaires pour l'exposition temporaire du Château de Morges et ses musées (Chargé de projet),80000.0,68500.0,
2020,004,3030,Heures d'auxiliaires pour la remise en état de matériel pour le compte de la Base Logistique de l'Armée,40000.0,35600.0,
2020,004,3030,Auxiliaires pour la protection de la population,0.0,6700.0,
2020,004,3030,Dépenses du Fonds des contributions de remplacement liées aux abris de protection civile (Fonds 2025) - Responsable de la maintenance des ouvrages de protection,43000.0,0.0,
2020,004,3030,Heures d'auxiliaires pour le développement de la bibliothèque du Château de Morges et ses 5 musées (Bibliothécaire),0.0,50600.0,
2020,004,3030,Heures d'auxiliaires pour l'implémentation de la Gestion Electronique de Documents,45000.0,44600.0,
2025,004,3049,"Indemnités pour les heures du service de piquet de l'Etat Major Cantonal de Conduite (EMCC), de la Protection civile Vaudoise (PCi) et du personnel technique",135700.0,151100.0,
2025,004,3049,Indemnités de gardiennage les week-ends au Château de Morges et ses musées,8000.0,7200.0,
2025,004,3049,Indemnités pour les heures de piquet de la Protection civile vaudoise selon la lettre a - art. 19 LVLPCi (Fonds 2007),46100.0,34100.0,
2024,004,3049,"Indemnités pour les heures du service de piquet de l'Etat Major Cantonal de Conduite (EMCC), de la Protection civile Vaudoise (PCi) et du personnel technique",151100.0,119400.0,
2024,004,3049,Indemnités de gardiennage les week-ends au Château de Morges et ses musées,7200.0,6300.0,
2024,004,3049,Indemnités pour les heures de piquet de la Protection civile vaudoise selon la lettre a - art. 19 LVLPCi (Fonds 2007),34100.0,28900.0,
2021,004,3049,"Indemnités pour les heures du service de piquet de l'Etat Major Cantonal de Conduite (EMCC), de la Protection civile Vaudoise (PCi) et du personnel technique",76700.0,72300.0,
2021,004,3049,Indemnités de gardiennage les week-ends au Château de Morges et ses musées,3700.0,2800.0,
2021,004,3049,Indemnités pour les heures de piquet de la Protection civile vaudoise selon la lettre a - art. 19 LVLPCi (Fonds 2007),80700.0,16000.0,
2020,004,3049,"Indemnités pour les heures du service de piquet de l'Etat Major Cantonal de Conduite (EMCC), de la Protection civile Vaudoise (PCi) et du personnel technique",72300.0,91100.0,
2020,004,3049,Indemnités de gardiennage les week-ends au Château de Morges et ses musées,2800.0,2700.0,
2020,004,3049,Indemnités pour les heures de piquet de la Protection civile vaudoise selon la lettre a - art. 19 LVLPCi (Fonds 2007),16000.0,16800.0,
2025,004,3090,,,,Frais de formation (cours inter-entreprises) avec les apprentis (employé de commerce et médiamaticien)
2024,004,3090,,,,Frais de formation (cours inter-entreprises) avec les apprentis (employé de commerce et médiamaticien)
2021,004,3090,,,,"Frais de formation (cours inter-entreprises) avec les apprentis (4 apprentis employé de commerce, 2 apprentis médiamaticien, 1 apprenti bibliothécaire)"
2020,004,3090,,,,"Frais de formation (cours inter-entreprises) avec les apprentis (4 apprentis employé de commerce, 1 apprenti agent d'exploitation et 3 apprentis médiamaticien)"
2024,004,3099,,,,"Frais de colloques internes, frais divers"
2021,004,3099,,,,"Frais de colloques internes, frais divers"
2020,004,3099,,,,"Frais de colloques internes, frais divers"
2024,004,3100,Fournitures de bureau pour les affaires militaires et logistique et pour le Château de Morges et ses musées,300.0,15500.0,
2024,004,3100,Fournitures de bureau selon la lettre a - art. 19 LVLPCi (Fonds 2007),14100.0,14000.0,
2024,004,3100,Fournitures de bureau pour l'ensemble du service de la sécurité civile et militaire,21900.0,9200.0,
2024,004,3100,Dépenses du Fonds des contributions de remplacement liées aux abris de protection civile (Fonds 2025),0.0,1600.0,
2021,004,3100,Fournitures de bureau pour les affaires militaires et logistique et pour le Château de Morges et ses musées,13200.0,9500.0,
2021,004,3100,Fournitures de bureau selon la lettre a - art. 19 LVLPCi (Fonds 2007),8800.0,11000.0,
2021,004,3100,Fournitures de bureau pour l'ensemble du service de la sécurité civile et militaire,12200.0,10200.0,
2020,004,3100,Fournitures de bureau pour les affaires militaires et logistique et pour le Château de Morges et ses musées,9500.0,23500.0,
2020,004,3100,Fournitures de bureau selon la lettre a - art. 19 LVLPCi (Fonds 2007),11000.0,11000.0,
2020,004,3100,Fournitures de bureau pour l'ensemble du service de la sécurité civile et militaire,10200.0,12500.0,
2024,004,3101,"Achats de matières premières et fournitures, benzine et produits de nettoyage pour le service de la sécurité civile et militaire",205400.0,223800.0,
2024,004,3101,"Frais d'instruction et d'engagement et concernant la plate-forme ""matériel"" cantonale, les véhicules et l'équipement selon les lettres a et e - art. 19 LVLPCi (Fonds 2007)",354000.0,848200.0,
2021,004,3101,"Achats de matières premières et fournitures, benzine et produits de nettoyage pour le service de la sécurité civile et militaire",277500.0,282000.0,
2021,004,3101,Matériel d'exploitation pour le Fonds des contributions de remplacement (Fonds 2025),0.0,40000.0,
2021,004,3101,"Frais d'instruction et d'engagement et concernant la plate-forme ""matériel"" cantonale, les véhicules et l'équipement selon les lettres a et e - art. 19 LVLPCi (Fonds 2007)",654000.0,313800.0,
2024,004,3102,Imprimés divers pour le Service de la sécurité civile et militaire,104300.0,192800.0,
2024,004,3102,Frais d'imprimés selon la lettre g - art. 19 LVLPCi (Fonds 2007),24100.0,36700.0,
2021,004,3102,Imprimés divers pour le Service de la sécurité civile et militaire,135900.0,149900.0,
2021,004,3102,Frais d'imprimés selon la lettre g - art. 19 LVLPCi (Fonds 2007),10000.0,10000.0,
2021,004,3103,,,,"Littérature, magazines pour le Service de la sécurité civile et militaire"
2021,004,3104,,,,Matériel didactique pour 6 apprentis employé de commerce et 1 apprenti médiamaticien
2025,005,3010,Salaires du personnel administratif et d'exploitation,32861100.0,31827900.0,
2025,005,3010,"Préfinancement par la stratégie fiscale 2023 annoncé par le CE le 06.06.2018 et ses mesures d’impulsion en faveur du climat, de la biodiversité et des ressources naturelles.",234100.0,236100.0,
2024,005,3010,Salaires du personnel administratif et d'exploitation,31827900.0,30213300.0,
2024,005,3010,"Préfinancement par la stratégie fiscale 2023 annoncé par le CE le 06.06.2018 et ses mesures d’impulsion en faveur du climat, de la biodiversité et des ressources naturelles.",236100.0,275100.0,
2023,005,3010,Salaires du personnel administratif et d'exploitation,30213300.0,29445300.0,
2023,005,3010,"Préfinancement par la stratégie fiscale 2023 annoncé par le CE le 06.06.2018 et ses mesures d’impulsion en faveur du climat, de la biodiversité et des ressources naturelles.",275100.0,296800.0,
2022,005,3010,Salaires du personnel administratif et d'exploitation,29445300.0,28831300.0,
2022,005,3010,"Préfinancement par la stratégie fiscale 2022 annoncé par le CE le 06.06.2018 et ses mesures d’impulsion en faveur du climat, de la biodiversité et des ressources naturelles. Correspond à 2.4 ETP en 2022.",296800.0,296800.0,
2021,005,3010,Salaires du personnel administratif et d'exploitation,28831300.0,28923900.0,
2021,005,3010,"Préfinancement par la stratégie fiscale 2022 annoncé par le CE le 06.06.2018 et ses mesures d’impulsion en faveur du climat, de la biodiversité et des ressources naturelles. Correspond à 2.5 ETP en 2021 (4.3 ETP en 2020)",296800.0,505100.0,
2020,005,3010,Salaires du personnel administratif et d'exploitation,28923900.0,28654500.0,
2020,005,3010,"Préfinancement par la stratégie fiscale 2022 annoncé par le CE le 06.06.2018 et ses mesures d’impulsion en faveur du climat, de la biodiversité et des ressources naturelles. Correspond à 4.3 ETP",505100.0,0.0,
2027,005,3030,Salaires du personnel auxiliaire,3944000.0,3473200.0,
2027,005,3030,Salaires du personnel en formation,659200.0,584100.0,
2026,005,3030,Salaires du personnel auxiliaire,3473200.0,3683500.0,
2026,005,3030,Salaires du personnel en formation,584100.0,584100.0,
2025,005,3030,Salaires du personnel auxiliaire,3549500.0,2239300.0,
2025,005,3030,Salaires du personnel en formation,584100.0,584100.0,
2025,005,3030,"Préfinancement par la stratégie fiscale 2023 annoncé par le CE le 06.06.2018 et ses mesures d’impulsion en faveur du climat, de la biodiversité et des ressources naturelles.",134000.0,168700.0,
2024,005,3030,Salaires du personnel auxiliaire,2239300.0,2245700.0,
2024,005,3030,Salaires du personnel en formation,584100.0,584100.0,
2024,005,3030,"Préfinancement par la stratégie fiscale 2023 annoncé par le CE le 06.06.2018 et ses mesures d’impulsion en faveur du climat, de la biodiversité et des ressources naturelles.",168700.0,235000.0,
2023,005,3030,Salaires du personnel auxiliaire,2245700.0,1129300.0,
2023,005,3030,Salaires du personnel en formation,584100.0,418400.0,
2023,005,3030,"Préfinancement par la stratégie fiscale 2023 annoncé par le CE le 06.06.2018 et ses mesures d’impulsion en faveur du climat, de la biodiversité et des ressources naturelles.",235000.0,115000.0,
2022,005,3030,Salaires du personnel auxiliaire,1129300.0,949100.0,
2022,005,3030,Salaires du personnel en formation,418400.0,388800.0,
2022,005,3030,"Préfinancement par la stratégie fiscale 2022 annoncé par le CE le 06.06.2018 et ses mesures d’impulsion en faveur du climat, de la biodiversité et des ressources naturelles. Correspond à 1 ETP en 2022.",115000.0,115000.0,
2021,005,3030,Salaires du personnel auxiliaire,949100.0,871800.0,
2021,005,3030,Salaire du personnel en formation,388800.0,0.0,
2021,005,3030,"Préfinancement par la stratégie fiscale 2022 annoncé par le CE le 06.06.2018 et ses mesures d’impulsion en faveur du climat, de la biodiversité et des ressources naturelles. Correspond à 1 ETP",115000.0,0.0,
2025,005,3050,Cotisations salariales aux assurances sociales,2541600.0,2368500.0,
2025,005,3050,"Préfinancement par la stratégie fiscale 2023 annoncé par le CE le 06.06.2018 et ses mesures d’impulsion en faveur du climat, de la biodiversité et des ressources naturelles.",24100.0,26600.0,
2024,005,3050,Cotisations salariales aux assurances sociales,2368500.0,2257700.0,
2024,005,3050,"Préfinancement par la stratégie fiscale 2023 annoncé par le CE le 06.06.2018 et ses mesures d’impulsion en faveur du climat, de la biodiversité et des ressources naturelles.",26600.0,33300.0,
2023,005,3050,Cotisations salariales aux assurances sociales,2257700.0,2172000.0,
2023,005,3050,"Préfinancement par la stratégie fiscale 2023 annoncé par le CE le 06.06.2018 et ses mesures d’impulsion en faveur du climat, de la biodiversité et des ressources naturelles.",33300.0,25300.0,
2022,005,3050,Cotisations salariales aux assurances sociales,2172000.0,2061800.0,
2022,005,3050,"Préfinancement par la stratégie fiscale 2022 annoncé par le CE le 06.06.2018 et ses mesures d’impulsion en faveur du climat, de la biodiversité et des ressources naturelles.",25300.0,25300.0,
2021,005,3050,Cotisations salariales aux assurances sociales,2061800.0,2027400.0,
2021,005,3050,"Préfinancement par la stratégie fiscale 2022 annoncé par le CE le 06.06.2018 et ses mesures d’impulsion en faveur du climat, de la biodiversité et des ressources naturelles",25300.0,31500.0,
2020,005,3050,Cotisations salariales aux assurances sociales,2027400.0,1962200.0,
2020,005,3050,"Préfinancement par la stratégie fiscale 2022 annoncé par le CE le 06.06.2018 et ses mesures d’impulsion en faveur du climat, de la biodiversité et des ressources naturelles",31500.0,0.0,
2025,005,3052,Cotisations salariales aux assurances sociales,4693400.0,4366400.0,
2025,005,3052,"Préfinancement par la stratégie fiscale 2023 annoncé par le CE le 06.06.2018 et ses mesures d’impulsion en faveur du climat, de la biodiversité et des ressources naturelles.",45000.0,49400.0,
2024,005,3052,Cotisations salariales aux assurances sociales,4366400.0,4149700.0,
2024,005,3052,"Préfinancement par la stratégie fiscale 2023 annoncé par le CE le 06.06.2018 et ses mesures d’impulsion en faveur du climat, de la biodiversité et des ressources naturelles.",49400.0,62100.0,
2023,005,3052,Cotisations salariales aux assurances sociales,4149700.0,4231700.0,
2023,005,3052,"Préfinancement par la stratégie fiscale 2023 annoncé par le CE le 06.06.2018 et ses mesures d’impulsion en faveur du climat, de la biodiversité et des ressources naturelles.",62100.0,53300.0,
2022,005,3052,Cotisations salariales aux assurances sociales,4231700.0,3838400.0,
2022,005,3052,"Préfinancement par la stratégie fiscale 2022 annoncé par le CE le 06.06.2018 et ses mesures d’impulsion en faveur du climat, de la biodiversité et des ressources naturelles.",53300.0,53300.0,
2021,005,3052,Cotisations salariales aux assurances sociales,3838400.0,3585100.0,
2021,005,3052,"Préfinancement par la stratégie fiscale 2022 annoncé par le CE le 06.06.2018 et ses mesures d’impulsion en faveur du climat, de la biodiversité et des ressources naturelles",53300.0,61600.0,
2020,005,3052,Cotisations salariales aux assurances sociales,3585100.0,3594700.0,
2020,005,3052,"Préfinancement par la stratégie fiscale 2022 annoncé par le CE le 06.06.2018 et ses mesures d’impulsion en faveur du climat, de la biodiversité et des ressources naturelles",61600.0,0.0,
2025,005,3053,Cotisations salariales aux assurances sociales,362400.0,345800.0,
2025,005,3053,"Préfinancement par la stratégie fiscale 2023 annoncé par le CE le 06.06.2018 et ses mesures d’impulsion en faveur du climat, de la biodiversité et des ressources naturelles.",3300.0,3900.0,
2024,005,3053,Cotisations salariales aux assurances sociales,345800.0,340200.0,
2024,005,3053,"Préfinancement par la stratégie fiscale 2023 annoncé par le CE le 06.06.2018 et ses mesures d’impulsion en faveur du climat, de la biodiversité et des ressources naturelles.",3900.0,4800.0,
2023,005,3053,Cotisations salariales aux assurances sociales,340200.0,97800.0,
2023,005,3053,"Préfinancement par la stratégie fiscale 2023 annoncé par le CE le 06.06.2018 et ses mesures d’impulsion en faveur du climat, de la biodiversité et des ressources naturelles.",4800.0,3300.0,
2021,005,3053,Cotisations salariales aux assurances sociales,397200.0,464100.0,
2021,005,3053,"Préfinancement par la stratégie fiscale 2022 annoncé par le CE le 06.06.2018 et ses mesures d’impulsion en faveur du climat, de la biodiversité et des ressources naturelles",3300.0,7300.0,
2025,005,3054,Cotisations salariales aux assurances sociales,1027800.0,958800.0,
2025,005,3054,"Préfinancement par la stratégie fiscale 2023 annoncé par le CE le 06.06.2018 et ses mesures d’impulsion en faveur du climat, de la biodiversité et des ressources naturelles.",9700.0,10700.0,
2024,005,3054,Cotisations salariales aux assurances sociales,958800.0,953000.0,
2024,005,3054,"Préfinancement par la stratégie fiscale 2023 annoncé par le CE le 06.06.2018 et ses mesures d’impulsion en faveur du climat, de la biodiversité et des ressources naturelles.",10700.0,14100.0,
2023,005,3054,Cotisations salariales aux assurances sociales,953000.0,894800.0,
2023,005,3054,"Préfinancement par la stratégie fiscale 2023 annoncé par le CE le 06.06.2018 et ses mesures d’impulsion en faveur du climat, de la biodiversité et des ressources naturelles.",14100.0,11900.0,
2021,005,3054,Cotisations salariales aux assurances sociales,875000.0,861800.0,
2021,005,3054,"Préfinancement par la stratégie fiscale 2022 annoncé par le CE le 06.06.2018 et ses mesures d’impulsion en faveur du climat, de la biodiversité et des ressources naturelles",11900.0,14400.0,
2027,005,3511,,,,Attribution au Fonds de protection de la nature (Fonds 3003)
2026,005,3511,Attribution au Fonds de protection de la nature (Fonds 3003),3334700.0,2175300.0,
2026,005,3511,"Préfinancement par la stratégie fiscale 2023 annoncé par le CE le 06.06.2018 et ses mesures d¶impulsion en faveur du climat, de la biodiversité et des ressources naturelles.",624100.0,804400.0,
2027,005,3632,Contributions cantonales aux conventions-programmes dans le domaine de l'environnement,15305500.0,15101500.0,
2027,005,3632,Participation cantonale aux tâches étatiques déléguées aux gardes forestiers non cantonaux,4427000.0,3984000.0,
2027,005,3632,Contribution à l'ECA pour la lutte contre la pollution par les hydrocarbures (remboursé par les responsables de la pollution) et les formations DCH (défenses chimique hydrocarbure),2389200.0,2339200.0,
2027,005,3632,Subventions cantonales pour l'entretien des cours d'eau non-corrigés,1375600.0,1375600.0,
2027,005,3632,Aides à des projets relatifs au domaine de l'énergie,2094800.0,4082500.0,
2027,005,3632,Indemnisation des dégâts du gibier aux forêts publiques,135000.0,125000.0,
2027,005,3632,Autres subventions,964500.0,1301300.0,
2026,005,3632,Contributions cantonales aux conventions-programmes dans le domaine de l'environnement,15101500.0,16236000.0,
2026,005,3632,Participation cantonale aux tâches étatiques déléguées aux gardes forestiers non cantonaux,3984000.0,3984000.0,
2026,005,3632,Contribution à l'ECA pour la lutte contre la pollution par les hydrocarbures (remboursé par les responsables de la pollution) et les formations DCH (défenses chimique hydrocarbure),2339200.0,2534000.0,
2026,005,3632,Subventions cantonales pour l'entretien des cours d'eau non-corrigés,1375600.0,1983600.0,
2026,005,3632,Aides à des projets relatifs au domaine de l'énergie,4082500.0,4082500.0,
2026,005,3632,Indemnisation des dégâts du gibier aux forêts publiques,125000.0,140000.0,
2026,005,3632,Autres subventions,1301300.0,1158900.0,
2027,005,3635,,,,Aides à des projets relatifs au domaine de l'énergie
2026,005,3635,,,,Aides à des projets relatifs au domaine de l'énergie
2027,005,3636,Contributions cantonales aux conventions-programmes dans le domaine de l'environnement,975000.0,993000.0,
2027,005,3636,Autres subventions,664000.0,568000.0,
2026,005,3636,Contributions cantonales aux conventions-programmes dans le domaine de l'environnement,993000.0,767000.0,
2026,005,3636,Autres subventions,568000.0,901000.0,
2022,010,3010,,,,Evolution liée à la réorganisation et au renforcement du service
2020,010,3020,,,,Transfert Présidence de l'Organe Cantonal de Contrôle des Films (OCCF) à 010/3130.4.
2021,010,3030,,,,"Modification du mode de comptabilisation du salaire des apprentis, précédemment budgétisés au niveau du compte 3010."
2020,010,3102,,,,Transfert des Journées Européennes des Métiers d'Arts (JEMA) au SERAC (SP-017)
2024,010,3110,,,,Suspension temporaire des achats de mobilier.
2022,010,3110,,,,Réorganisation des locaux et aménagement des places de travail suite au regroupement des entités du service.
2021,010,3110,,,,"Réorganisation des locaux et aménagement des places de travail pour les nouvelles fonctions du SG (unité de durabilité, chefs de projets chantiers stratégiques DFJC, homophobie et transphobie, protection du climat scolaire, réorganisation des secrétariats CD-SG)."
2027,010,3120,Consommation d'électricité,39000.0,39000.0,
2027,010,3120,Taxes d'élimination,2000.0,1000.0,
2026,010,3120,Consommation d'électricité,39000.0,36000.0,
2026,010,3120,Taxes d'élimination,1000.0,2000.0,
2025,010,3120,Consommation d'électricité,36000.0,35000.0,
2025,010,3120,Taxes d'élimination,2000.0,2000.0,
2024,010,3120,Consommation d'électricité,35000.0,38000.0,
2024,010,3120,Taxes d'élimination,2000.0,2000.0,
2023,010,3120,Consommation d'électricité,38000.0,40000.0,
2023,010,3120,Taxes d'élimination,2000.0,3000.0,
2022,010,3120,Consommation d'électricité,40000.0,40000.0,
2022,010,3120,Taxes d'élimination,3000.0,3000.0,
2021,010,3120,Consommation d'électricité,40000.0,48000.0,
2021,010,3120,Taxes d'élimination,3000.0,3000.0,
2020,010,3120,Consommation d'électricité,48000.0,48000.0,
2020,010,3120,Taxes d'élimination,3000.0,3500.0,
2027,010,3130,Frais de port,41000.0,39000.0,
2027,010,3130,Frais de téléphone,6000.0,7000.0,
2027,010,3130,Commissions extraparlementaires,70000.0,65000.0,
2027,010,3130,Frais de nettoyages,10000.0,10000.0,
2027,010,3130,Frais de représentation,19500.0,18500.0,
2027,010,3130,Cotisations,5000.0,5000.0,
2027,010,3130,Frais de transports de tiers et déménagement,2000.0,2000.0,
2027,010,3130,Intervenants,2000.0,2000.0,
2026,010,3130,Frais de port,39000.0,38000.0,
2026,010,3130,Frais de téléphone,7000.0,7000.0,
2026,010,3130,Commissions extraparlementaires,65000.0,75000.0,
2026,010,3130,Frais de nettoyages,10000.0,10000.0,
2026,010,3130,Frais de représentation,18500.0,18500.0,
2026,010,3130,Cotisations,5000.0,5000.0,
2026,010,3130,Frais de transports de tiers et déménagement.,2000.0,3000.0,
2026,010,3130,Congrès et divers,2000.0,17000.0,
2025,010,3130,Frais de port,38000.0,40000.0,
2025,010,3130,Frais de CCP transférés au compte 3499 (cf plan comptable MCH2),0.0,10000.0,
2025,010,3130,Frais de téléphone,7000.0,7500.0,
2025,010,3130,Commissions extraparlementaires,75000.0,90000.0,
2025,010,3130,Frais de nettoyages,10000.0,12000.0,
2025,010,3130,Frais de représentation,18500.0,18500.0,
2025,010,3130,Cotisations,5000.0,6500.0,
2025,010,3130,Frais de transports de tiers et déménagement.,3000.0,3000.0,
2025,010,3130,Congrès et divers,17000.0,17000.0,
2024,010,3130,Frais de port,40000.0,36000.0,
2024,010,3130,Frais de CCP,10000.0,20000.0,
2024,010,3130,Frais de téléphone,7500.0,9500.0,
2024,010,3130,Commissions extraparlementaires,90000.0,82000.0,
2024,010,3130,Frais de nettoyages,12000.0,12000.0,
2024,010,3130,Frais de représentation,18500.0,18500.0,
2024,010,3130,Cotisations,6500.0,6500.0,
2024,010,3130,Frais de transports de tiers et déménagement.,3000.0,5000.0,
2024,010,3130,Internalisation des frais d'accueil et de sécurité,0.0,120000.0,
2024,010,3130,Congrès et divers,17000.0,20500.0,
2023,010,3130,Frais de port,36000.0,36000.0,
2023,010,3130,Frais de CCP,20000.0,20000.0,
2023,010,3130,Frais de téléphone,9500.0,9500.0,
2023,010,3130,Commissions extraparlementaires,82000.0,130000.0,
2023,010,3130,Frais de nettoyages,12000.0,12000.0,
2023,010,3130,Frais de représentation,18500.0,18500.0,
2023,010,3130,Cotisations,6500.0,6500.0,
2023,010,3130,Frais de transports de tiers et déménagement.,5000.0,5000.0,
2023,010,3130,Frais d'accueil et de sécurité pour le département,120000.0,0.0,
2023,010,3130,Congrès et divers,20500.0,20500.0,
2022,010,3130,Frais de port,36000.0,39000.0,
2022,010,3130,Frais de CCP,20000.0,20000.0,
2022,010,3130,Frais de téléphone,9500.0,11500.0,
2022,010,3130,Commissions extraparlementaires,130000.0,125000.0,
2022,010,3130,Frais de nettoyages,12000.0,12000.0,
2022,010,3130,Frais de représentation,18500.0,19500.0,
2022,010,3130,Cotisations,6500.0,8500.0,
2022,010,3130,Frais de transports de tiers et déménagement.,5000.0,35000.0,
2022,010,3130,Congrès et divers,20500.0,10000.0,
2021,010,3130,Frais de port,39000.0,35000.0,
2021,010,3130,Frais de CCP,20000.0,24000.0,
2021,010,3130,Frais de téléphone,11500.0,15500.0,
2021,010,3130,Commissions extraparlementaires,125000.0,115900.0,
2021,010,3130,Frais de nettoyages,12000.0,10000.0,
2021,010,3130,Frais de représentation,19500.0,21500.0,
2021,010,3130,Cotisations,8500.0,8100.0,
2021,010,3130,"Frais de transports de tiers et déménagement (réorganisation des locaux, voir cpte 3110)",35000.0,2000.0,
2021,010,3130,Congrès,10000.0,10000.0,
2020,010,3130,Frais de port,35000.0,46500.0,
2020,010,3130,Frais de CCP,24000.0,24000.0,
2020,010,3130,Frais de téléphone,15500.0,15500.0,
2020,010,3130,Commissions extraparlementaires (Intégration Présidence OCCF - cf transfert 3020),115900.0,90000.0,
2020,010,3130,Frais de nettoyages,10000.0,10000.0,
2020,010,3130,Frais de représentation,21500.0,21500.0,
2020,010,3130,Cotisations,8100.0,8000.0,
2020,010,3130,Autres frais,12000.0,7000.0,
2027,010,3132,,,,"Besoins notamment en soutien des expertises de l'Unité durabilité, de l'Unité juridique, de la communication, et des travaux autour des questions de climat scolaire."
2026,010,3132,,,,"Besoins notamment en soutien des expertises de l'Unité durabilité, de l'Unité juridique, de la communication, et des travaux autour des questions de climat scolaire."
2025,010,3132,,,,"Actualisation des besoins, notamment en soutien des expertises de l'Unité durabilité, de l'Unité juridique, de la communication, et des travaux autour des questions de climat scolaire."
2024,010,3132,,,,"Actualisation des besoins, notamment en soutien des expertises de l'Unité durabilité, de l'Unité juridique, de la communication, et des travaux autour des questions de climat scolaire."
2023,010,3132,,,,"Actualisation des besoins, notamment en soutien des expertises de l'Unité durabilité, de l'Unité juridique, de la communication, et des travaux autour des questions de climat scolaire."
2022,010,3132,,,,"Actualisation des besoins, notamment en soutien des expertises de l'Unité durabilité, de l'Unité juridique, de la communication, et des travaux autour des questions de climat scolaire."
2021,010,3132,,,,"Actualisation des besoins, notamment en soutien des expertises de l'Unité durabilité, de l'Unité juridique, de la communication, et des travaux autour des questions de climat scolaire."
2021,010,3150,,,,Remise en état des mobiliers liés à l'installation des nouvelles fonctions du SG (voir cpte 3110)
2027,010,3160,,,,"Loyers des immeubles Barre 8 et Couvaloup 13, Lausanne."
2026,010,3160,,,,"Loyers des immeubles Barre 8 et Couvaloup 13, Lausanne."
2025,010,3160,,,,"Loyers des immeubles Barre 8 et Couvaloup 13, Lausanne."
2024,010,3160,,,,"Loyers des immeubles Barre 8 et Couvaloup 13, Lausanne."
2023,010,3160,,,,"Loyers des immeubles Barre 8 et Couvaloup 13, Lausanne."
2022,010,3160,,,,"Loyers des immeubles Barre 8 et Couvaloup 13, Lausanne."
2021,010,3160,,,,"Loyers des immeubles Barre 8, Couvaloup 13 et URSP, Rte de Lausanne 60, 1020 Renens"
2020,010,3160,,,,"Loyers des immeubles Barre 8, Couvaloup 13 et URSP, Rte de Lausanne 60, 1020 Renens"
2020,010,3161,,,,Comptabilisation des coûts des photocopies effectuées sur les appareils multifonctions fournis par la DAL.
2027,010,3170,Frais de transports,7500.0,7500.0,
2027,010,3170,Frais de repas et d'hôtel,11000.0,11000.0,
2026,010,3170,Frais de transports,7500.0,7500.0,
2026,010,3170,Frais de repas et d'hôtel,11000.0,11000.0,
2025,010,3170,Frais de transports,7500.0,7500.0,
2025,010,3170,Frais de repas et d'hôtel,11000.0,13000.0,
2024,010,3170,Frais de transports,7500.0,11500.0,
2024,010,3170,Frais de repas et d'hôtel,13000.0,13000.0,
2023,010,3170,Frais de transports,11500.0,11500.0,
2023,010,3170,Frais de repas et d'hôtel,13000.0,13000.0,
2022,010,3170,Frais de transports,11500.0,11300.0,
2022,010,3170,Frais de repas et d'hôtel,13000.0,15200.0,
2021,010,3170,Frais de transports,11300.0,11300.0,
2021,010,3170,Frais de repas et d'hôtel,15200.0,15200.0,
2020,010,3170,Frais de transports,11300.0,14500.0,
2020,010,3170,Frais de repas et d'hôtel,15200.0,16000.0,
2025,010,3499,,,,Frais de CCP transférés du compte 3130 (cf plan comptable MCH2)
2027,010,3511,Attribution au Fonds congé sabbatique des enseignants (COSAB).,1635400.0,0.0,
2023,010,3511,,,,Attribution au Fonds congé sabbatique des enseignants (COSAB) : Suspension en 2022 et 2023 selon décisions du Conseil d'Etat des 15.09.21 et 31.08.22.
2022,010,3511,,,,Attribution au Fonds congé sabbatique des enseignants (COSAB) : Suspension en 2022 selon décision du Conseil d'Etat du 15.09.21.
2021,010,3511,,,,Attribution au Fonds relatif aux congés sabbatiques des enseignants (COSAB)
2020,010,3511,,,,Attribution au Fonds relatif aux congés sabbatiques des enseignants (COSAB)
2027,010,3611,Conférence suisse des directeurs cantonaux de l'instruction publique,1467400.0,1446800.0,
2027,010,3611,Conférence interdépartementale des chefs de département de l'instruction publique de la Suisse romande et du Tessin,2125800.0,2114500.0,
2026,010,3611,Conférence suisse des directeurs cantonaux de l'instruction publique,1446800.0,1392500.0,
2026,010,3611,Conférence interdépartementale des chefs de département de l'instruction publique de la Suisse romande et du Tessin,2114500.0,2114500.0,
2025,010,3611,Conférence suisse des directeurs cantonaux de l'instruction publique,1392500.0,1386000.0,
2025,010,3611,Conférence interdépartementale des chefs de département de l'instruction publique de la Suisse romande et du Tessin,2114500.0,2114500.0,
2024,010,3611,Conférence suisse des directeurs cantonaux de l'instruction publique,1386000.0,1432000.0,
2024,010,3611,Conférence interdépartementale des chefs de département de l'instruction publique de la Suisse romande et du Tessin,2114500.0,2114500.0,
2023,010,3611,Conférence suisse des directeurs cantonaux de l'instruction publique,1432000.0,1391400.0,
2023,010,3611,Conférence interdépartementale des chefs de département de l'instruction publique de la Suisse romande et du Tessin,2114500.0,2080600.0,
2022,010,3611,Conférence suisse des directeurs cantonaux de l'instruction publique,1391400.0,1238600.0,
2022,010,3611,Conférence interdépartementale des chefs de département de l'instruction publique de la Suisse romande et du Tessin,2080600.0,2080600.0,
2021,010,3611,Conférence suisse des directeurs cantonaux de l'instruction publique,1238600.0,1188600.0,
2021,010,3611,Conférence interdépartementale des chefs de département de l'instruction publique de la Suisse romande et du Tessin,2080600.0,2080600.0,
2020,010,3611,Conférence suisse des directeurs cantonaux de l'instruction publique,1188600.0,1011800.0,
2020,010,3611,Conférence interdépartementale des chefs de département de l'instruction publique de la Suisse romande et du Tessin,2080600.0,2061700.0,
2022,011,3010,Personnel administratif.,8950800.0,9650500.0,
2022,011,3010,Remboursement d'APG pour congé maternité.,-30000.0,-10000.0,
2022,011,3010,Remboursement d'indemnités journalières des assurances maladie et accidents.,-3000.0,-23000.0,
2020,011,3010,Personnel administratif.,9967000.0,9978400.0,
2020,011,3010,Remboursement d'APG pour congé maternité.,-30000.0,-30000.0,
2020,011,3010,Remboursement d'indemnités journalières des assurances maladie et accidents.,-3000.0,-3000.0,
2027,011,3020,,,,"Personnel enseignant déchargé pour une part de leur temps d'enseignement, assurant des tâches transversales d'encadrement des écoles au sein de la Direction pédagogique."
2026,011,3020,,,,"Personnel enseignant déchargé pour une part de leur temps d'enseignement, assurant des tâches transversales d'encadrement des écoles au sein de la Direction pédagogique."
2025,011,3020,,,,"Personnel enseignant déchargé pour une part de leur temps d'enseignement, assurant des tâches transversales d'encadrement des écoles au sein de la Direction pédagogique."
2024,011,3020,,,,"Personnel enseignant déchargé pour une part de leur temps d'enseignement, assurant des tâches transversales d'encadrement des écoles au sein de la Direction pédagogique."
2026,011,3030,Engagements à durée déterminée d'auxiliaires permettant de faire face aux variations du volume d'activité du service.,144200.0,145200.0,
2026,011,3030,Apprentis.,164700.0,163700.0,
2025,011,3030,Engagements à durée déterminée d'auxiliaires permettant de faire face aux variations du volume d'activité du service.,145200.0,77100.0,
2025,011,3030,Apprentis.,163700.0,160400.0,
2024,011,3030,Engagements à durée déterminée d'auxiliaires permettant de faire face aux variations du volume d'activité du service.,77100.0,455800.0,
2024,011,3030,Apprentis.,160400.0,164100.0,
2024,011,3049,,,,Indemnités forfaitaires pour frais professionnels des apprentis.
2024,011,3099,,,,Dont dispositions funéraires relatives aux collaborateurs et élèves.
2024,011,3118,,,,Licence pour la cartographie.
2024,011,3130,Prestations de services de tiers.,110400.0,91400.0,
2024,011,3130,Frais de représentation.,11000.0,11000.0,
2024,011,3130,"Participation aux frais d'organisation de congrès (ex: Salon des étudiants, Salon des métiers, etc.)",20000.0,20000.0,
2024,011,3130,Frais de port et de CCP.,59700.0,59700.0,
2024,011,3130,Frais de téléphone et de communications.,24600.0,24600.0,
2024,011,3130,Commissions pédagogiques.,26000.0,26000.0,
2024,011,3130,"Autres frais (frais de transport de tiers, de poursuites et de contentieux, etc.).",4800.0,4800.0,
2024,011,3160,,,,Loyers des bureaux à Cité-Devant 11 et 14.
2024,011,3161,,,,Contrat de location des photocopieurs.
2024,011,3170,Frais de transport et pour usage de véhicules privés.,80000.0,85000.0,
2024,011,3170,Frais de repas et d'hôtel.,70000.0,56500.0,
2024,011,4210,,,,Emoluments perçus pour les autorisations délivrées dans le cadre de l'enseignement privé.
2024,011,4260,,,,Retenue sur salaire pour les téléphones mobiles et parking.
2024,011,4611,,,,Prestations des collaborateurs du service auprès de la CIIP et remboursement de la CIIP pour la participation à l'élaboration de certains moyens d'enseignement romands.
2027,012,3010,"Directeurs des établissements scolaires, Personnel administratif, Bibliothécaires, Dépositaires, Personnel en charge de l'informatique pédagogique (CIPEO).",40355500.0,40550900.0,
2027,012,3010,"Personnel administratif de l'Office du Soutien Pédagogique et de l'Enseignement spécialisé (OSPES), de la Direction Psychologie, Psychomotricité, Logopédie en milieu scolaire (DPPLS) et de l'Unité de promotion de la santé et de prévention en milieu scolaire (UPSPS).",34508200.0,33811300.0,
2027,012,3010,"Divers remboursements (APG, assurance accidents, indemnités).",-146000.0,-146000.0,
2026,012,3010,"Directeurs des établissements scolaires, Personnel administratif, Bibliothécaires, Dépositaires, Personnel en charge de l'informatique pédagogique (CIPEO).",40550900.0,40219100.0,
2026,012,3010,"Personnel administratif de l'Office du Soutien Pédagogique et de l'Enseignement spécialisé (OSPES), de la Direction Psychologie, Psychomotricité, Logopédie en milieu scolaire (DPPLS) et de l'Unité de promotion de la santé et de prévention en milieu scolaire (UPSPS).",33811300.0,32976300.0,
2026,012,3010,"Divers remboursements (APG, assurance accidents, indemnités)",-146000.0,-146000.0,
2025,012,3010,"Directeurs des établissements scolaires, Personnel administratif, Bibliothécaires, Dépositaires, Personnel en charge de l'informatique pédagogique (CIPEO).",38980900.0,37905900.0,
2025,012,3010,"Personnel administratif de l'Office du Soutien Pédagogique et de l'Enseignement spécialisé (OSPES) et de la Direction Psychologie, Psychomotricité, Logopédie en milieu scolaire (DPPLS).",34214500.0,29695000.0,
2025,012,3010,"Divers remboursements (APG, assurance accidents, indemnités)",-146000.0,-146000.0,
2024,012,3010,"Directeurs des établissements scolaires, Personnel administratif, Bibliothécaires, Dépositaires, Personnel en charge de l'informatique pédagogique (CIPEO).",37905900.0,37693800.0,
2024,012,3010,"Personnel administratif de l'Office du Soutien Pédagogique et de l'Enseignement spécialisé (OSPES) et de la Direction Psychologie, Psychomotricité, Logopédie en milieu scolaire (DPPLS).",29695000.0,22762300.0,
2024,012,3010,"Divers remboursements (APG, assurance accidents, indemnités)",-146000.0,-65000.0,
2023,012,3010,"Directeurs des établissements scolaires, Personnel administratif, Bibliothécaires, Dépositaires, Informatique pédagogique (CIPEO).",37693800.0,36925700.0,
2023,012,3010,"Personnel administratif de l'Office du Soutien Pédagogique et de l'Enseignement spécialisé (OSPES) et de la Direction Psychologie, Psychomotricité, Logopédie en milieu scolaire (DPPLS).",22762300.0,23851400.0,
2023,012,3010,Remboursement d'APG pour le service militaire ou protection civile.,-60000.0,-1000.0,
2023,012,3010,Remboursement d'indemnités versées par des tiers responsables.,-5000.0,-2000.0,
2021,012,3010,"Directeurs des établissements scolaires (93 ETP), Personnel administratif (175.76 ETP), Bibliothécaires (35.88 ETP), Dépositaires (27 ETP), Informatique pédagogique (24.16 ETP). Voir 3030.",35816100.0,35819500.0,
2021,012,3010,Personnel administratif des offices et des spécialistes de l'Office de psychologie scolaire (285.98 ETP).,23482800.0,22523700.0,
2021,012,3010,Remboursement d'APG pour congé maternité.,-50000.0,0.0,
2021,012,3010,Remboursement d'APG pour le service militaire ou protection civile.,-1000.0,-1000.0,
2021,012,3010,Remboursement d'indemnités journalières des assurances maladie et accidents.,-40000.0,0.0,
2021,012,3010,Remboursement d'indemnités versées par des tiers responsables.,-2000.0,-2000.0,
2023,013,3010,,,,Traitements du personnel administratif.
2022,013,3010,Personnel administratif.,23785700.0,21628600.0,
2022,013,3010,Remboursement d'APG pour le service militaire ou protection civile.,-4000.0,-4000.0,
2022,013,3010,Remboursement d'APG pour congé maternité.,-30000.0,-30000.0,
2022,013,3010,Remboursement d'indemnités journalières des assurances maladie et accidents.,-10000.0,-10000.0,
2021,013,3010,Personnel administratif (transfert des apprentis et stagiaires compte 3030).,20819200.0,20760400.0,
2021,013,3010,Transfert des Conseillers aux apprentis (CApp) du SP014.,809400.0,0.0,
2021,013,3010,Remboursement d'APG pour le service militaire ou protection civile.,-4000.0,-4000.0,
2021,013,3010,Remboursement d'APG pour congé maternité.,-30000.0,-30000.0,
2021,013,3010,Remboursement d'indemnités journalières des assurances maladie et accidents.,-10000.0,-10000.0,
2024,013,3020,,,,Intervenants dans les cours de formation pour formateurs en entreprise (CFFE).
2023,013,3020,,,,Intervenants dans les cours de formation pour formateurs en entreprise (CFFE).
2022,013,3020,,,,Intervenants dans les cours de formation pour formateurs en entreprise (CFFE).
2021,013,3020,,,,Intervenants dans les cours de formation pour formateurs en entreprise (CFFE).
2026,013,3030,Renforts pendant la session des procédures de qualification et aides ponctuelles.,576000.0,576000.0,
2026,013,3030,Salaires apprentis et stagiaires.,407200.0,415500.0,
2025,013,3030,Renforts pendant la session des procédures de qualification et aides ponctuelles.,576000.0,609000.0,
2025,013,3030,Salaires apprentis et stagiaires.,415500.0,406400.0,
2024,013,3030,Renforts pendant la session des procédures de qualification et aides ponctuelles.,609000.0,586300.0,
2024,013,3030,Salaires apprentis et stagiaires.,406400.0,427500.0,
2022,013,3030,"Nécessité de recourir à du personnel auxiliaire lors de la saisie des nouveaux contrats, pendant la session des procédures de qualification ainsi que pour des aides ponctuelles dans les différentes divisions et unités de la DGEP.",350000.0,350000.0,
2022,013,3030,Salaires apprentis et stagiaires.,379000.0,348600.0,
2021,013,3030,"Nécessité de recourir à du personnel auxiliaire lors de la saisie des nouveaux contrats, pendant la session des procédures de qualification ainsi que pour des aides ponctuelles dans les différentes divisions et unités de la DGEP.",350000.0,350000.0,
2021,013,3030,Salaires apprentis et stagiaires (transfert compte 3010).,348600.0,0.0,
2026,013,3049,,,,Frais professionnels des apprentis.
2025,013,3049,,,,Frais professionnels des apprentis.
2024,013,3049,,,,Frais professionnels des apprentis.
2022,013,3049,,,,Frais professionnels des apprentis engagés dans les secteurs administratifs du service.
2021,013,3049,,,,Frais professionnels des apprentis engagés dans les secteurs administratifs du service.
2026,013,3090,,,,Frais de formation du personnel administratif.
2025,013,3090,,,,Frais de formation du personnel administratif.
2024,013,3090,,,,Frais de formation du personnel administratif et enseignants.
2022,013,3090,Frais de participation aux congrès.,10000.0,10000.0,
2022,013,3090,Frais de formation.,156000.0,175000.0,
2021,013,3090,Frais de participation aux congrès.,10000.0,10000.0,
2021,013,3090,Frais de formation.,175000.0,164500.0,
2021,013,3103,professionnelle.,318000.0,318000.0,
2021,013,3103,postobligatoire.,7100.0,6000.0,
2021,013,3103,,,,Publications d'information documentaire de l'Office cantonal d'orientation scolaire et Littérature spécialisée à l'usage de la Direction générale de l'enseignement
2025,013,3130,Frais d'envois postaux.,185000.0,185000.0,
2025,013,3130,Frais de téléphonie fixe et mobile.,67600.0,64500.0,
2025,013,3130,Frais de télécommunication.,2000.0,2000.0,
2025,013,3130,Frais de représentation du service.,207700.0,174700.0,
2025,013,3130,Frais d'organisation de congrès.,93200.0,94700.0,
2025,013,3130,Indemnités des experts aux procédures de qualification ainsi que pour les cours d'instruction destinés aux experts.,6059500.0,6159500.0,
2025,013,3130,Cotisations diverses.,2000.0,1500.0,
2025,013,3130,Frais de nettoyage.,26300.0,25800.0,
2025,013,3130,Rémunération des intervenants extérieurs.,64400.0,24400.0,
2025,013,3130,Frais de transport de tiers.,8100.0,8100.0,
2024,013,3130,Frais d'envois postaux.,185000.0,200000.0,
2024,013,3130,Frais de téléphonie fixe et mobile.,64500.0,64500.0,
2024,013,3130,Frais de télécommunication.,2000.0,2000.0,
2024,013,3130,Frais de représentation du service.,174700.0,255200.0,
2024,013,3130,Frais d'organisation de congrès.,94700.0,122200.0,
2024,013,3130,Indemnités des experts aux procédures de qualification ainsi que pour les cours d'instruction destinés aux experts.,6159500.0,6426000.0,
2024,013,3130,Cotisations diverses.,1500.0,1000.0,
2024,013,3130,Frais de nettoyage.,25800.0,25800.0,
2024,013,3130,Rémunération des intervenants extérieurs lors des cours pour formateur en entreprise.,24400.0,200400.0,
2024,013,3130,Frais de transport de tiers.,8100.0,8100.0,
2022,013,3130,Frais d'envois postaux.,168000.0,205000.0,
2022,013,3130,Frais de téléphonie fixe et mobile.,66500.0,66200.0,
2022,013,3130,Frais de télécommunication.,0.0,500.0,
2022,013,3130,Frais de représentation du service.,196200.0,237200.0,
2022,013,3130,Frais d'organisation de congrès.,86200.0,76200.0,
2022,013,3130,Indemnités des experts aux procédures de qualification ainsi que pour les cours d'instruction destinés aux experts.,6267000.0,6126000.0,
2022,013,3130,Cotisations diverses.,1000.0,1000.0,
2022,013,3130,Frais de nettoyage.,25800.0,24300.0,
2022,013,3130,Rémunération des intervenants extérieurs lors des cours pour formateur en entreprise.,236900.0,247600.0,
2022,013,3130,Frais de transport de tiers.,8100.0,5600.0,
2021,013,3130,Frais d'envois postaux.,205000.0,205000.0,
2021,013,3130,Frais de téléphonie fixe et mobile.,66200.0,71200.0,
2021,013,3130,Frais de télécommunication.,500.0,500.0,
2021,013,3130,Frais de représentation du service.,237200.0,142700.0,
2021,013,3130,Frais d'organisation de congrès.,76200.0,41700.0,
2021,013,3130,Indemnités des experts aux procédures de qualification ainsi que pour les cours d'instruction destinés aux experts.,6126000.0,6196000.0,
2021,013,3130,Cotisations diverses.,1000.0,1000.0,
2021,013,3130,Frais de nettoyage.,24300.0,24000.0,
2021,013,3130,Rémunération des intervenants extérieurs lors des cours pour formateur en entreprise.,247600.0,229600.0,
2021,013,3130,Frais de transport de tiers.,5600.0,5600.0,
2025,013,3132,"Honoraires conseillers externes, experts, spécialistes.",498300.0,438300.0,
2025,013,3132,Certification professionnelle des adultes (CPA).,111700.0,170000.0,
2025,013,3132,Mandat CEP pour la formation des Cours de formation pour formateurs et formatrices en entreprise (CFFE). Transfert à la rubrique 3636.23.,0.0,433000.0,
2024,013,3132,"Honoraires conseillers externes, experts, spécialistes.",438300.0,435000.0,
2024,013,3132,Certification professionnelle des adultes (CPA).,170000.0,796000.0,
2024,013,3132,Mandat CEP pour la formation des Cours de formation pour formateurs et formatrices en entreprise (CFFE).,433000.0,30000.0,
2024,013,3138,Développement de la mobilité internationale des jeunes vaudois en formation professionnelle initiale.,0.0,4000.0,
2024,013,3138,Programme PLUS destiné aux jeunes HP.,157000.0,157000.0,
2024,013,3138,Prix et récompenses.,12000.0,12000.0,
2021,014,3010,Personnel administratif (transfert des apprentis et stagiaires compte 3030).,20313000.0,22398100.0,
2021,014,3010,Remboursement d'APG pour le service militaire ou protection civile.,-25000.0,-25000.0,
2021,014,3010,Remboursement d'APG pour congé maternité.,-25000.0,-25000.0,
2021,014,3010,Remboursement d'indemnités journalières des assurances maladie et accidents.,-58000.0,-58000.0,
2020,014,3010,Salaires du personnel administratif.,22398100.0,21906900.0,
2020,014,3010,Remboursement d'APG pour le service militaire ou protection civile.,-25000.0,-26000.0,
2020,014,3010,Remboursement d'APG pour congé maternité.,-25000.0,-81000.0,
2020,014,3010,Remboursement d'indemnités journalières des assurances maladie et accidents.,-58000.0,-51000.0,
2027,014,3020,Traitements du personnel enseignant.,371923500.0,365273700.0,
2027,014,3020,Fonds COSAB.,550000.0,550000.0,
2026,014,3020,Traitements du personnel enseignant.,365273700.0,353875100.0,
2026,014,3020,Fonds COSAB.,550000.0,550000.0,
2025,014,3020,Traitements du personnel enseignant.,353875100.0,339871100.0,
2025,014,3020,Fonds COSAB.,550000.0,550000.0,
2024,014,3020,Traitements du personnel enseignant.,339871100.0,330535200.0,
2024,014,3020,Fonds COSAB.,550000.0,550000.0,
2027,014,3030,"Appuis ponctuels pour les secrétariats, économats et bibliothèques et des assistants de pré-formation.",1040500.0,726900.0,
2027,014,3030,Salaires apprentis et stagiaires (hors Centre d'Orientation et de Formation Professionnelles - COFOP).,1338800.0,1338800.0,
2027,014,3030,Personnel auxiliaire COFOP (principalement antennes de restauration).,589800.0,589800.0,
2027,014,3030,Salaires apprentis et stagiaires COFOP.,2432400.0,2548600.0,
2027,014,3030,Personnel auxiliaire à l'Ecole de l'Accueil (EdA).,500000.0,441700.0,
2026,014,3030,"Appuis ponctuels pour les secrétariats, économats et bibliothèques et des assistants de pré-formation.",726900.0,733700.0,
2026,014,3030,Salaires apprentis et stagiaires (hors Centre d'Orientation et de Formation Professionnelles - COFOP).,1338800.0,1345300.0,
2026,014,3030,Personnel auxiliaire COFOP (principalement antennes de restauration).,589800.0,777300.0,
2026,014,3030,Salaires apprentis et stagiaires COFOP.,2548600.0,2243300.0,
2026,014,3030,Personnel auxiliaire à l'Ecole de l'Accueil (EdA).,441700.0,474800.0,
2025,014,3030,"Appuis ponctuels pour les secrétariats, économats et bibliothèques et des assistants de pré-formation.",733700.0,715200.0,
2025,014,3030,Salaires apprentis et stagiaires (hors Centre d'Orientation et de Formation Professionnelles - COFOP).,1345300.0,1233900.0,
2025,014,3030,Personnel auxiliaire COFOP (principalement antennes de restauration).,777300.0,777300.0,
2025,014,3030,Salaires apprentis et stagiaires COFOP.,2243300.0,2304000.0,
2025,014,3030,Personnel auxiliaire à l'Ecole de l'Accueil (EdA).,474800.0,0.0,
2024,014,3030,"Appuis ponctuels pour les secrétariats, économats et bibliothèques et des assistants de pré-formation.",715200.0,675000.0,
2024,014,3030,Salaires apprentis et stagiaires (hors COFOP).,1233900.0,1301200.0,
2024,014,3030,Personnel auxiliaire COFOP (principalement antennes de restauration).,777300.0,869400.0,
2024,014,3030,Salaires apprentis et stagiaires COFOP (développement des antennes de restauration).,2304000.0,2979100.0,
2027,014,3049,"Frais professionnels forfaitaires de CHF 960.- par année, alloués aux apprentis et aux élèves des écoles de métiers.",3052400.0,2928200.0,
2027,014,3049,Indemnités de stage de CHF 400.- par mois alloués aux étudiants de l'ES Santé.,664000.0,664000.0,
2026,014,3049,"Frais professionnels forfaitaires de CHF 960.- par année, alloués aux apprentis et aux élèves des écoles de métiers.",2928200.0,3012500.0,
2026,014,3049,Indemnités de stage de CHF 400.- par mois alloués aux étudiants de l'ES Santé.,664000.0,592000.0,
2025,014,3049,"Frais professionnels forfaitaires de CHF 960.- par année, alloués aux apprentis et aux élèves des écoles de métiers.",3012500.0,3110200.0,
2025,014,3049,Indemnités de stage de CHF 400.- par mois alloués aux étudiants de l'ES Santé.,592000.0,772000.0,
2024,014,3049,"Frais professionnels forfaitaires de CHF 960.- par année, alloués aux apprentis et aux élèves des écoles de métiers.",3110200.0,3091600.0,
2024,014,3049,Indemnités de stage de CHF 400.- par mois alloués aux étudiants de l'ES Santé.,772000.0,772000.0,
2026,014,3050,"Cotisations AVS, AC.",25813200.0,24981100.0,
2026,014,3050,Fonds COSAB.,34800.0,34800.0,
2024,014,3050,"Cotisations AVS, AC.",24036800.0,23352500.0,
2024,014,3050,Fonds COSAB.,34800.0,34800.0,
2026,014,3052,Cotisations salariales aux Caisses de pensions.,45694500.0,44217800.0,
2026,014,3052,Fonds COSAB.,63300.0,63300.0,
2026,014,3053,Cotisations salariales aux Assurances accidents.,599600.0,599600.0,
2026,014,3053,Primes d'assurance accidents pour les élèves des écoles de métiers.,582100.0,557800.0,
2026,014,3053,Fonds COSAB.,700.0,700.0,
2026,014,3054,Cotisations salariales aux Caisses d'allocations familiales.,10012000.0,10108700.0,
2026,014,3054,Fonds COSAB.,15200.0,15200.0,
2026,014,3059,Cotisations salariales aux autres cotisations patronales.,243600.0,235800.0,
2026,014,3059,Fonds COSAB.,400.0,400.0,
2026,015,3030,,,,Opportunité de soutien temporaire différée
2020,015,3030,,,,Réduction du budget dévolu aux renforts ponctuels.
2024,015,3110,,,,Suspension temporaire des achats de mobilier et équipement.
2026,015,3130,Redimensionnement du soutien aux programmes d'échanges internationaux,496400.0,770000.0,
2026,015,3130,Cotisations à des structures intercantonales,410000.0,410000.0,
2026,015,3130,"Frais de port, de téléphone et de représentation",8600.0,8600.0,
2024,015,3130,Développement et échanges internationaux.,770000.0,770000.0,
2024,015,3130,Cotisations à des structures intercantonales,380000.0,375000.0,
2024,015,3130,"Frais de port, de téléphone et de représentation",9000.0,10500.0,
2022,015,3130,Développement et échanges internationaux.,770000.0,970000.0,
2022,015,3130,Cotisations diverses,360000.0,360000.0,
2022,015,3130,"Frais de port, de téléphone et de représentation",11000.0,11000.0,
2021,015,3130,Développement et échanges internationaux.,970000.0,970000.0,
2021,015,3130,Cotisations diverses,360000.0,360000.0,
2021,015,3130,"Frais de port, de téléphones et de représentation",11000.0,12000.0,
2020,015,3130,Développement et échanges internationaux.,970000.0,1170000.0,
2020,015,3130,Cotisations aux organes de pilotage intercantonaux,327000.0,313000.0,
2020,015,3130,Cotisations diverses,33000.0,50000.0,
2020,015,3130,"Frais de port, de téléphones et de représentation",12000.0,14000.0,
2026,015,3132,,,,"Ce compte enregistre pour l'essentiel les coûts des audits des comptes de l'Unil, de la HEP et des HES cantonales."
2024,015,3132,,,,"Ce compte enregistre pour l'essentiel les coûts des audits des comptes de l'Unil, de la HEP et des HES cantonales."
2022,015,3132,,,,"Ce compte enregistre pour l'essentiel les coûts des audits des comptes de l'Unil, de la HEP et des HES cantonales."
2021,015,3132,,,,"Ce compte enregistre pour l'essentiel les coûts des audits des comptes de l'Unil, de la HEP et des HES cantonales."
2026,015,3611,Participation pour les étudiants vaudois fréquentant d'autres universités en application de l'accord intercantonal universitaire AIU,47200000.0,45500000.0,
2026,015,3611,Contributions selon l'accord AHES,8100000.0,7800000.0,
2026,015,3611,Contribution à la HES-SO,139874400.0,132840000.0,
2024,015,3611,Participation pour les étudiants vaudois fréquentant d'autres universités en application de l'accord intercantonal universitaire AIU,48000000.0,48000000.0,
2024,015,3611,Contributions selon l'accord AHES,8000000.0,8000000.0,
2024,015,3611,Contribution à la HES-SO,127840000.0,127640000.0,
2022,015,3611,Participation pour les étudiants vaudois fréquentant d'autres universités en application de l'accord intercantonal universitaire AIU,46400000.0,45000000.0,
2022,015,3611,Contributions selon l'accord AHES,8300000.0,7400000.0,
2022,015,3611,Contribution à la HES-SO,126640000.0,126390000.0,
2022,015,3611,,,,"Augmentation du nombre d'étudiants hors canton, en particulier dans le domaine universitaire."
2021,015,3611,Enseignement universitaire AIU,45000000.0,43300000.0,
2021,015,3611,Participation à l'accord AHES,7400000.0,7200000.0,
2021,015,3611,Contribution à la HES-SO,126390000.0,125550000.0,
2021,015,3611,,,,"Augmentation du nombre d'étudiants hors canton, en particulier dans le domaine universitaire."
2026,015,3634,Subvention cantonale à l'Unil,354924400.0,368849400.0,
2026,015,3634,Subvention cantonale à la HEP,68529300.0,65477300.0,
2026,015,3634,Subventions aux HES cantonales,35759600.0,33368600.0,
2026,015,3634,Restitution supputée de subvention au titre de l'exercice précédent (HEP et HES cantonales),-1017000.0,-1000000.0,
2024,015,3634,Subvention cantonale à l'Unil,357841100.0,348190900.0,
2024,015,3634,Subvention cantonale à la HEP,62187300.0,57470800.0,
2024,015,3634,Subventions aux HES cantonales,28545000.0,25573300.0,
2024,015,3634,Restitution supputée de subvention au titre de l'exercice précédent (HEP et HES cantonales),-1000000.0,-1000000.0,
2022,015,3634,Subvention cantonale à l'Unil,337436000.0,331308100.0,
2022,015,3634,Subvention cantonale à la HEP,55920500.0,55103300.0,
2022,015,3634,Subventions aux HES cantonales,24919600.0,24223000.0,
2022,015,3634,Restitution supputée de subvention au titre de l'exercice précédent (HEP et HES cantonales),-1000000.0,-150000.0,
2021,015,3634,Unil,331308100.0,326308100.0,
2021,015,3634,HEP,55103300.0,53001700.0,
2021,015,3634,Subventions aux HES cantonales,24223000.0,24700000.0,
2021,015,3634,Restitution supputée de subvention des HES cantonales au titre de l'exercice précédent,-150000.0,-450000.0,
2026,015,3636,Hautes écoles privées membres de la HES-SO,22915000.0,21994600.0,
2026,015,3636,Restitution supputée de subvention des HES privées au titre de l'exercice précédent,-87500.0,-170000.0,
2026,015,3636,Fondation Jean Monnet : adaptation à la nouvelle convention signée début 2025.,882000.0,890000.0,
2024,015,3636,Hautes écoles privées membres de la HES-SO,21161800.0,19244800.0,
2024,015,3636,Restitution supputée de subvention des HES privées au titre de l'exercice précédent,-170000.0,-170000.0,
2024,015,3636,Fondation Jean Monnet,890000.0,890000.0,
2022,015,3636,Hautes écoles privées membres de la HES-SO,18567700.0,18077400.0,
2022,015,3636,Restitution supputée de subvention des HES privées au titre de l'exercice précédent,-170000.0,-170000.0,
2022,015,3636,Fondation Jean Monnet,882000.0,882000.0,
2021,015,3636,Hautes écoles privées membres de la HES-SO,18077400.0,17900000.0,
2021,015,3636,Restitution supputée de subvention des HES privées au titre de l'exercice précédent,-170000.0,-200000.0,
2021,015,3636,Fondation Jean Monnet,882000.0,882000.0,
2026,015,3704,Participation des autres cantons pour leurs étudiants (AIU) versée à l'Unil,70200000.0,68900000.0,
2026,015,3704,Subvention fédérale de base aux universités (LEHE) versée à l'Unil,102900000.0,102900000.0,
2026,015,3704,Enveloppes HES-SO versées aux écoles cantonales concernées,80959600.0,78900000.0,
2022,015,3704,Participation des autres cantons pour leurs étudiants (AIU) versée à l'Unil,71500000.0,68600000.0,
2022,015,3704,Subvention fédérale de base aux universités (LEHE) versée à l'Unil,100800000.0,95500000.0,
2022,015,3704,Enveloppes HES-SO versées aux écoles cantonales concernées,79400000.0,80400000.0,
2021,015,3704,Accord intercantonal universitaire (AIU) versé à l'Unil,68600000.0,66700000.0,
2021,015,3704,Subvention fédérale aux universités (LEHE) versée à l'Unil,95500000.0,92500000.0,
2021,015,3704,Enveloppes HES-SO versées aux écoles cantonales concernées,80400000.0,80600000.0,
2026,015,3706,,,,Enveloppes HES-SO versées aux hautes écoles HES de droit privé concernées.
2021,015,3706,,,,Enveloppes HES-SO versées aux écoles privées concernées.
2026,015,4230,,,,Écolages des étudiants vaudois autorisés à suivre une année préparatoire aux HES dans un autre canton.
2021,015,4230,,,,Ecolages facturés aux étudiants vaudois en année préparatoire HES hors-canton.
2026,015,4611,,,,Participation des cantons de Fribourg et du Valais en application des conventions relatives à l'enseignement HES de la musique.
2021,015,4611,,,,Participation des cantons de Fribourg et du Valais en application des conventions relatives à l'enseignement HES de la musique.
2021,015,4634,,,,La restitution financière de l'Unil prévue en 2020 a été décalée sur 2021.
2026,015,4636,,,,Part de la contribution à la HES-SO relative à la formation pratique mise à charge du monde socio-sanitaire (voir rubrique 3611.3).
2021,015,4636,,,,Part de la contribution à la HES-SO (voir 3611) mise à charge du monde socio-sanitaire.
2021,015,4701,,,,Voir 3704 et 3706
2027,017,3030,Palais de Rumine et Musées cantonaux : accueil et surveillance.,700000.0,700000.0,
2027,017,3030,"Bibliothèque cantonale et universitaire : accueil et surveillance, prestations aux bibliothèques scolaires, accompagnement extension Unithèque. Travaux de rangement des documents (CHF 167'800) financés par le Fonds de la bibliothèque cantonale et universitaire (N°3018).",1009800.0,922300.0,
2027,017,3030,"Direction et Musées cantonaux : médiation culturelle, gestion documentaire, communication, projets et études ponctuels. Travaux de restauration, de recherche et de numérisation des collections (CHF 260'000) financés par le Fonds des musées cantonaux d'archéologie et des sciences naturelles (N° 3025).",600000.0,340000.0,
2027,017,3030,Personnel en formation,210000.0,210000.0,
2027,017,3030,Civilistes.,45000.0,45000.0,
2026,017,3030,Palais de Rumine et Musées cantonaux : accueil et surveillance.,700000.0,630000.0,
2026,017,3030,"Bibliothèque cantonale et universitaire : accueil et surveillance, prestations aux bibliothèques scolaires, accompagnement extension Unithèque.",922300.0,930600.0,
2026,017,3030,"Direction et Musées cantonaux : médiation culturelle, travaux scientifiques, restauration des collections, gestion documentaire.",340000.0,340000.0,
2026,017,3030,Personnel en formation,210000.0,251500.0,
2026,017,3030,Civilistes.,45000.0,44200.0,
2025,017,3030,Palais de Rumine et Musées cantonaux: accueil et surveillance.,630000.0,500000.0,
2025,017,3030,"Bibliothèque cantonale et universitaire : accueil et surveillance, prestations aux bibliothèques scolaires, accompagnement extension Unithèque.",930600.0,875000.0,
2025,017,3030,"Musées cantonaux : médiation culturelle, travaux scientifiques, restauration des collections, gestion documentaire, communication, projets et études ponctuels.",340000.0,635000.0,
2025,017,3030,Personnel en formation,251500.0,218600.0,
2025,017,3030,Civilistes.,44200.0,44200.0,
2024,017,3030,Palais de Rumine et Espace Arlaud : accueil et surveillance.,500000.0,500000.0,
2024,017,3030,"Bibliothèque cantonale et universitaire : accueil et surveillance, prestations aux bibliothèques scolaires, accompagnement extension Unithèque.",875000.0,880000.0,
2024,017,3030,"Direction SERAC et Musées cantonaux : médiation culturelle, travaux scientifiques, restauration des collections, gestion documentaire, communication, projets et études ponctuels.",635000.0,330000.0,
2024,017,3030,Personnel en formation,218600.0,243000.0,
2024,017,3030,Civilistes.,44200.0,44200.0,
2022,017,3030,Palais de Rumine et Espace Arlaud : accueil et surveillance.,500000.0,500000.0,
2022,017,3030,"BCU Lausanne : accueil et surveillance, intégration des bibliothèques scolaires sur Renouvaud, support au projet d'extension du bâtiment Unithèque.",1018200.0,940000.0,
2022,017,3030,"Direction SERAC et Musées cantonaux : médiation culturelle, travaux scientifiques, restauration des collections, projets et études ponctuels.",313400.0,585300.0,
2022,017,3030,Personnel en formation,250700.0,0.0,
2022,017,3030,Civilistes.,48000.0,48000.0,
2021,017,3030,Palais de Rumine et Espace Arlaud : accueil et surveillance.,500000.0,510000.0,
2021,017,3030,"BCU Lausanne : accueil et surveillance, intégration des bibliothèques scolaires sur Renouvaud, support au projet d'extension du bâtiment Unithèque.",940000.0,899000.0,
2021,017,3030,"Direction SERAC et Musées cantonaux : médiation culturelle, travaux scientifiques, restauration des collections, projets et études ponctuels.",585300.0,540000.0,
2021,017,3030,Civilistes.,48000.0,88000.0,
2020,017,3030,Palais de Rumine et Espace Arlaud : accueil et surveillance.,510000.0,520000.0,
2020,017,3030,"BCU Lausanne : accueil et surveillance, intégration des bibliothèques scolaires sur le réseau vaudois Renouvaud.",899000.0,897000.0,
2020,017,3030,"Direction SERAC et Musées cantonaux : médiation culturelle, travaux scientifiques, restauration des collections, projets et études ponctuels.Compensation compte 3010.",540000.0,751000.0,
2020,017,3030,Civilistes.,88000.0,94000.0,
2027,017,3119,Musées cantonaux : acquisitions collections.,131000.0,145000.0,
2027,017,3119,Bibliothèque cantonale et universitaire : acquisitions collections.,1046600.0,966600.0,
2027,017,3119,Fonds des acquisitions UNIL - N° 3032,7888700.0,7329100.0,
2026,017,3119,Musées cantonaux : acquisitions collections.,145000.0,160000.0,
2026,017,3119,Bibliothèque cantonale et universitaire : acquisitions collections.,966600.0,1095000.0,
2026,017,3119,Fonds des acquisitions UNIL - N° 3032,7329100.0,7281300.0,
2025,017,3119,Musées cantonaux : acquisitions collections.,160000.0,160000.0,
2025,017,3119,Bibliothèque cantonale et universitaire : acquisitions collections.,1095000.0,935000.0,
2025,017,3119,Fonds des acquisitions UNIL - N° 3032,7281300.0,7149600.0,
2022,017,3119,Musées cantonaux : acquisitions collections.,162000.0,158000.0,
2022,017,3119,BCU Lausanne : acquisitions collections.,935000.0,995000.0,
2022,017,3119,Fonds des acquisitions UNIL - N° 3032,6976700.0,6897800.0,
2022,017,3119,Fonds cantonal des activités culturelles - N° 3000,70000.0,70000.0,
2021,017,3119,Musées cantonaux : acquisitions collections.,158000.0,318000.0,
2021,017,3119,BCU Lausanne : acquisitions collections.,995000.0,1077000.0,
2021,017,3119,Fonds des acquisitions UNIL - N° 3032,6897800.0,6790100.0,
2021,017,3119,Fonds cantonal des activités culturelles - N° 3000,70000.0,70000.0,
2020,017,3119,Musées cantonaux : acquisitions collections.,318000.0,327000.0,
2020,017,3119,BCU Lausanne : acquisitions collections.,1077000.0,1180000.0,
2020,017,3119,Fonds des acquisitions UNIL - N° 3032,6790100.0,6558600.0,
2020,017,3119,Fonds cantonal des activités culturelles - N° 3000,70000.0,70000.0,
2027,017,3130,Frais de port,87800.0,91000.0,
2027,017,3130,Frais de téléphone,17400.0,19000.0,
2027,017,3130,Frais de représentation,149000.0,102100.0,
2027,017,3130,Indemnités et frais de commissions,70000.0,61500.0,
2027,017,3130,Cotisations diverses,49500.0,66300.0,
2027,017,3130,Frais de nettoyage,142000.0,83000.0,
2027,017,3130,Frais de surveillance,452000.0,385000.0,
2027,017,3130,Rémunération des intervenants extérieurs,171000.0,154000.0,
2027,017,3130,Frais de transport,46200.0,76500.0,
2026,017,3130,Frais de port,91000.0,92200.0,
2026,017,3130,Frais de téléphone,19000.0,30600.0,
2026,017,3130,Frais de représentation,102100.0,155200.0,
2026,017,3130,Indemnités et frais de commissions,61500.0,61500.0,
2026,017,3130,Cotisations diverses,66300.0,71500.0,
2026,017,3130,Frais de nettoyage,83000.0,123000.0,
2026,017,3130,Frais de surveillance,385000.0,375500.0,
2026,017,3130,Rémunération des intervenants extérieurs,154000.0,130000.0,
2026,017,3130,Frais de transport,76500.0,63500.0,
2022,017,3130,Frais de port,114200.0,118800.0,
2022,017,3130,"Frais divers : CCP, bancaires, contentieux.",2200.0,4600.0,
2022,017,3130,Frais de téléphone,41900.0,39700.0,
2022,017,3130,Frais de représentation,53700.0,57500.0,
2022,017,3130,Indemnités et frais de commissions,50000.0,50000.0,
2022,017,3130,Cotisations diverses,52300.0,69900.0,
2022,017,3130,Frais de nettoyage,101100.0,72100.0,
2022,017,3130,Frais de surveillance,362500.0,354500.0,
2022,017,3130,Rémunération des intervenants extérieurs,98000.0,92500.0,
2022,017,3130,Frais de transport,47100.0,64400.0,
2021,017,3130,Frais de port,118800.0,151500.0,
2021,017,3130,"Frais divers : CCP, bancaires, contentieux.",4600.0,4600.0,
2021,017,3130,Frais de téléphone,39700.0,48900.0,
2021,017,3130,Frais de représentation,57500.0,93500.0,
2021,017,3130,Indemnités et frais de commissions,50000.0,55000.0,
2021,017,3130,Cotisations diverses,69900.0,76700.0,
2021,017,3130,Frais de nettoyage,72100.0,34500.0,
2021,017,3130,Frais de surveillance,354500.0,259100.0,
2021,017,3130,Rémunération des intervenants extérieurs,92500.0,95100.0,
2021,017,3130,Frais de transport,64400.0,77000.0,
2026,017,3132,"Direction : sensibilisation à la culture et médiation culturelle, projets et études ponctuels.",170000.0,200000.0,
2026,017,3132,"Musées cantonaux : numérisation des collections, expositions et muséographie, gestion documentaire, communication.",650000.0,700000.0,
2026,017,3132,"Bibliothèque cantonale et universitaire : restauration, numérisation, inventaires, maintenance Renouvaud, signalétique extension Unithèque",994000.0,744000.0,
2021,017,3132,"Direction SERAC : médiation culturelle, études et analyses ponctuelles.",250000.0,544300.0,
2021,017,3132,"Musées cantonaux : mandats scientifiques, expositions et muséographie.",702000.0,679500.0,
2021,017,3132,"BCU Lausanne : études et analyses ponctuelles, restauration, numérisation, Iconopôle, inventaire manuscrits, maintenance Renouvaud.",776500.0,788000.0,
2021,017,3511,Fonds cantonal des activités culturelles - N° 3000,820000.0,820000.0,
2021,017,3511,Fonds cantonal de sensibilisation à la culture - N° 3001,280000.0,280000.0,
2021,017,3511,Fonds cantonal des arts de la scène - N° 3006,1720000.0,1720000.0,
2021,017,3511,Fonds cantonal du patrimoine mobilier et immatériel - N° 3007,100000.0,100000.0,
2021,017,3511,Fonds du Musée de l'Elysée - N° 3020,0.0,90000.0,
2021,017,3511,Fonds des publications du Musée cantonal d'Archéologie et d'Histoire - N° 3026,50000.0,50000.0,
2027,018,3010,,,,Pérennisation d'1 ETP de poste de personnel administratif
2026,018,3010,,,,"Pérennisation de 2.9 ETP de postes de personnel administratif et internalisation au sein de l¶ACV des professionnels actuellement rattachés à l¶AVASAD (UPSPS), selon décision du CE du 15.01.2025."
2025,018,3010,,,,"Augmentation due à la pérennisation d'un poste à 100% de Responsable SI métier - chef secteur USO, basé sur EMPD SI (22_LEG_77) adopté par le GC le 14.11.2023 et à la pérennisation de 4 ETP au sein de la plateforme d'appui au placement (PAP) et 1 ETP CEMA dans le cadre du développement de la politique socio-éducative."
2024,018,3010,,,,"Augmentation due à la création de postes supplémentaires d'ASPM (assistantes sociales et assistants sociaux pour la protection des mineurs), d'un renforcement en lien avec de nouvelles obligations pour les autorités de surveillance au sens de l’ordonnance sur le placement d'enfants (OPE), de la pérennisation de personnel social et d'assistant RH."
2023,018,3010,,,,Augmentation due à la pérennisation de 3.30 ETP de secrétariat et à 2.00 ETP d'ASPM (assistant social pour la protection des mineurs) (en raison d'un nombre trop élevé de dossiers d'enfants par assistant social).
2022,018,3010,,,,"Augmentation due à la pérennisation de 9.2 ETP d'ASPM, à la régularisation d'un poste de 0.4 ETP ainsi qu'au transfert de 1.320 ETP de poste administratif de la DGEO (SP 011) à la DGEJ (SP 018)."
2026,018,3020,,,,UPSPS - transfert à la DGEO de charges liées à l'internalisation des postes AVASAD au sein de l'ACV (décision du CE 15.01.2025).
2027,018,3030,,,,Régularisation des auxiliaires dans les offices (ORPM)
2025,018,3030,,,,"Engagement de personnel auxiliaire afin d'assurer l'autorisation et la surveillance, gestion des dossiers administratifs et la coordination avec les différents partenaires (institutions et familles d'accueil) dans la prise en charge des mineurs ukrainiens présents sur le territoire vaudois et relevant de la LProMin."
2023,018,3030,,,,"Réorganisation des offices régionaux de protection des mineurs (ORPM): équipe de projet pour l'accompagnement logistique, déplacement du personnel, transfert de dossiers d'enfants entre les offices et entre les assistants sociaux et gestion RH. Pérennisation de 3.30 ETP de secrétariat."
2022,018,3030,,,,Renforcement du budget auxiliaire pour assurer le remplacement des absences maladies et pour respecter la limite fixée par la LProMin d'une soixantaine de dossiers par ASPM (moyenne cantonale).
2021,018,3030,,,,"Transfert des postes d’apprentis précédemment comptabilisés sous 3010, et renforcement du budget auxiliaire pour répondre notamment à l’augmentation des signalements et mesures judiciaires"
2020,018,3030,,,,"Dans le cadre du plan d'actions du Conseil d’État suite au rapport Rouiller, renfort de la gestion des cas complexes et limites suivi par le SPJ."
2024,018,3090,,,,"Mise en place d'un CAS en protection de l'enfance en collaboration avec la Haute école de travail social et de la santé Lausanne (HETSL): module 2, obligatoire pour tous les assistants sociaux en protection des mineurs travaillant dans l'un des offices régionaux de la DGEJ."
2023,018,3090,,,,Mise en place d'un CAS en protection de l'enfance en collaboration avec la Haute école de travail social et de la santé Lausanne (HETSL). Le premier module du CAS est obligatoire pour tous les assistants sociaux en protection des mineurs travaillant dans l'un des offices régionaux de la DGEJ.
2023,018,3102,,,,"Élaboration de brochures d'informations en quatre langues sur le travail de la DGEJ en matière de protection, à l'attention des parents et des enfants suivis."
2022,018,3110,,,,Besoin en ameublement pour l'extension des locaux dans les Offices régionaux de protection des mineurs (ORPM).
2023,018,3130,,,,"Augmentation due à la nécessité de recourir à du personnel spécialisé dans la sécurité pour gérer la réception de l'un des ORPM. Par ailleurs, en lien avec la réorganisation des ORPM, augmentation pour couvrir les frais uniques de déménagement, ainsi que les frais pérennes de nettoyage dans le 5ème office (nouveau) et de l'ORPM de l'Ouest (agrandissement de l'office)."
2024,018,3160,,,,Loyer supplémentaire dû à la réorganisation des offices (délai de résiliation pour l'ORPM de l'Ouest) et hausse des loyers sur le marché.
2022,018,3160,,,,Loyer supplémentaire pour l'extension des locaux dans les ORPM.
2022,018,3170,,,,Augmentation des déplacements auprès des familles faisant suite aux nouveaux engagements d'ASPM.
2027,018,3511,,,,Attribution au Fonds pour la protection de la jeunesse et en faveur de l'enfance malheureuse et abandonnée (Fonds 3022).
2026,018,3511,,,,Attribution au Fonds pour la protection de la jeunesse et en faveur de l'enfance malheureuse et abandonnée (Fonds 3022).
2024,018,3511,,,,Suspension exceptionnelle de la dotation au Fonds pour la protection de la jeunesse et en faveur de l'enfance malheureuse et abandonnée (Fonds 3022).
2026,018,3634,,,,"UPSPS - transfert à la DGEO, DGS et DGEJ de charges liées à l'internalisation des postes AVASAD au sein de l'ACV (décision du CE 15.01.2025)."
2022,018,3634,,,,Convention AVASAD et programme de prévention de l'homophobie ainsi que d'autres actions de promotion de la santé et de la prévention en milieu scolaire (PSPS).
2021,018,3634,,,,Convention AVASAD et programme de prévention de l'homophobie ainsi que d'autres actions de promotion de la santé et de la prévention en milieu scolaire (PSPS).
2020,018,3636,"Institutions de la politique socio-éducative Financement du rattrapage de l’impact annuel de la politique salariale en termes d’annuité, de l'impact annuel de la CCT santé/social concernant les congés sabbatiques et remplacements du collaborateur de l'institution pour les périodes d'absence maladie hors modalités APG et nécessité de renforcer les taux d'encadrement de certaines institutions pour répondre notamment aux critères de subventionnement de l'office fédéral de la justice et de répondre à l'évolution des besoins de prise en charge des enfants de 0 à 6 ans, dans les secteurs de l'accueil d'urgence et des prestations ambulatoires.",100678500.0,92605400.0,
2020,018,3636,"Institutions hors politique socio-éducative Adaptation des ressources à l'augmentation des placements par les services placeurs (SPJ, OCTP, TM).",2700200.0,2300200.0,
2020,018,3636,"Institutions hors canton Adaptation des ressources à l'augmentation des placements par les services placeurs (SPJ, OCTP, TM).",3781300.0,3356300.0,
2020,018,3636,Politique de l'enfance et de la jeunesse,400000.0,400000.0,
2020,018,3636,Institutions de prévention Petite-Enfance,1324500.0,1324500.0,
2020,018,3636,Institutions de prévention jeunesse Renforcement de la prévention en matière d'abus sexuel et de violence domestique pour les enfants concernés. Art. 11a LProMin.,3696400.0,3431900.0,
2020,018,3636,Promotion et soutien aux activités de la jeunesse Renforcement de la participation des enfants et des jeunes (LSAJ).,575000.0,490000.0,
2020,018,3636,Formation des familles d'accueil,50000.0,50000.0,
2020,018,3636,Ateliers de préparation à l'adoption,20000.0,20000.0,
2020,018,3636,Subvention prélevée sur le Fonds Protection de la Jeunesse,3461600.0,3461600.0,
2020,018,3636,"Démarche 360° Déploiement d'éducateurs et de soutien à la parentalité en milieu scolaire. Concept 360°, volet socio-éducatif au sens de l'art 11a LProMin, prévention secondaire.",1940000.0,0.0,
2026,020,3030,,,,Auxiliaires chargés de la prévention des radicalisations prélevés sur le préfinancement
2025,020,3030,,,,Auxiliaires chargés de la prévention de la radicalisation prélevé sur le préfinancement
2027,020,3130,Frais postaux,10600.0,10000.0,
2027,020,3130,Frais de téléphone,6200.0,5000.0,
2027,020,3130,Frais de représentation,27000.0,20000.0,
2027,020,3130,Frais de commissions Organe cantonal de contrôle des films (OCCF),61000.0,58000.0,
2027,020,3130,Divers,1500.0,1500.0,
2027,020,3130,Cotisations Conférence des directeurs des départements cantonaux de justice et police (CCDJP),165000.0,165000.0,
2026,020,3130,Frais postaux,10000.0,10000.0,
2026,020,3130,Frais de téléphone,5000.0,5000.0,
2026,020,3130,Frais de représentation,20000.0,20000.0,
2026,020,3130,Frais de commissions Organe cantonal de contrôle des films (OCCF),58000.0,73000.0,
2026,020,3130,Divers,1500.0,1500.0,
2026,020,3130,Cotisations Conférence des directeurs des départements cantonaux de justice et police (CCDJP),165000.0,165000.0,
2025,020,3130,Frais postaux,10000.0,20000.0,
2025,020,3130,Frais de téléphone,5000.0,6000.0,
2025,020,3130,Frais de représentation,20000.0,22000.0,
2025,020,3130,Frais de commissions Organe cantonal de contrôle des films (OCCF),73000.0,65000.0,
2025,020,3130,Divers,1500.0,1500.0,
2025,020,3130,Cotisations Conférence des directeurs des départements cantonaux de justice et police (CCDJP),165000.0,170000.0,
2024,020,3130,Frais postaux,20000.0,22000.0,
2024,020,3130,Frais de téléphone,6000.0,10000.0,
2024,020,3130,Frais de représentation,22000.0,23000.0,
2024,020,3130,Frais de commissions Organe cantonal de contrôle des films (OCCF),65000.0,68000.0,
2024,020,3130,Divers,1500.0,1500.0,
2024,020,3130,Cotisations Conférence des directeurs des départements cantonaux de justice et police (CCDJP),170000.0,170000.0,
2023,020,3130,Frais postaux,22000.0,19000.0,
2023,020,3130,Frais de téléphone,10000.0,15000.0,
2023,020,3130,Frais de représentation,23000.0,23000.0,
2023,020,3130,Frais de commissions,68000.0,0.0,
2023,020,3130,Divers,1500.0,1500.0,
2023,020,3130,Cotisations Conférence des directeurs des départements cantonaux de justice et police (CCDJP),170000.0,169100.0,
2022,020,3130,Frais postaux,19000.0,19000.0,
2022,020,3130,Frais de téléphone,15000.0,15000.0,
2022,020,3130,Frais de représentation,23000.0,17000.0,
2022,020,3130,Frais de commissions,0.0,15000.0,
2022,020,3130,Divers,1500.0,1500.0,
2022,020,3130,Cotisations Conférence des directeurs des départements cantonaux de justice et police (CCDJP),169100.0,182400.0,
2022,020,3130,Frais organisation de congrès - Unité plan climat,70000.0,70000.0,
2021,020,3130,Frais postaux,19000.0,25400.0,
2021,020,3130,Frais de téléphone,15000.0,18900.0,
2021,020,3130,Frais de représentation,17000.0,16700.0,
2021,020,3130,Frais de commissions,15000.0,0.0,
2021,020,3130,Divers,1500.0,1500.0,
2021,020,3130,Cotisations Conférence des directeurs des départements cantonaux de justice et police (CCDJP),182400.0,190000.0,
2021,020,3130,Frais organisation de congrès - Unité plan climat,70000.0,0.0,
2020,020,3130,Frais postaux,26000.0,26000.0,
2020,020,3130,Frais de téléphone,19500.0,19500.0,
2020,020,3130,Frais de conciergerie de la cathédrale,20000.0,20000.0,
2020,020,3130,Frais de représentation,16700.0,16700.0,
2020,020,3130,Frais de commissions,12000.0,10000.0,
2020,020,3130,Divers,1500.0,1500.0,
2020,020,3130,Cotisations Conférence des directeurs des départements cantonaux de justice et police (CCDJP),190000.0,190000.0,
2027,020,3132,,,,Divers mandats attribués dans le cadre de la prévention des radicalisations prélevés sur le préfinancement
2026,020,3132,,,,Divers mandats attribués dans le cadre de la prévention des radicalisations prélevés sur le préfinancement
2025,020,3132,,,,Divers mandats attribués dans le cadre de la prévention de la radicalisation prélevés sur le préfinancement
2022,020,3132,Secrétariat général,10000.0,10000.0,
2022,020,3132,Unité plan climat,30000.0,30000.0,
2021,020,3132,Secrétariat général,10000.0,10000.0,
2021,020,3132,Unité plan climat,30000.0,0.0,
2020,020,3132,Secrétariat général,10000.0,10000.0,
2020,020,3132,Bureau d'accueil de la cathédrale par la ville de Lausanne,160000.0,160000.0,
2020,020,3150,Entretien de la Cathédrale de Lausanne,110000.0,120000.0,
2020,020,3150,Entretien mobilier et machines de bureau,2000.0,2000.0,
2025,020,3160,,,,Loyers en lien à la cellule de la prévention de la radicalisation prélevés sur le préfinancement
2024,020,3170,,,,Plan de mobilité du service au 1er janvier 2024
2020,020,3634,Subventions versées à l'Eglise évangélique réformée vaudoise,33455900.0,34083800.0,
2020,020,3634,Subventions versées à la Fédération ecclésiastique catholique romaine,27738900.0,27002600.0,
2020,020,3634,Participation au Centre romand d'information sur les croyances,55000.0,115000.0,
2020,020,3634,Pôle de prévention des radicalités religieuses et idéologiques,60000.0,0.0,
2020,020,3634,Formation aux communautés religieuses demandant la reconnaissance,20000.0,0.0,
2020,020,3634,Participation à la Communauté Israëlite de Lausanne et du canton de Vaud,137300.0,135500.0,
2027,020,3636,Projet FEDEVACO d'aide au développement.,50000.0,50000.0,
2027,020,3636,Mesures visant à promouvoir la sécurité des minorités ayant un besoin de protection particulier,300000.0,0.0,
2026,020,3636,,,,Projet FEDEVACO d'aide au développement.
2025,020,3636,,,,Projet FEDEVACO d'aide au développement.
2024,020,3636,,,,Projet FEDEVACO d'aide au développement.
2023,020,3636,,,,Projet FEDEVACO d'aide au développement.
2022,020,3636,,,,Projet FEDEVACO d'aide au développement
2021,020,3636,,,,Projet FEDEVACO d'aide au développement
2020,020,3636,,,,Projet FEDEVACO d'aide au développement
2027,020,4260,Retenues frais de téléphone,1700.0,1700.0,
2027,020,4260,Remboursements divers,900.0,900.0,
2026,020,4260,Retenues frais de téléphone,1700.0,1700.0,
2026,020,4260,Remboursements divers,900.0,900.0,
2025,020,4260,Retenues frais de téléphone,1700.0,1700.0,
2025,020,4260,Remboursements divers,900.0,900.0,
2024,020,4260,Retenues frais de téléphone,1700.0,1700.0,
2024,020,4260,Remboursements divers,900.0,900.0,
2023,020,4260,Retenues frais de téléphone,1700.0,1700.0,
2023,020,4260,Remboursements divers,900.0,900.0,
2022,020,4260,Prélèvement des coûts de l'Unité plan climat sur l'enveloppe du préfinancement,485800.0,255500.0,
2022,020,4260,Retenues frais de téléphone,1700.0,1700.0,
2022,020,4260,Remboursements divers,900.0,900.0,
2021,020,4260,Prélèvement des salaires de l'Unité plan climat sur l'enveloppe du préfinancement,255500.0,0.0,
2021,020,4260,Retenues frais de téléphone,1700.0,1700.0,
2021,020,4260,Remboursements divers,900.0,900.0,
2020,020,4309,,,,Recettes entrées à la Cathédrale de Lausanne
2020,021,3100,,,,"Pour l'essentiel, frais d'impression et d'envoi facturés par la DAL pour les courriers du secteur recouvrement."
2020,021,3103,,,,Dépenses pour la bibliothèque du service.
2020,021,3130,,,,1. Indemnités versées aux membres et enquêteurs de la Chambre des notaires. 2. Frais de poursuites liés au recouvrement des frais pénaux et de l'assistance judiciaire. 3. Paiement des frais de justice dus au titre de l'assistance judiciaire.
2020,021,3181,,,,Amortissements des créances recouvrées au titre des frais pénaux.
2020,021,3199,,,,"1. Indemnités versées aux avocats d'office en procédure civile (assistance judiciaire). 2. Indemnités versées aux personnes acquittées pour leurs frais de défense, ainsi qu'en cas de détention injustifiée (art. 429ss. du Code de procédure pénale)."
2020,021,3511,,,,Attribution du montant des créances compensatrices encaissées (voir compte 4270) au fonds pour la lutte contre les addictions (Fonds 3016).
2020,021,3635,,,,Subventionnement de l'Ordre des avocats pour l'exploitation d'une permanence des avocats de la première heure.
2020,021,3637,,,,Indemnités et réparations morales servies au titre de la loi sur l'aide aux victimes d'infractions.
2020,021,4210,,,,Taxe de monopole prélevée auprès des notaires vaudois.
2027,022,3010,,,,"Dans le cadre de la hausse continue du nombre de mandats confiés au SCTP et liée à la réforme dite des ""cas lourds"""
2026,022,3010,,,,"Dans le cadre de la hausse continue du nombre de mandats confiés au SCTP et liée à la réforme dite des ""cas lourds"", création de 3 ETP pour absorber la croissance."
2025,022,3010,,,,"Dans le cadre de la hausse continue du nombre de mandats confiés au SCTP et liée à la réforme dite des ""cas lourds"", création de 10 ETP pour absorber la croissance 2025."
2024,022,3010,,,,"Dans le cadre de la hausse continue du nombre de mandats confiés au SCTP et liée à la réforme dite des ""cas lourds"", création de 7 ETP pour absorber la croissance 2024."
2023,022,3010,,,,"Conformément à la décision du Conseil d'Etat du 28.04.2021 de réduire le nombre d'auxiliaires au SCTP, pérennisation de 15 ETP de collaborateurs engagés ces dernières années en contrat à durée déterminée. Dans le cadre de la hausse continue du nombre de mandats confiés au SCTP et liée à la réforme dite des ""cas lourds"", création de 11.5 ETP supplémentaires pour absorber la croissance nette planifiée en 2023."
2022,022,3010,,,,"Conformément à la décision du Conseil d'Etat du 28.04.2021 de réduire le nombre d'auxiliaires au SCTP, 45 ETP engagés ces dernières années en contrat à durée déterminée sont pérennisés. Dans le cadre de la hausse continue du nombre de mandats confiés au SCTP et liée à la réforme dite des ""cas lourds"", création de 28 ETP supplémentaires pour absorber la croissance 2021 (insuffisance budgétaire) et celle planifiée en 2022."
2021,022,3010,,,,"Pérennisation des collaborateurs engagés ces dernières années suite à l'augmentation du nombre de mandats liée à la réforme dite des ""cas lourds"" moins reclassement du salaire des apprentis et stagiaires sur le compte 3030."
2020,022,3010,,,,"Pérennisation des collaborateurs engagés ces dernières années suite à l'augmentation du nombre de mandats liée à la réforme dite des ""cas lourds"""
2027,022,3030,,,,"Augmentation résultant de l'engagement de personnel dans le cadre de la hausse continue du nombre de mandats confiés au SCTP et liée à la réforme dite des ""cas lourds""."
2026,022,3030,,,,"Augmentation résultant de l'engagement de personnel dans le cadre de la hausse continue du nombre de mandats confiés au SCTP et liée à la réforme dite des ""cas lourds""."
2025,022,3030,,,,Hausse due à la prise en charge des mineurs non accompagnés en provenance d'Ukraine et au personnel en formation.
2024,022,3030,,,,Augmentation due à l'engagement prévu d'un gestionnaire d'application pour le nouvel outil métier.
2023,022,3030,,,,Diminution due à la pérennisation de 15 ETP d'auxiliaires.
2022,022,3030,,,,Diminution due à la pérennisation de 45 ETP d'auxiliaires.
2021,022,3030,,,,"Augmentation résultant principalement de l'engagement de personnel dans le cadre de la réforme vaudoise des curatelles et de la poursuite de la hausse du nombre de mandats confiés au SCTP par les justices de paix d'une part et, d'autre part, du reclassement du salaire des apprentis et stagiaires depuis le compte 3010."
2020,022,3030,,,,Augmentation résultant de l'engagement de personnel dans le cadre de la réforme vaudoise des curatelles et de la poursuite de la hausse du nombre de mandats confiés au SCTP par les justices de paix
2023,022,3100,,,,Augmentation liée à la hausse du nombre de mandats.
2021,022,3100,,,,Augmentation liée à la hausse du nombre de mandats.
2020,022,3100,,,,Augmentation liée à la hausse du nombre de mandats et à des acquisitions de casques téléphoniques pour améliorer l'atteignabilité du service
2026,022,3102,,,,Réduction de la campagne de recrutement des curateurs privés volontaires.
2021,022,3102,,,,"Une campagne de recrutement de curateurs privés volontaires est prévue en 2021, mais d'une ampleur moindre, ciblée sur les régions où il y a pénurie de curateurs."
2021,022,3110,,,,"Le budget 2020 comprenait des éléments exceptionnels non reconduits au budget 2021 (complément de mobilier pour les nouveaux locaux à Vevey, centrale téléphonique)."
2027,022,3130,,,,"Augmentation principalement due à l'organisation d'une manifestation pour les 10 ans de la Réforme vaudoise de la curatelle, ainsi qu'aux frais d'interprètes pour les mineurs non accompagnés."
2025,022,3130,,,,Augmentation liée à la hausse du nombre de mandats ainsi qu'aux charges liées à l'ouverture du site de Morges dans le cadre de la régionalisation du SCTP.
2023,022,3130,,,,Augmentation liée à la hausse du nombre de mandats.
2021,022,3130,,,,Augmentation liée à la hausse du nombre de mandats.
2023,022,3132,,,,Augmentation liée à la hausse du nombre de mandats.
2021,022,3132,,,,Diminution principalement due au reclassement dans le compte 3030 du montant destiné aux renforts ponctuels pour la production des comptes périodiques des pupilles à l'attention des justices de paix.
2027,022,3160,,,,Augmentation principalement due à l'extension prévue du site de Vevey.
2026,022,3160,,,,Augmentation principalement due aux pleins effets du loyer pour le site de Morges dans le cadre de la régionalisation du SCTP.
2025,022,3160,,,,Augmentation due au loyer du nouveau site de Morges dans le cadre de la régionalisation du SCTP.
2024,022,3160,,,,"Augmentation principalement due au déménagement en juillet 2023 d'un secteur administratif du service dans de nouveaux locaux, mieux adaptés à la taille de ce secteur suite à sa croissance et permettant une centralisation sur un seul site des activités de Lausanne; l'année 2024 comprend une année complète du nouveau loyer."
2023,022,3160,,,,"Augmentation principalement due au déménagement prévu en 2023 d'un secteur administratif du service dans de nouveaux locaux, mieux adaptés à la taille de ce secteur suite à sa croissance et permettant une centralisation sur un seul site des activités de Lausanne."
2021,022,3170,,,,Diminution due à l'ouverture des locaux à Vevey impliquant des déplacements plus courts par les curateurs.
2021,022,3199,,,,Moyenne des comptes 2018 et 2019.
2027,022,4260,,,,Rémunérations accordées par les justices de paix pour notre activité de curateur : augmentation en lien avec la hausse du nombre de mandats.
2026,022,4260,,,,Augmentation due à la facturation par le support juridique du SCTP de tout ou partie de ses interventions dans le cadre de successions ou ventes immobilières lorsque c'est possible.
2025,022,4260,,,,Rémunérations accordées par les justices de paix pour notre activité de curateur : augmentation en lien avec la hausse du nombre de mandats.
2024,022,4260,,,,Rémunérations accordées par les justices de paix pour notre activité de curateur : augmentation en lien avec la hausse du nombre de mandats.
2023,022,4260,,,,Rémunérations accordées par les justices de paix pour notre activité de curateur : augmentation en lien avec la hausse du nombre de mandats.
2021,022,4260,,,,Rémunérations accordées par les justices de paix pour notre activité de curateur : augmentation en lien avec la hausse du nombre de mandats.
2027,022,4309,,,,Remboursements de frais accordés par les justices de paix pour notre activité de curateur : augmentation en lien avec la hausse du nombre de mandats.
2025,022,4309,,,,Remboursements de frais accordés par les justices de paix pour notre activité de curateur : augmentation en lien avec la hausse du nombre de mandats
2023,022,4309,,,,Remboursements de frais accordés par les justices de paix pour notre activité de curateur : augmentation en lien avec la hausse du nombre de mandats.
2021,022,4309,,,,Remboursements de frais accordés par les justices de paix pour notre activité de curateur : augmentation en lien avec la hausse du nombre de mandats.
2027,023,3030,,,,"Augmentation budgétaire de 2 ETP en lien avec l¶introduction du nouveau droit du nom pour les époux au 1er janvier 2027 et avec la décision du Conseil d¶Etat du 01.04.2026 concernant l¶usage du mandat pour cause d¶inaptitude. Ces 2 postes sont entièrement financés par les émoluments perçus pour le changement de nom (reprise du double nom). Diminution budgétaire en compensation de postes pérennisés : 1 ETP Informaticien, 3 ETP à la division Asile et 2.8 ETP à la division Étrangers pour des postes de gestionnaires de dossiers."
2026,023,3030,,,,"Augmentation du personnel à la division COASI de 2 ETP, gestionnaires financiers en audit de conformité, pour une durée déterminée de 2 ans. On constate également une diminution budgétaire en compensation de 1.6 ETP pérennisés, ainsi qu'une adaptation sur la base des dépenses enregistrées aux comptes 2024 en diminution du personnel auxiliaire, à la division asile, chargé de la gestion des dossiers ukrainiens."
2025,023,3030,,,,"Augmentation du personnel auxiliaire à la division asile nécessaire à la gestion des permis S en lien avec les réfugiés ukrainiens. Personnel auxiliaire supplémentaire en renfort aux divisions étranger, état civil, naturalisation et comptabilité en lien avec la croissance démographique."
2022,023,3030,,,,"1 poste auxiliaire supplémentaire sera incorporé au dispositif des opérations policière pour les infractions LStup. 4 postes auxiliaires (prolongation), dont 2 à la division de l'état civil et 2 au secteur des naturalisations. 2 apprentis supplémentaires, le premier dès le 01.07.21 et le second dès le 01.07.22. 5 postes auxiliaires supprimés en compensation de la pérennisation des postes en lien avec l'EMPD PA19."
2021,023,3030,,,,"5 auxiliaires en lien avec l'EMPD PA19. 4 auxiliaires, dont 2 ETP au secteur naturalisations et 2 ETP à la division état civil dans le cadre du traitement des dossiers de naturalisation (ancien et nouveau droit) et des procédures d’enregistrement des données d’état civil. 1 auxiliaire à la division Etrangers"
2027,023,3049,,,,"Indemnités pour heures de piquet au domicile et pour travail de nuit à la division asile. Heures du samedi versées aux officiers de l'état civil, lors des célébrations de mariages."
2026,023,3049,,,,"Indemnités pour heures de piquet au domicile et pour travail de nuit à la division asile dans le cadre des mesures de renvoi et d'accompagnement des personnes à l'aéroport. Heures du samedi versées aux officiers de l'état civil, lors des célébrations de mariages."
2024,023,3049,,,,"Indemnités pour heures de piquet au domicile et pour travail de nuit à la division asile dans le cadre des mesures de renvoi et d'accompagnement des personnes à l'aéroport. Heures du samedi versées aux officiers de l'état civil, lors des célébrations de mariages."
2023,023,3049,,,,"Indemnité pour heures de piquet au domicile et pour travail de nuit à la division asile dans le cadre des mesures de renvoi et d'accompagnement des personnes à l'aéroport. Heures du samedi versées aux officiers de l'état civil, lors des célébrations de mariages."
2022,023,3049,,,,"Indemnité pour heures de piquet au domicile et pour travail de nuit à la division asile dans le cadre des mesures de renvoi et d'accompagnement des personnes à l'aéroport. Heures du samedi versées aux officiers de l'état civil, lors des célébrations de mariages."
2021,023,3049,,,,"Indemnité pour heures de piquet au domicile et pour travail de nuit à la division asile dans le cadre des mesures de renvoi et d'accompagnement des personnes à l'aéroport. Heures du samedi versées aux officiers de l'état civil, lors des célébrations de mariages."
2020,023,3049,,,,"Indemnité pour heures de piquet au domicile et pour travail de nuit à la division asile dans le cadre des mesures de renvoi et d'accompagnement des personnes à l'aéroport. Heures du samedi versées aux officiers de l'état civil, lors des célébrations de mariages."
2022,023,3100,,,,EMPD PA19 : Diminution des coûts liés à l'achat du papier sécurisé et livrets.
2026,023,3102,,,,"Diminution liée à la mise à disposition des communes des documents en ligne, pour l¶organisation des tests de connaissances élémentaires, directives, rapports d¶enquête, etc."
2024,023,3102,,,,"Ouverture aux communes de A-Vaud-Test pour l’organisation des tests de connaissances élémentaires. Amélioration des documents mis à leur disposition (directives, rapports d’enquête, etc…)."
2023,023,3102,,,,"Ouverture aux communes de A-Vaud-Test pour l’organisation des tests de connaissances élémentaires. Amélioration des documents mis à leur disposition (directives, rapports d’enquête, etc…)."
2022,023,3102,,,,"Ouverture aux communes de A-Vaud-Test pour l’organisation des tests de connaissances élémentaires. Amélioration des documents mis à leur disposition (directives, rapport d’enquête, etc…)."
2023,023,3110,,,,Postes de travail nécessaires aux nouveaux collaborateurs.
2022,023,3110,,,,Postes de travail nécessaire aux nouveaux collaborateurs.
2027,023,3118,,,,Redevances annuelles de licences.
2026,023,3118,,,,"Redevance annuelle licence Sphinx, multi utilisateurs pour le BCI et licences MAORI en lien avec la cohésion sociale."
2024,023,3118,,,,"Redevance annuelle licence Sphinx, multi utilisateurs pour le BCI et licences MAORI en lien avec la cohésion sociale."
2023,023,3118,,,,"Redevance annuelle licence Sphinx, multi utilisateurs pour le BCI et 10 licences MAORI supplémentaires en lien avec la cohésion sociale."
2026,023,3120,,,,Frais d'élimination des archives liés à la numérisation des documents.
2024,023,3120,,,,Frais d'élimination des archives liés à la numérisation des documents.
2023,023,3120,,,,Frais d'élimination des archives liés à la numérisation des documents.
2022,023,3120,,,,Frais d'élimination des archives liés à la numérisation des documents.
2021,023,3120,,,,Frais d'élimination des archives liés à la numérisation des documents.
2020,023,3120,,,,Frais d'élimination des archives liés à la numérisation des documents.
2023,023,3130,"Participation aux conférences fédérales annuelles des autorités de surveillance de l'état civil, des naturalisations et des documents d'identité.",25600.0,25600.0,
2023,023,3130,Augmentation des tarifs postaux. Les envois d'actes commandés par internet sont refacturés et récupérés sous la rubrique 4260. Commissions liées aux règlements par cartes de crédit. Consommations de téléphones cellulaires. Nouveaux abonnements mobiles nécessaires à l'identification du personnel de l'état civil pour les actes électroniques.,547400.0,533400.0,
2023,023,3130,"Commission cantonale consultative des immigrés (CCCI). Jetons de présence, publications et imprimés, organisation des assises par le bureau cantonal de l'intégration (BCI).",26500.0,26500.0,
2023,023,3130,"Cotisations aux associations des services cantonaux de migration, cotisation annuelle à la conférence des autorités de surveillance de l'état civil et cotisation annuelle à l'association des services cantonaux des passeports.",16700.0,16700.0,
2023,023,3130,"Contrat de surveillance des locaux de l'avenue de Beaulieu 19 et 23, présence d'un agent de sécurité pendant les heures d'ouverture des guichets. Contrats de surveillance électronique au centre de biométrie voie du Chariot 3 à Lausanne et à la direction de l'état civil, rue Caroline 2 à Lausanne. Contrat de transport de fonds au secteur des documents d'identité. Interventions sur site en cas de déclenchement d'une alarme. Contrats de surveillance lié au regroupement de l'état civil, site de Sévelin. Sécuritas, service loge, 1 agent de 8h à 17h et redevances du système d'alarme électronique pour la surveillance de nuit. Loomis transport de fonds des caisses guichets.",393600.0,241500.0,
2023,023,3130,La fondation Polyval est mandatée pour assumer l'acheminement du courrier interne.,40500.0,40500.0,
2021,023,3130,"Participation aux conférences fédérales annuelles des autorités de surveillance de l'état civil, des naturalisations et des documents d'identité.",25600.0,25600.0,
2021,023,3130,Envois d'actes suite aux commandes par internet. Ces frais sont partiellement refacturés et récupérés sous la rubrique 4260. Commissions liées aux règlements par cartes de crédit. Consommations de téléphones cellulaires.,413400.0,413400.0,
2021,023,3130,"Commission cantonale consultative des immigrés (CCCI) : Jetons de présence, publications et imprimés, organisation des assises par le bureau cantonal de l'intégration (BCI).",26500.0,26500.0,
2021,023,3130,"Cotisations aux associations des services cantonaux de migration, cotisation annuelle à la conférence des autorités de surveillance de l'état civil et cotisation annuelle à l'association des services cantonaux des passeports.",16700.0,16700.0,
2021,023,3130,"Contrat de surveillance des locaux de l'avenue de Beaulieu 19 et 23, présence d'un agent de sécurité pendant les heures d'ouverture des guichets. Contrats de surveillance électronique au centre de biométrie voie du Chariot 3 à Lausanne et à la direction de l'état civil, rue Caroline 2 à Lausanne. Contrat de transport de fonds au secteur des documents d'identité. Interventions sur site en cas de déclenchement d'une alarme.",241500.0,241500.0,
2021,023,3130,La fondation Polyval est mandatée pour assumer l'acheminement du courrier interne.,18000.0,18000.0,
2021,023,3130,Coût du déménagement et de l’aménagement des nouveaux locaux de l’équipe existante du secteur juridique lié à l'EMPL modifiant la loi du 18 décembre 2007 d’application dans le canton de Vaud de la législation fédérale sur les étrangers (LVLEtr),22500.0,22500.0,
2021,023,3130,"Augmentation des frais d'envoi (factures, rappels, convocations…) liée à l'EMPD PA19",60000.0,0.0,
2020,023,3130,"Participation aux conférences fédérales annuelles des autorités de surveillance de l'état civil, des naturalisations et des des documents d'identité.",25600.0,25600.0,
2020,023,3130,Envois d'actes suite aux commandes par internet. Ces frais sont partiellement refacturés et récupérés sous la rubrique 4260. Commissions liées aux règlements par cartes de crédit. Consommations de téléphones cellulaires.,413400.0,413400.0,
2020,023,3130,"Commission cantonale consultative des immigrés (CCCI) : Jetons de présence, publications et imprimés, organisation des assises par le bureau cantonal de l'intégration (BCI).",26500.0,26500.0,
2020,023,3130,"Cotisations aux associations des services cantonaux de migration, cotisation annuelle à la conférence des autorités de surveillance de l'état civil et cotisation annuelle à l'association des services cantonaux des passeports.",16700.0,16700.0,
2020,023,3130,"Contrat de surveillance des locaux de l'avenue de Beaulieu 19 et 23, présence d'un agent de sécurité pendant les heures d'ouverture des guichets. Contrats de surveillance électronique au centre de biométrie voie du Chariot 3 à Lausanne et à la direction de l'état civil, rue Caroline 2 à Lausanne. Contrat de transport de fonds au secteur des documents d'identité. Interventions sur site en cas de déclenchement d'une alarme.",241500.0,241500.0,
2020,023,3130,La fondation Polyval est mandatée pour assumer l'acheminement du courrier interne.,18000.0,18000.0,
2020,023,3130,Coût du déménagement et de l’aménagement des nouveaux locaux de l’équipe existante du secteur juridique lié à l'EMPL modifiant la loi du 18 décembre 2007 d’application dans le canton de Vaud de la législation fédérale sur les étrangers (LVLEtr),22500.0,0.0,
2027,024,3010,,,,"Prise en considération de l'augmentation salariale des agents de détention après l'obtention de leur brevet fédéral et des pérennisation de postes, ainsi que la création des postes en lien avec la zone d'attente carcérale (ZAC)."
2026,024,3010,,,,Prise en considération de l'augmentation salariale des agents de détention après l'obtention de leur brevet fédéral et des pérennisation de postes.
2025,024,3010,,,,Prise en considération de l'augmentation salariale des agents de détention après l'obtention de leur brevet fédéral et des pérennisation de postes.
2024,024,3010,,,,Augmentation en lien avec la prise en considération de l'augmentation salariale des agents de détention après l'obtention de leur brevet fédéral et des pérennisation de postes.
2027,024,3030,,,,"Salaire des apprentis, stagiaires, enseignants et animateurs auxiliaires, ainsi que renforcement des effectifs par du personnel en CDD en lien avec la hausse des condamnations et la surpopulation carcérale."
2026,024,3030,,,,"Salaire des apprentis, stagiaires, enseignants et animateurs auxiliaires, ainsi que renforcement des effectifs par du personnel en CDD en lien avec la hausse des condamnations et la surpopulation carcérale."
2025,024,3030,,,,"Salaire des apprentis, stagiaires, enseignants et animateurs auxiliaires, ainsi que renforcement des effectifs par du personnel en CDD en lien avec la hausse des condamnations et la surpopulation carcérale."
2024,024,3030,,,,"Salaire des apprentis, stagiaires, enseignants et animateurs auxiliaires, ainsi que renforcement des effectifs par du personnel en CDD en lien avec la hausse des condamnations et la surpopulation carcérale."
2023,024,3030,,,,"Salaire des apprentis, stagiaires, enseignants et animateurs auxiliaires, ainsi que renforcement des effectifs par du personnel intérimaire en lien avec la hausse des condamnations et la surpopulation carcérale."
2021,024,3030,,,,"Salaire des enseignants et animateurs auxiliaires, ainsi que renforcement des effectifs par du personnel intérimaire en lien avec la hausse des condamnations et la surpopulation carcérale."
2020,024,3030,,,,"Salaire des enseignants et animateurs auxiliaires, ainsi que renforcement des effectifs par du personnel intérimaire en lien avec la hausse des condamnations et la surpopulation carcérale."
2026,024,3049,,,,"Indemnités pour travail de nuit, du weekend, des jours fériés et service de piquet. Cette rubrique inclut également les indemnités forfaitaires pour frais professionnels des apprentis."
2025,024,3049,,,,"Indemnités pour travail de nuit, du weekend, des jours fériés et service de piquet. Cette rubrique inclut également les indemnités forfaitaires pour frais professionnels des apprentis."
2024,024,3049,,,,"Indemnités pour travail de nuit, du weekend, des jours fériés et service de piquet. Cette rubrique inclut également les indemnités forfaitaires pour frais professionnels des apprentis."
2023,024,3049,,,,"Indemnités pour travail de nuit, du weekend, des jours fériés et service de piquet. Cette rubrique inclut également les indemnités forfaitaires pour frais professionnels des apprentis."
2021,024,3049,,,,"Indemnités pour travail de nuit, du weekend, des jours fériés et service de piquet. Cette rubrique inclus également les indemnités forfaitaires pour frais professionnels des apprentis."
2020,024,3049,,,,"Indemnités pour travail de nuit, du weekend, des jours fériés et service de piquet. Cette rubrique inclus également les indemnités forfaitaires pour frais professionnels des apprentis."
2026,024,3090,,,,"Cette rubrique inclut les formations internes données par le pool formation, la supervision ainsi que la formation continue du personnel uniformé et non uniformé."
2025,024,3090,,,,"Cette rubrique inclut les formations internes données par le pool formation, la supervision ainsi que la formation continue du personnel uniformé et non uniformé."
2024,024,3090,,,,"Cette rubrique inclut les formations internes données par le pool formation, la supervision ainsi que la formation continue du personnel uniformé et non uniformé."
2023,024,3090,,,,"Cette rubrique inclut les formations internes données par le pool formation, la supervision ainsi que la formation continue du personnel uniformé et non uniformé."
2020,024,3090,,,,La formation du personnel pénitentiaire est maintenant regroupée dans le nouveau Centre suisse de compétences en matière d'exécution des sanctions pénales (CSCSP).
2025,024,3099,,,,"Prise en considération de nouveaux besoins liés à la santé & sécurité au travail, et mise en place d'un bilan de santé lors du recrutement des agents de détention."
2023,024,3099,,,,Les frais sanitaires du personnel sont intégrés dans cette rubrique.
2020,024,3099,,,,Les frais sanitaires du personnel sont intégrés dans cette rubrique.
2025,024,3101,"Matières premières et fournitures des ateliers, marchandises (y.c. cartes de téléphone) des magasins détenus.",2357700.0,2274700.0,
2025,024,3101,"Approvisionnement des domaines (grandes cultures, sylviculture, arboriculture et viticulture).",536200.0,503200.0,
2025,024,3101,Produits et fournitures de nettoyage.,464400.0,441900.0,
2025,024,3101,"Fournitures véhicules, carburant.",238100.0,238100.0,
2023,024,3101,"Matières premières et fournitures des ateliers, marchandises (y.c. cartes de téléphone) des magasins détenus.",2286700.0,2288300.0,
2023,024,3101,"Approvisionnement des domaines (grandes cultures, sylviculture, arboriculture et viticulture).",506200.0,494200.0,
2023,024,3101,Produits et fournitures de nettoyage.,425000.0,425000.0,
2023,024,3101,"Fournitures véhicules, carburant.",240100.0,241100.0,
2020,024,3101,"Matières premières et fournitures des ateliers, marchandises des magasins détenus",1932700.0,1802100.0,
2020,024,3101,"Approvisionnement des domaines (grandes cultures, sylviculture, arboriculture et viticulture).",490000.0,458000.0,
2020,024,3101,Produits et fournitures de nettoyage.,380700.0,363300.0,
2020,024,3101,"Fournitures véhicules, carburant.",256000.0,249000.0,
2025,024,3105,,,,"Denrées de l'atelier boulangerie, préparation des repas détenus et collaborateurs, marchandises pour les magasins détenus ainsi que repas servis dans les zones carcérales en lien avec la surpopulation carcérale."
2023,024,3105,,,,"Denrées de l'atelier boulangerie, préparation des repas détenus et collaborateurs, marchandises pour les magasins détenus ainsi que repas servis dans les zones carcérales en lien avec la surpopulation carcérale."
2020,024,3105,,,,"Denrées de l'atelier boulangerie, préparation des repas détenus et collaborateurs, marchandises pour les magasins détenus ainsi que repas servis dans les zones carcérales en lien avec la surpopulation carcérale."
2025,024,3110,,,,Remplacement de mobilier de bureau et de cellules qui ne peut pas être fabriqué par les ateliers internes.
2023,024,3110,,,,Remplacement de mobilier de bureau et de cellules qui ne peut pas être fabriqué par les ateliers internes.
2020,024,3110,,,,Remplacement de mobilier de bureau et de cellules qui ne peut pas être fabriqué par les ateliers internes.
2025,024,3111,,,,"Renouvellement des machines, appareils et outillage des ateliers et du domaine agricole. Ce compte inclut également le remplacement des appareils en cellule hors d'usage (frigos, TV, ordinateurs, bouilloires, etc.)."
2023,024,3111,,,,"Renouvellement des machines, appareils et outillage des ateliers et du domaine agricole. Ce compte inclut également le remplacement des appareils en cellule hors d'usage (frigos, TV, ordinateurs, bouilloires, etc.)."
2020,024,3111,,,,"Renouvellement des machines, appareils et outillage des ateliers et du domaine agricole. Ce compte inclus également le remplacement des appareils en cellule hors d'usage (frigos, TV, bouilloires, etc.)."
2023,024,3120,,,,Les budgets d'énergie sont centralisés à la Direction Générale des Immeubles et du Patrimoine (DGIP) depuis 2020. Cette rubrique contient les taxes d'élimination.
2020,025,3030,,,,Personnel de remplacement et traitement des juges du Tribunal neutre.
2020,025,3049,,,,Indemnités pour le bureau électoral cantonal et forfaits pour frais professionnels des apprentis.
2020,025,3102,,,,Votations fédérales et cantonales.
2020,025,3110,,,,Augmentation due au renouvellement des terminaux de paiement par cartes de crédit pour plusieurs préfectures.
2027,026,3000,,,,"Salaires du Collège des procureurs, constitué du Procureur général et de deux Procureurs généraux adjoints"
2026,026,3000,,,,"Salaires du Collège des procureurs, constitué du Procureur général et de deux Procureurs généraux adjoints"
2025,026,3000,,,,"Salaires du Collège des procureurs, constitué du Procureur général et de deux Procureurs généraux adjoints"
2027,026,3030,Travailleurs temporaires,1082200.0,1098100.0,
2027,026,3030,Personnel en formation,90000.0,59900.0,
2026,026,3030,Travailleurs temporaires,1098100.0,1098500.0,
2026,026,3030,Personnel en formation,59900.0,59500.0,
2025,026,3030,Travailleurs temporaires,1098500.0,1039300.0,
2025,026,3030,Personnel en formation,59500.0,43700.0,
2024,026,3030,Travailleurs temporaires,1039300.0,1052900.0,
2024,026,3030,"Préfinancement de la prévention de la radicalisation et l’extrémisme violent (voir compte 4260), pérennisation du poste de greffier",0.0,40000.0,
2024,026,3030,Personnel en formation,43700.0,44800.0,
2022,026,3030,Travailleurs temporaires,1520600.0,1520600.0,
2022,026,3030,Préfinancement de la prévention de la radicalisation et l’extrémisme violent (voir compte 4260),40000.0,40000.0,
2022,026,3030,Personnels en formation,54200.0,29800.0,
2021,026,3030,Travailleurs temporaires,1550400.0,1520600.0,
2021,026,3030,Préfinancement de la prévention de la radicalisation et l’extrémisme violent (voir compte 4260),40000.0,0.0,
2026,026,3090,,,,Transfert du budget formation au Ministère public de la DGRH
2027,026,3091,,,,Frais d'annonce dans les journaux pour les recrutements des procureurs et des cadres de direction
2027,026,3103,Licences,48200.0,80300.0,
2027,026,3103,"Abonnements, ouvrages",43900.0,31800.0,
2026,026,3103,Licences,80300.0,65000.0,
2026,026,3103,"Abonnements, ouvrages",31800.0,35300.0,
2025,026,3103,Accès à la base de données juridique et jurisprudentielle SWISSLEX,65000.0,0.0,
2025,026,3103,"Abonnements, ouvrages, licences",35300.0,30300.0,
2027,026,3120,,,,Frais d'élimination des documents confidentiels et des archives
2026,026,3120,,,,Frais d'élimination d'archives et des documents confidentiels
2027,026,3130,Frais de port,542000.0,530600.0,
2027,026,3130,Frais de téléphone,35000.0,40000.0,
2027,026,3130,Frais de représentation,30900.0,29400.0,
2027,026,3130,Cotisations à des institutions de droit privé (incluant Affaires intercantonales en matière de justice),81100.0,43000.0,
2027,026,3130,Frais de surveillance; agents de sécurité pour la sécurité des sites du Ministère public,584000.0,554000.0,
2027,026,3130,Frais de transports effectués par des tiers,26600.0,26600.0,
2027,026,3130,Organisation congrès,23900.0,21900.0,
2027,026,3130,Indemnités et frais des commissions extraparlementaires,15000.0,15000.0,
2026,026,3130,Frais de port,530600.0,530600.0,
2026,026,3130,Frais de téléphone,40000.0,35000.0,
2026,026,3130,Frais de représentation,29400.0,27300.0,
2026,026,3130,Cotisations à des institutions de droit privé (incluant Affaires intercantonales en matière de justice),43000.0,43000.0,
2026,026,3130,Frais de surveillance; agents de sécurité pour la sécurité des sites du Ministère public (calculés en 2026 sur une année et en 2025 sur six mois),554000.0,285000.0,
2026,026,3130,Frais de transports effectués par des tiers,26600.0,11600.0,
2026,026,3130,Organisation congrès,21900.0,15000.0,
2026,026,3130,Indemnités et frais des commissions extraparlementaires,15000.0,15000.0,
2025,026,3130,Frais de port,530600.0,475500.0,
2025,026,3130,Frais de CCP (reclassés au 3499 dès 2025),0.0,5000.0,
2025,026,3130,Frais de téléphone,35000.0,37200.0,
2025,026,3130,Frais de représentation,27300.0,12300.0,
2025,026,3130,Cotisations à des institutions de droit privé (incluant Affaires intercantonales en matière de justice),43000.0,40000.0,
2025,026,3130,Frais de surveillance; agents de sécurité pour la sécurité des sites du Ministère public.,285000.0,10000.0,
2025,026,3130,Frais de transports effectués par des tiers,11600.0,8000.0,
2025,026,3130,Organisation congrès,15000.0,12000.0,
2025,026,3130,Indemnités et frais des commissions extraparlementaires,15000.0,10000.0,
2024,026,3130,Frais de port,475500.0,505000.0,
2024,026,3130,Frais de CCP,5000.0,5000.0,
2024,026,3130,Frais de téléphone,37200.0,75900.0,
2024,026,3130,Frais de représentation,12300.0,12300.0,
2024,026,3130,Cotisations à des institutions de droit privé (incluant Affaires intercantonales en matière de justice),40000.0,90000.0,
2024,026,3130,Frais de surveillance,10000.0,10000.0,
2024,026,3130,Frais de transports effectués par des tiers,8000.0,5500.0,
2024,026,3130,Organisation congrès,12000.0,0.0,
2024,026,3130,Indemnités et frais des commissions extraparlementaires,10000.0,0.0,
2022,026,3130,Frais de port,505000.0,505000.0,
2022,026,3130,Frais de CCP,5000.0,5000.0,
2022,026,3130,Frais de téléphone,75900.0,75900.0,
2022,026,3130,Frais de représentation,12300.0,12300.0,
2022,026,3130,"Cotisations à des institutions de droit privé (incluant Affaires intercantonales en matière de justice), cotisations liées au programme HIJP et Justitia 4.0.",105000.0,65500.0,
2022,026,3130,Frais de surveillance,10000.0,10000.0,
2022,026,3130,Frais de transports effectués par des tiers,5500.0,5500.0,
2021,026,3130,Frais de port,505000.0,505000.0,
2021,026,3130,Frais de CCP,5000.0,5000.0,
2021,026,3130,Frais de téléphone,75900.0,75900.0,
2021,026,3130,Frais de représentation,12300.0,12300.0,
2021,026,3130,Cotisations à des institutions de droit privé (incluant Affaires intercantonales en matière de justice).,65500.0,65500.0,
2021,026,3130,Frais de surveillance,10000.0,10000.0,
2021,026,3130,Frais de transports effectués par des tiers,5500.0,5500.0,
2027,026,3132,,,,Mandats de conseil et d'appui
2026,026,3135,Frais d'escorte et de transport de police,8000.0,8000.0,
2026,026,3135,Frais de détention et notes de geôle,2963300.0,3196300.0,
2025,026,3135,Frais d'escorte et de transport de police,8000.0,8000.0,
2025,026,3135,Frais de détention et notes de geôle,3196300.0,2196300.0,
2024,026,3135,Frais d'escorte et de transport de police,8000.0,8000.0,
2024,026,3135,Frais de détention et note de geôle,2196300.0,2196300.0,
2022,026,3135,Frais d'escorte et de transport de police,8000.0,8000.0,
2022,026,3135,Frais de détention et note de geôle,796300.0,796300.0,
2025,026,3199,Indemnités aux avocats d'office et assistance judiciaire,3500000.0,3200000.0,
2025,026,3199,Indemnités experts judiciaires / notes de la Police judiciaire,7844700.0,7243700.0,
2025,026,3199,Indemnités aux témoins,16600.0,16600.0,
2025,026,3199,Frais divers des instances judiciaires,110600.0,110600.0,
2025,026,3199,Frais liés au programme de prévention contre la violence,140000.0,165000.0,
2025,026,3199,Autres charges d'exploitation,3500.0,3500.0,
2025,026,3199,Frais de surveillance de la correspondance par poste et télécommunication selon OF-SCPT,1942300.0,1118300.0,
2024,026,3199,Indemnités aux avocats d'office et assistance judiciaire,3200000.0,3200000.0,
2024,026,3199,Indemnités experts judiciaires / notes de la Police judiciaire,8362000.0,8362000.0,
2024,026,3199,Indemnités aux témoins,16600.0,16600.0,
2024,026,3199,Frais divers des instances judiciaires : participation du canton de Vaud au programme de protection des témoins de l'Office fédéral de la police.,110600.0,110600.0,
2024,026,3199,Frais liés au programme de prévention contre la violence,165000.0,165000.0,
2024,026,3199,Autres charges d'exploitation,3500.0,3500.0,
2022,026,3199,Indemnités aux avocats d'office et assistance judiciaire,3200000.0,3200000.0,
2022,026,3199,Indemnités experts judiciaires / notes de la Police judiciaire,8362000.0,8712000.0,
2022,026,3199,Indemnités aux témoins,16600.0,16600.0,
2022,026,3199,Frais divers des instances judiciaires : participation du canton de Vaud au programme de protection des témoins de l'Office fédéral de la police.,110600.0,110600.0,
2022,026,3199,Frais liés au programme de prévention contre la violence,165000.0,165000.0,
2022,026,3199,Autres charges d'exploitation,3500.0,3500.0,
2025,026,3990,,,,Frais d'intervention de la Police cantonale (voir rubrique 002/4990)
2025,026,4260,Remboursement des frais judiciaires par les parties,150000.0,150000.0,
2025,026,4260,Retenues frais de téléphones,16000.0,16000.0,
2025,026,4260,Retenues parking privé,40500.0,40500.0,
2024,026,4260,Remboursement des frais judiciaires par les parties,150000.0,70000.0,
2024,026,4260,Retenues frais de téléphones,16000.0,16000.0,
2024,026,4260,Retenues parking privé,40500.0,40500.0,
2024,026,4260,"Préfinancement de la prévention de la radicalisation et l’extrémisme violent (voir compte 3030), pérennisation du poste de greffier",0.0,40000.0,
2022,026,4260,Remboursement des frais judiciaires par les parties,70000.0,70000.0,
2022,026,4260,Retenues frais de téléphones,16000.0,16000.0,
2022,026,4260,Retenues parking privé,40500.0,40500.0,
2022,026,4260,Préfinancement de la prévention de la radicalisation et l’extrémisme violent (voir compte 3030),40000.0,40000.0,
2023,027,3010,,,,Adaptation du budget en lien avec les postes pérennisés (voir compte 3030)
2022,027,3010,,,,Augmentation du budget en lien avec les postes transférés et pérennisés.
2021,027,3010,,,,"La diminution du budget sur ce compte est principalement due au fait que, suite à une décision transversale à l'Etat, les salaires des apprentis sont dorénavant comptabilisés sur le compte 3030 Travailleurs temporaires."
2025,027,3030,,,,Diminution du poste budgétaire en lien avec la pérennisation d'un poste (027.3010) et transfert technique entre différentes rubriques du service (027.3132)
2024,027,3030,,,,Diminution du poste budgétaire en lien avec la pérennisation d'un poste (027.3010) et transfert du budget apprentis dans les services (037.3030 et 065.3030) en lien avec la rattachement organisationnel des apprentis
2022,027,3030,,,,Des projets ou dossiers importants sont en cours qui nécessitent un appel accru à du personnel temporaire.
2021,027,3030,,,,Voir remarque du compte 3010.
2020,027,3030,,,,"Pour des raisons techniques, certains postes qui avaient été budgétés sur le compte 3010 ont été transférés sur le 3030, ce qui explique cette augmentation."
2023,027,3090,,,,Ajustement du montant budgété en fonction des besoins en formation
2020,027,3090,,,,Chaque service a repris son budget formation auparavant centralisé au SG-DSAS. A présent ce budget couvre les dépenses du service ainsi que celles qui ont trait aux dépenses des apprentis du département.
2024,027,3130,,,,Augmentation en lien avec les projets menés par le Département
2025,027,3132,,,,Restitution par la DGNSI au SG-DSAS d'un montant CHF 430'000 et transfert technique entre différentes rubriques du service pour CHF 287'900 (027.3030)
2024,027,3132,,,,Augmentation des montants budgétés en lien avec projets menés par le SG-DSAS
2023,027,3132,,,,"Augmentation des montants budgétés en lien avec projets menés par le SG-DSAS (handicap, Vieillir2030)"
2021,027,3132,,,,Transfert d'un mandat à la DGCS.
2027,027,3158,,,,"Nouveaux projets informatiques, en lien avec la transition numérique de l¶ACV."
2020,027,3160,,,,"Loyer du Bureau cantonal de médiation santé et social, suite au transfert de cette entité au SG-DSAS courant 2018."
2027,027,3634,,,,Financement du programme d'essais cliniques en immunothérapie cellulaire.
2024,027,3634,,,,"Financement du programme d'essais cliniques en immunothérapie cellulaire pour l'année 2024, au CHUV, sur le fonds à l'immunothérapie oncologique (N° 3037), montant prévisionnel"
2021,027,3636,,,,La subvention à l'Association Appartenances a été transférée à la Direction générale de la cohésion sociale.
2020,027,3636,,,,"Subvention à l'Association Appartenances. Le montant indiqué au budget 2019 n'avait pas tenu compte d'un montant supplémentaire accordé durant la procédure budgétaire. Pour 2020, le montant a été remis à niveau."
2022,027,4401,,,,Intérêts de retards perçus lors de paiements tardifs des communes sur leurs acomptes de la participation à la cohésion sociale
2021,027,4401,,,,Intérêts de retards perçus lors de paiements tardifs des communes sur leurs acomptes de la facture sociale.
2020,027,4401,,,,Intérêts de retards perçus lors de paiements tardifs des communes sur leurs acomptes de la facture sociale.
2023,027,4463,,,,Ajustement du poste budgétaire selon montant réalisé en 2021
2027,027,4511,,,,Prélèvement sur le Fonds dédié à l'immunothérapie oncologique pour le financement du programme d'essais cliniques en immunothérapie cellulaire.
2024,027,4511,,,,"Prélèvement sur le fonds à l'immunothérapie oncologique (N° 3037), montant prévisionnel, pour le programme d'essais cliniques en immunothérapie cellulaire"
2022,027,4612,,,,"Pour mémoire, la différence entre les comptes 2020 et les budgets 2021 et 2022 tient au transfert de la subvention Appartenances du SG-DSAS à la DGCS. Dès 2021, la part de la participation à la cohésion sociale aux communes du service couvre uniquement les frais liés au Conseil de politique social, tel que prévu dans le Règlement de la Loi sur l'organisation et le financement de la politique sociale (RLOF)."
2021,027,4612,,,,La part de la facture sociale aux communes relative à la subvention à l'Association Appartenances se trouve dorénavant à la DGCS (voir commentaire compte 3636). Le solde de ce compte représente les frais liés au Conseil de politique sociale.
2020,027,4612,,,,Part de la facture sociale aux communes essentiellement relative à la subvention à l'Association Appartenances.
2026,037,3030,Personnel occasionnel Compensation des pérennisations de postes par les auxiliaires CDD existants,1679100.0,1880200.0,
2026,037,3030,Médecins scolaires ayant le statut de dépendant pour la formation post-obligatoire et médecins-délégués,216800.0,195700.0,
2026,037,3030,Participants ayant le statut de dépendant aux cercles de qualité dans les EMS,90000.0,90000.0,
2025,037,3030,Personnel occasionnel Besoins supplémentaires pour faire face à l'augmentation permanente et rapide des prestations de la DGS,1880200.0,1380200.0,
2025,037,3030,Médecins scolaires ayant le statut de dépendant pour la formation post-obligatoire et médecins-délégués.,195700.0,152400.0,
2025,037,3030,Participants ayant le statut de dépendant aux cercles de qualité dans les EMS,90000.0,130000.0,
2024,037,3030,Personnel occasionnel Besoins supplémentaires pour faire face à l'augmentation permanente et rapide des prestations de la DGS,1380200.0,946700.0,
2024,037,3030,Médecins scolaires ayant le statut de dépendant pour la formation post-obligatoire et médecins-délégués.,152400.0,130000.0,
2024,037,3030,Participants ayant le statut de dépendant aux cercles de qualité dans les EMS,130000.0,150000.0,
2022,037,3030,Personnel occasionnel,946700.0,880500.0,
2022,037,3030,Médecins scolaires ayant le statut de dépendant pour la formation post-obligatoire et médecins-délégués,100000.0,9200.0,
2022,037,3030,Participants ayant le statut de dépendant aux cercles de qualité dans les EMS,150000.0,150000.0,
2022,037,3030,,,,Transfert technique de la rubrique 037.3130.2
2021,037,3030,Personnel occasionnel,880500.0,880500.0,
2021,037,3030,Médecins scolaires pour la formation postobligatoire et médecins-délégués (activité dépendante),9200.0,9200.0,
2021,037,3030,Participants aux cercles de qualité dans les EMS (activité dépendante),150000.0,150000.0,
2021,037,3030,travail (activité dépendante).,0.0,60000.0,
2021,037,3030,,,,4.Indemnités et frais des membres des commissions extraparlementaires et des groupes de Transfert technique à la rubrique 037.3130
2020,037,3030,Personnel occasionnel,880500.0,880500.0,
2020,037,3030,Médecins scolaires dépendants pour la formation postobligatoire et médecins-délégués Transfert à la rubrique 037.3130 afin de mieux respecter le plan comptable MCH2,9200.0,124200.0,
2020,037,3030,Participants dépendants aux cercles de qualité dans les EMS. Transfert à la rubrique 037.3130 afin de mieux respecter le plan comptable MCH2,150000.0,300000.0,
2020,037,3030,par le Conseil d'Etat).,60000.0,0.0,
2020,037,3030,,,,4.Indemnités et frais des membres dépendants des commissions extraparlementaires (nommées Transfert de la rubrique 037.3130 afin de mieux respecter le plan comptable MCH2
2022,037,3102,,,,Augmentation en lien avec des prestations de santé bucco-dentaire
2024,037,3106,Matériel et traitements médicaux,213400.0,213400.0,
2024,037,3106,"Vaccins scolaires et vaccins contre le cancer du col de l'utérus remboursés par les assureurs, en lien avec le compte 037.4260.1",1735000.0,1735000.0,
2022,037,3106,Matériel et traitements médicaux Augmentation en lien avec des prestations de santé bucco-dentaire,213400.0,153400.0,
2022,037,3106,"Vaccins scolaires et vaccins contre le cancer du col de l'utérus remboursés par les assureurs, en lien avec le compte 037.4260.1",1735000.0,1435000.0,
2021,037,3106,Maladies transmissibles Frais d'achat de matériel et de traitements des maladies transmissibles.,153400.0,183400.0,
2021,037,3106,"Vaccins scolaires et vaccins contre le cancer du col de l'utérus (remboursés par les assureurs, en lien avec le compte 037.4260).",1435000.0,1435000.0,
2020,037,3106,Maladies transmissibles Frais d'achat de matériel et de traitements des maladies transmissibles.,183400.0,183400.0,
2020,037,3106,"Vaccins scolaires et vaccins contre le cancer du col de l'utérus (remboursés par les assureurs, en lien avec le compte 037.4260). Adaptation à l'activité et augmentation du prix du vaccin",1435000.0,950000.0,
2020,037,3120,,,,"Frais d'élimination de divers déchets, notamment de matériel utilisé par les toxicomanes."
2024,037,3130,Indemnités et frais des membres des commissions extraparlementaires et des groupes de travail.,203200.0,203200.0,
2024,037,3130,Médecins-délégués,24200.0,24200.0,
2024,037,3130,Participants ayant le statut d'indépendant aux cercles de qualité dans les EMS.,1701600.0,1800000.0,
2024,037,3130,Frais d'organisation de congrès.,112500.0,112500.0,
2024,037,3130,Frais de représentation,40000.0,40000.0,
2024,037,3130,"Charges administratives Contentieux et poursuites, transport de tiers, surveillance, port, téléphone, frais bancaires.",95200.0,95200.0,
2024,037,3130,Cotisations 7.1. Conférence latine des affaires sociales et sanitaires (CLASS),334000.0,334000.0,
2024,037,3130,2. Conférence suisse des directrices et directeurs cantonaux de la santé (CDS),486700.0,420300.0,
2024,037,3130,3. Autres cotisations,196100.0,195600.0,
2024,037,3132,,,,Augmentation en lien notamment avec le projet Vieillir2030 et la stratégie amiante
2024,037,3199,Frais de justice et frais divers,20200.0,20200.0,
2024,037,3199,Prise en charge d'une partie des frais médicaux liés à l'ordonnance de placements à des fins d'assistance (PLAFA),15000.0,15000.0,
2027,039,3010,Secrétariat général (SG).,2135800.0,2228800.0,
2027,039,3010,Bureau de l'égalité entre les femmes et les hommes (BEFH),1010700.0,999600.0,
2026,039,3010,Secrétariat général (SG).,2228800.0,1982000.0,
2026,039,3010,Bureau de l'égalité entre les femmes et les hommes (BEFH),999600.0,993100.0,
2025,039,3010,Secrétariat général (SG),1982000.0,1950200.0,
2025,039,3010,Bureau de l'égalité entre les femmes et les hommes (BEFH),993100.0,936200.0,
2024,039,3010,Secrétariat général (SG),1950200.0,1844000.0,
2024,039,3010,Bureau de l'égalité entre les femmes et les hommes (BEFH),936200.0,890500.0,
2023,039,3010,Secrétariat général (SG),1844000.0,1838500.0,
2023,039,3010,Bureau de l'égalité entre les femmes et les hommes (BEFH),890500.0,886500.0,
2027,039,3030,Personnel auxiliaire SG,356100.0,356100.0,
2027,039,3030,Personnel auxiliaire BEFH,149600.0,149600.0,
2026,039,3030,Personnel auxiliaire SG,356100.0,373100.0,
2026,039,3030,Personnel auxiliaire BEFH,149600.0,149600.0,
2026,039,3030,Personnel astreint au service civil BEFH,0.0,30000.0,
2025,039,3030,Personnel auxiliaire SG,373100.0,276200.0,
2025,039,3030,Personnel auxiliaire BEFH,149600.0,138500.0,
2025,039,3030,Personnel astreint au service civil BEFH,30000.0,24700.0,
2024,039,3030,Personnel auxiliaire SG,276200.0,126000.0,
2024,039,3030,Personnel auxiliaire BEFH,138500.0,28000.0,
2024,039,3030,Personnel en formation BEFH,0.0,21000.0,
2024,039,3030,Personnel astreint au service civil BEFH,24700.0,24700.0,
2023,039,3030,Personnel auxiliaire SG,126000.0,19800.0,
2023,039,3030,Personnel auxiliaire BEFH,28000.0,28000.0,
2023,039,3030,Personnel en formation BEFH,21000.0,21000.0,
2023,039,3030,Personnel astreint au service civil BEFH,24700.0,24700.0,
2027,039,3102,"Imprimés divers, SG",900.0,900.0,
2027,039,3102,"Imprimés divers, brochures, publications, BEFH",32000.0,32000.0,
2026,039,3102,"Imprimés divers, cartes de visites SG",900.0,5000.0,
2026,039,3102,"Imprimés divers, brochures, publications, cartes de visite BEFH",32000.0,42000.0,
2025,039,3102,"Imprimés divers, cartes de visites SG",5000.0,4200.0,
2025,039,3102,"Imprimés divers, brochures, publications, cartes de visite BEFH",42000.0,42000.0,
2024,039,3102,"Imprimés divers, cartes de visites SG",4200.0,3000.0,
2024,039,3102,"Imprimés divers, brochures, publications, cartes de visite BEFH",42000.0,47000.0,
2023,039,3102,"Imprimés divers, cartes de visites SG",3000.0,3000.0,
2023,039,3102,"Imprimés divers, brochures, publications, cartes de visite BEFH",47000.0,47000.0,
2027,039,3130,Frais de représentation,17000.0,17000.0,
2027,039,3130,Cotisations diverses BEFH,20000.0,20000.0,
2027,039,3130,Cotisation à la conférence des chefs de départements de l'économie publique,23800.0,23800.0,
2027,039,3130,Indemnités et frais des commissions extra-parlementaires SG,10000.0,10000.0,
2027,039,3130,Indemnités et frais des commissions extra-parlementaires BEFH,16000.0,16000.0,
2027,039,3130,Frais d'organisation de congrès BEFH,53000.0,53000.0,
2027,039,3130,Frais de téléphonie fixe et mobile,8700.0,8700.0,
2027,039,3130,Frais de port,8000.0,8000.0,
2027,039,3130,Frais de transport par tiers,500.0,500.0,
2026,039,3130,Frais de représentation,17000.0,14000.0,
2026,039,3130,Cotisations diverses BEFH,20000.0,20000.0,
2026,039,3130,Cotisation à la conférence des chefs de départements de l'économie publique,23800.0,23800.0,
2026,039,3130,Indemnités et frais des commissions extra-parlementaires SG,10000.0,10000.0,
2026,039,3130,Indemnités et frais des commissions extra-parlementaires BEFH,16000.0,16000.0,
2026,039,3130,Frais d'organisation de congrès BEFH,53000.0,85000.0,
2026,039,3130,Frais de téléphonie fixe et mobile,8700.0,8700.0,
2026,039,3130,Frais de port,8000.0,14000.0,
2026,039,3130,Frais de transport par tiers,500.0,500.0,
2025,039,3130,Frais de représentation,14000.0,21600.0,
2025,039,3130,Cotisations diverses BEFH,20000.0,15100.0,
2025,039,3130,Cotisation à la conférence des chefs de départements de l'économie publique,23800.0,23800.0,
2025,039,3130,Indemnités et frais des commissions extra-parlementaires SG,10000.0,5000.0,
2025,039,3130,Indemnités et frais des commissions extra-parlementaires BEFH,16000.0,23000.0,
2025,039,3130,Frais d'organisation de congrès BEFH,85000.0,90400.0,
2025,039,3130,Frais de téléphonie fixe et mobile,8700.0,9600.0,
2025,039,3130,Frais de port et de CCP. Les frais postaux ont été reclassés à la rubrique 3499 suite à une modification du plan comptable MCH2.,14000.0,23500.0,
2025,039,3130,Frais de transport par tiers,500.0,500.0,
2024,039,3130,Frais de représentation,21600.0,20600.0,
2024,039,3130,Cotisations diverses BEFH,15100.0,15100.0,
2024,039,3130,Cotisation à la conférence des chefs de départements de l'économie publique,23800.0,23800.0,
2024,039,3130,Indemnités et frais des commissions extra-parlementaires SG,5000.0,3000.0,
2024,039,3130,Indemnités et frais des commissions extra-parlementaires BEFH,23000.0,23000.0,
2024,039,3130,Frais d'organisation de congrès BEFH,90400.0,105400.0,
2024,039,3130,"Frais de contentieux et de poursuites, y.c. frais de procès et dépens à verser en cas de rejet des recours",0.0,1000.0,
2024,039,3130,Frais de téléphonie fixe et mobile,9600.0,11600.0,
2024,039,3130,Frais de port et de CCP,23500.0,28800.0,
2024,039,3130,Frais de transport par tiers,500.0,500.0,
2023,039,3130,Frais de représentation,20600.0,20600.0,
2023,039,3130,Cotisations diverses BEFH,15100.0,15000.0,
2023,039,3130,Cotisation à la conférence des chefs de départements de l'économie publique,23800.0,23800.0,
2023,039,3130,Indemnités et frais des commissions extra-parlementaires SG,3000.0,3000.0,
2023,039,3130,Indemnités et frais des commissions extra-parlementaires BEFH,23000.0,21900.0,
2023,039,3130,Frais d'organisation de congrès BEFH,105400.0,116600.0,
2023,039,3130,"Frais de contentieux et de poursuites, y.c. frais de procès et dépens à verser en cas de rejet des recours",1000.0,1000.0,
2023,039,3130,Frais de téléphonie fixe et mobile,11600.0,11600.0,
2023,039,3130,Frais de port et de CCP,28800.0,28800.0,
2023,039,3130,Frais de transport par tiers,500.0,500.0,
2022,039,3130,Frais de représentation du service.,17000.0,17000.0,
2022,039,3130,Cotisation à la conférence des chefs de départements de l'économie publique.,23800.0,23800.0,
2022,039,3130,Indemnités et frais des commissions extraparlementaires.,3000.0,3000.0,
2022,039,3130,"Frais de contentieux et de poursuites, y.c. frais de procès et dépens à verser en cas de rejet des recours.",1000.0,1000.0,
2022,039,3130,Frais de téléphonie fixe et mobile.,10000.0,10000.0,
2022,039,3130,Frais de port et de CCP.,21000.0,21000.0,
2021,039,3130,Frais de représentation du service.,17000.0,17000.0,
2021,039,3130,Cotisation à la conférence des chefs de départements de l'économie publique.,23800.0,23800.0,
2021,039,3130,Indemnités et frais des commissions extraparlementaires.,3000.0,10000.0,
2021,039,3130,"Frais de contentieux et de poursuites, y.c. frais de procès et dépens à verser en cas de rejet des recours.",1000.0,3000.0,
2021,039,3130,Frais de téléphonie fixe et mobile.,10000.0,20000.0,
2021,039,3130,Frais de port et de CCP.,21000.0,21000.0,
2020,039,3130,Frais de représentation du service.,17000.0,17000.0,
2020,039,3130,Cotisation à la conférence des chefs de départements de l'économie publique.,23800.0,23800.0,
2020,039,3130,Indemnités et frais des commissions extraparlementaires.,10000.0,11000.0,
2020,039,3130,"Frais de contentieux et de poursuites, y.c. frais de procès et dépens à verser en cas de rejet des recours.",3000.0,5000.0,
2020,039,3130,Frais de téléphonie fixe et mobile.,20000.0,23000.0,
2020,039,3130,Frais de port et de CCP.,21000.0,21000.0,
2027,039,3132,Mandats SG,40000.0,40000.0,
2027,039,3132,Mandats BEFH,495000.0,295000.0,
2026,039,3132,Mandats SG,40000.0,35000.0,
2026,039,3132,Mandats BEFH,295000.0,340000.0,
2025,039,3132,Mandats SG,35000.0,45000.0,
2025,039,3132,Mandats BEFH,340000.0,351700.0,
2024,039,3132,Mandats SG,45000.0,41700.0,
2024,039,3132,Mandats BEFH,351700.0,370800.0,
2023,039,3132,Mandats SG,41700.0,41700.0,
2023,039,3132,Mandats BEFH,370800.0,330800.0,
2022,039,3132,,,,Mandats divers.
2021,039,3132,,,,Mandats divers.
2020,039,3132,,,,Mandats divers.
2027,039,3160,,,,Loyer pour l'ensemble des services du département sur le site Caroline 11
2026,039,3160,,,,Loyer pour l'ensemble des services du département sur le site Caroline 11
2025,039,3160,,,,Loyer pour l'ensemble des services du département sur le site Caroline 11
2024,039,3160,,,,Loyer pour l'ensemble des services du département sur le site Caroline 11
2023,039,3160,,,,Loyer pour l'ensemble des services du département sur le site Caroline 11
2022,039,3160,,,,Loyer pour l'ensemble des services du département sur le site Caroline 11 (budget fourni par la DGIP).
2021,039,3160,,,,Loyer pour l'ensemble des services du département sur le site Caroline 11.
2020,039,3160,,,,Loyer pour l'ensemble des services du département sur le site Caroline 11.
2025,039,3499,,,,Les frais postaux ont été reclassés de la rubrique 3130 à la rubrique 3499 suite à une modification du plan comptable MCH2.
2027,039,3511,,,,Attribution au Fonds cantonal d'utilité publique (Fonds 3038 FUP) selon la clé de répartition ci-dessous: 25% - domaine de l'action sociale 25% - domaine du sport associatif et populaire 25% - domaine de la culture 20% - domaine autre 5% - Fondation Fonds du Sport Vaudois (FFSV)
2026,039,3511,,,,Attribution au Fonds cantonal d'utilité publique (Fonds 3038 FUP) selon la clé de répartition ci-dessous: 25% - domaine de l'action sociale 25% - domaine du sport associatif et populaire 25% - domaine de la culture 20% - domaine autre 5% - Fondation Fonds du Sport Vaudois (FFSV)
2025,039,3511,,,,Attribution au Fonds cantonal d'utilité publique (Fonds 3038 FUP) selon la clé de répartition ci-dessous: 25% - domaine de l'action sociale 25% - domaine du sport associatif et populaire 25% - domaine de la culture 20% - domaine autre 5% - Fondation Fonds du Sport Vaudois (FFSV)
2024,039,3511,,,,Attribution au Fonds cantonal d'utilité publique (LORO) selon la clé de répartition ci-dessous: 25% - domaine de l'action sociale 25% - domaine du sport associatif et populaire 25% - domaine de la culture 20% - domaine autre 5% - Fondation Fonds du Sport Vaudois (FFSV)
2023,039,3511,,,,Attribution au Fonds cantonal d'utilité publique (LORO) selon la clé de répartition ci-dessous: 25% - projets d'utilité publique dans le domaine de l'action sociale 25% - projets d'utilité publique dans le domaine du sport associatif et populaire 25% - projets d'utilité publique dans le domaine de la culture 20% - projets d'utilité publique dans d'autres domaines 5% - Fondation Fonds du sport vaudois (FFSV)
2027,039,3635,,,,"Contributions du Fonds cantonal d'utilité publique (Fonds 3038 FUP) - part ""Autre""."
2026,039,3635,,,,"Contributions du Fonds cantonal d'utilité publique (Fonds 3038 FUP) - part ""Autre""."
2025,039,3635,,,,"Contributions du Fonds cantonal d'utilité publique (Fonds 3038 FUP) - part ""Autre""."
2027,039,4130,,,,Revenu lié au versement par la Loterie Romande de 25% de son bénéfice net résiduel pour le Canton de Vaud. Voir également la rubrique 3511
2026,039,4130,,,,Revenu lié au versement par la Loterie Romande de 25% de son bénéfice net résiduel pour le Canton de Vaud. Voir également la rubrique 3511
2025,039,4130,,,,Revenu lié au versement par la Loterie Romande de 25% de son bénéfice net résiduel pour le Canton de Vaud. Voir également la rubrique 3511
2024,039,4130,,,,Revenu lié au versement par la Loterie Romande de 25% de son bénéfice net résiduel pour le Canton de Vaud. Voir également la rubrique 3511
2023,039,4130,,,,Revenu lié au versement par la Loterie Romande de 25% de son bénéfice net résiduel pour le Canton de Vaud. Voir également la rubrique 3511
2027,039,4260,Retenues frais de téléphonie mobile,900.0,900.0,
2027,039,4260,Retenues frais de parking sur domaine privé,4200.0,4200.0,
2026,039,4260,Retenues frais de téléphonie mobile,900.0,900.0,
2026,039,4260,Retenues frais de parking sur domaine privé,4200.0,2100.0,
2025,039,4260,Retenues frais de téléphonie mobile,900.0,1500.0,
2025,039,4260,Retenues frais de parking sur domaine privé,2100.0,3500.0,
2025,039,4260,Remboursements et participations de tiers BEFH - soirées et conférences thématiques,0.0,10000.0,
2024,039,4260,Retenues frais de téléphonie mobile,1500.0,1500.0,
2024,039,4260,Retenues frais de parking sur domaine privé,3500.0,3500.0,
2024,039,4260,Remboursements et participations de tiers BEFH - soirées et conférences thématiques,10000.0,10000.0,
2023,039,4260,Retenues frais de téléphonie mobile,1500.0,1500.0,
2023,039,4260,Retenues frais de parking sur domaine privé,3500.0,3500.0,
2023,039,4260,Remboursements et participations de tiers BEFH - soirées et conférences thématiques,10000.0,10000.0,
2022,039,4260,Retenues frais de téléphonie mobile.,1200.0,1200.0,
2022,039,4260,Retenues frais de parking sur domaine privé.,3500.0,3500.0,
2021,039,4260,Retenues frais de téléphonie mobile.,1200.0,1200.0,
2021,039,4260,Retenues frais de parking sur domaine privé.,3500.0,3300.0,
2020,039,4260,Retenues frais de téléphonie mobile.,1200.0,1500.0,
2020,039,4260,Retenues frais de parking sur domaine privé.,3300.0,4400.0,
2027,039,4480,,,,Part du loyer du site Caroline 11 refacturée à des tiers
2026,039,4480,,,,Part du loyer du site Caroline 11 refacturée à des tiers
2024,039,4480,,,,Part du loyer du site Caroline 11 refacturée à des tiers
2023,039,4480,,,,Part du loyer du site Caroline 11 refacturée à des tiers
2022,039,4480,,,,Part du loyer du site Caroline 11 refacturée à des tiers.
2021,039,4480,,,,Part du loyer du site Caroline 11 refacturée à des tiers.
2020,039,4480,,,,Part du loyer du site Caroline 11 refacturée à des tiers.
2027,039,4511,,,,Prélèvement du Fonds cantonal d'utilité publique (Fonds 3038 FUP). Voir rubrique 3635.
2026,039,4511,,,,Prélèvement du Fonds cantonal d'utilité publique (Fonds 3038 FUP). Voir rubrique 3635.
2021,039,4920,,,,"ARC Emploi a été transféré au SPEV, dès lors la refacturation des frais de locaux du site Caroline 11 a été supprimée."
2020,039,4920,,,,Refacturation des frais de locaux à ARC Emploi (voir la rubrique 054/3920).
2027,040,3010,,,,"Les collaboratrices et collaborateurs de la Direction de l'Insertion professionnel et du placement (DIPP), de la Caisse cantonale de chômage (CCh), et la Direction de l'autorité cantonale de l'emploi (DIACE) ne sont pas inclus dans ces données salariales. A fin mars 2026, la Direction générale de l'emploi et du marché du travail (DGEM) employait un total de 608 personnes représentant 566.55 ETP"
2026,040,3010,,,,"Les collaboratrices et collaborateurs de la Direction de l'Insertion professionnel et du placement (DIPP), de la Caisse cantonale de chômage (CCh), et la Direction de l'autorité cantonale de l'emploi (DIACE) ne sont pas inclus dans ces données salariales. A fin mai 2025, la Direction générale de l'emploi et du marché du travail (DGEM) employait un total de 567 personnes représentant 527.3 ETP."
2025,040,3010,,,,"Les collaboratrices et collaborateurs de la Direction de l'Insertion professionnel et du placement (DIPP), de la Caisse cantonale de chômage (CCH), et la Direction de l'autorité cantonale de l'emploi (DIACE) ne sont pas inclus dans ces données salariales. A fin mai 2024, la Direction générale de l'emploi et du marché du travail (DGEM) employait un total de 562 personnes représentant 519.1 ETP."
2024,040,3010,,,,"Les collaboratrices et collaborateurs de la direction de l'Insertion professionnelle et du placement (DIPP), de la Caisse cantonale de chômage (CCH), et de la direction de l'autorité cantonale de l'emploi (DIACE) ne sont pas inclus dans ces données salariales. A fin avril 2023, la Direction générale de l'emploi et du marché du travail (DGEM) employait un total de 533 personnes représentant 495 ETP."
2023,040,3010,,,,"Les collaboratrices et collaborateurs de la direction de l'Insertion professionnelle et du placement (DIPP), de la Caisse cantonale de chômage (CCH), et de la direction de l'autorité cantonale de l'emploi (DIACE) ne sont pas inclus dans ces données salariales. A fin avril 2022, la Direction générale de l'emploi et du marché du travail (DGEM) employait un total de 576 personnes représentant 543.30 ETP."
2022,040,3010,,,,"Les collaboratrices et collaborateurs des Offices régionaux de placement (ORP), de la Caisse cantonale de chômage (CCH), de l'Instance juridique chômage (IJC) et de La logistique des mesures du marché du travail (LMMT) ne sont pas inclus dans ces données salariales. A fin avril 2021, le Service de l'emploi employait un total de 576 personnes représentant 543.30 ETP."
2021,040,3010,,,,"Les collaboratrices et collaborateurs des ORP, de la caisse cantonale de chômage, de l'instance juridique chômage et de la logistique des mesures du marché du travail ne sont pas inclus dans ces données salariales. A fin avril 2020, le Service de l'emploi employait un total de 496 personnes représentant 463 ETP."
2020,040,3010,,,,"Les collaboratrices et collaborateurs des ORP, de la caisse cantonale de chômage, de l'instance juridique chômage et de la logistique des mesures du marché du travail ne sont pas inclus dans ces données salariales. A fin avril 2019, le Service de l'emploi employait un total de 502 personnes représentant 470 ETP."
2027,040,3111,,,,Acquisition de matériel pour les inspecteurs du marché du travail
2026,040,3111,,,,Acquisition de matériel pour les inspecteurs du marché du travail
2022,040,3111,,,,Acquisition de matériel pour les inspecteurs du marché du travail.
2021,040,3111,,,,Acquisition de matériel pour les inspecteurs du marché du travail.
2020,040,3111,,,,Acquisition de matériel pour les inspecteurs du marché du travail.
2027,040,3130,Frais de port,60000.0,40000.0,
2027,040,3130,Frais de téléphone,14000.0,15500.0,
2027,040,3130,Frais de contentieux et de poursuites,7500.0,10500.0,
2027,040,3130,Indemnités et frais pour la Commission consultative cantonale pour l'emploi et la Commission tripartite chargée des mesures d'accompagnement à la libre circulation des personnes.,3000.0,3000.0,
2027,040,3130,Dépens versés dans le cadre des recours interjetés contre les décisions de la DG en matière du marché du travail.,10000.0,10000.0,
2027,040,3130,Cotisation Association des offices suisses du travail,21500.0,21500.0,
2027,040,3130,Cotisation Association intercantonale pour le droit du travail,3500.0,3500.0,
2027,040,3130,Cotisations diverses,2000.0,5000.0,
2027,040,3130,Organisation d'un colloque sur le marché du travail.,2500.0,5000.0,
2027,040,3130,Dépens versés dans le cadre de l'APGM (Fonds 2026 APGM),2300.0,2300.0,
2027,040,3130,Frais de contentieux et de poursuites versés dans le cadre de l'APGM (Fonds 2026 APGM),4000.0,3200.0,
2026,040,3130,Frais de port,40000.0,38500.0,
2026,040,3130,Frais de téléphone,15500.0,16000.0,
2026,040,3130,Frais de contentieux et de poursuites,10500.0,10500.0,
2026,040,3130,Indemnités et frais pour la Commission consultative cantonale pour l'emploi et la Commission tripartite chargée des mesures d'accompagnement à la libre circulation des personnes.,3000.0,3000.0,
2026,040,3130,Dépens versés dans le cadre des recours interjetés contre les décisions de la DG en matière du marché du travail.,10000.0,10000.0,
2026,040,3130,Cotisation Association des offices suisses du travail,21500.0,21500.0,
2026,040,3130,Cotisation Association suisse pour la technique du soudage,0.0,4100.0,
2026,040,3130,Cotisation Association intercantonale pour le droit du travail,3500.0,3500.0,
2026,040,3130,Cotisations diverses,5000.0,900.0,
2026,040,3130,Organisation d'un colloque sur le marché du travail.,5000.0,5000.0,
2026,040,3130,Dépens versés dans le cadre de l'APGM (Fonds 2026 APGM),2300.0,2300.0,
2026,040,3130,Frais de contentieux et de poursuites versés dans le cadre de l'APGM (Fonds 2026 APGM),3200.0,3200.0,
2025,040,3130,Frais de port,38500.0,46500.0,
2025,040,3130,Frais de téléphone,16000.0,18000.0,
2025,040,3130,Frais de contentieux et de poursuites,10500.0,10500.0,
2025,040,3130,Indemnités et frais pour la Commission consultative cantonale pour l'emploi et la Commission tripartite chargée des mesures d'accompagnement à la libre circulation des personnes.,3000.0,4000.0,
2025,040,3130,Dépens versés dans le cadre des recours interjetés contre les décisions de la DG en matière du marché du travail.,10000.0,15000.0,
2025,040,3130,Cotisation Association des offices suisses du travail,21500.0,21500.0,
2025,040,3130,Cotisation Association suisse pour la technique du soudage,4100.0,4100.0,
2025,040,3130,Cotisation Association intercantonale pour le droit du travail,3500.0,3500.0,
2025,040,3130,Cotisations diverses,900.0,900.0,
2025,040,3130,Organisation d'un colloque sur le marché du travail.,5000.0,5000.0,
2025,040,3130,Dépens versés dans le cadre de l'APGM (Fonds 2026 APGM),2300.0,2300.0,
2025,040,3130,Frais de contentieux et de poursuites versés dans le cadre de l'APGM (Fonds 2026 APGM),3200.0,0.0,
2024,040,3130,Frais de port,46500.0,47800.0,
2024,040,3130,Frais de téléphone,18000.0,21000.0,
2024,040,3130,Frais de contentieux et de poursuites,10500.0,10500.0,
2024,040,3130,Indemnités et frais pour la Commission consultative cantonale pour l'emploi et la Commission tripartite chargée des mesures d'accompagnement à la libre circulation des personnes.,4000.0,4000.0,
2024,040,3130,Dépens versés dans le cadre des recours interjetés contre les décisions de la DG en matière du marché du travail.,15000.0,15000.0,
2024,040,3130,Cotisation Association des offices suisses du travail,21500.0,21500.0,
2024,040,3130,Cotisation Association suisse pour la technique du soudage,4100.0,4100.0,
2024,040,3130,Cotisation Association intercantonale pour le droit du travail,3500.0,3500.0,
2024,040,3130,Cotisations diverses,900.0,900.0,
2024,040,3130,Organisation d'un colloque sur le marché du travail.,5000.0,5000.0,
2024,040,3130,Dépens versés dans le cadre de l'APGM (Fonds 2026 APGM),2300.0,0.0,
2023,040,3130,Frais de port,47800.0,48800.0,
2023,040,3130,Frais de téléphone,21000.0,21000.0,
2023,040,3130,Frais de contentieux et de poursuites,10500.0,11500.0,
2023,040,3130,Indemnités et frais pour la Commission consultative cantonale pour l'emploi et la Commission tripartite chargée des mesures d'accompagnement à la libre circulation des personnes.,4000.0,4000.0,
2023,040,3130,Dépens versés dans le cadre des recours interjetés contre les décisions de la DG en matière du marché du travail.,15000.0,15000.0,
2023,040,3130,Cotisation Association des offices suisses du travail,21500.0,21500.0,
2023,040,3130,Cotisation Association suisse pour la technique du soudage,4100.0,4100.0,
2023,040,3130,Cotisation Association intercantonale pour le droit du travail,3500.0,3500.0,
2023,040,3130,Cotisations diverses,900.0,900.0,
2023,040,3130,Organisation d'un colloque sur le marché du travail.,5000.0,0.0,
2022,040,3130,Frais de port,48800.0,50800.0,
2022,040,3130,Frais de téléphone,21000.0,9000.0,
2022,040,3130,Frais de contentieux et de poursuites,11500.0,11500.0,
2022,040,3130,Indemnités et frais pour la Commission consultative cantonale pour l'emploi et la Commission tripartite chargée des mesures d'accompagnement à la libre circulation des personnes.,4000.0,5000.0,
2022,040,3130,Dépens versés dans le cadre des recours interjetés contre les décisions du Service de l'emploi en matière du marché du travail.,15000.0,15000.0,
2022,040,3130,Cotisation Association des offices suisses du travail,21500.0,21500.0,
2022,040,3130,Cotisation Association suisse pour la technique du soudage,4100.0,4100.0,
2022,040,3130,Cotisation Association intercantonale pour le droit du travail,3500.0,3500.0,
2022,040,3130,Cotisations diverses,900.0,900.0,
2022,040,3130,Organisation d'un colloque sur le marché du travail.,0.0,3000.0,
2021,040,3130,Frais de port,50800.0,53000.0,
2021,040,3130,Frais de téléphone,9000.0,9000.0,
2021,040,3130,Frais de contentieux et de poursuites,11500.0,11500.0,
2021,040,3130,Indemnités et frais pour la Commission consultative cantonale pour l'emploi et la Commission tripartite chargée des mesures d'accompagnement à la libre circulation des personnes,5000.0,5000.0,
2021,040,3130,Dépens versés dans le cadre des recours interjetés contre les décisions du Service de l'emploi en matière du marché du travail,15000.0,15000.0,
2021,040,3130,Cotisation Association des offices suisses du travail,21500.0,21500.0,
2021,040,3130,Cotisation Association suisse pour la technique du soudage,4100.0,4100.0,
2021,040,3130,Cotisation Association intercantonale pour le droit du travail,3500.0,3500.0,
2021,040,3130,Cotisations diverses,900.0,900.0,
2021,040,3130,Organisation d'un colloque sur le marché du travail.,3000.0,3000.0,
2020,040,3130,Frais de port,53000.0,53000.0,
2020,040,3130,Frais de téléphone,9000.0,9000.0,
2020,040,3130,Frais de contentieux et de poursuites,11500.0,12000.0,
2020,040,3130,Indemnités et frais pour la Commission consultative cantonale pour l'emploi et la Commission tripartite chargée des mesures d'accompagnement à la libre circulation des personnes,5000.0,5000.0,
2020,040,3130,Dépens versés dans le cadre des recours interjetés contre les décisions du Service de l'emploi en matière du marché du travail,15000.0,15000.0,
2020,040,3130,Cotisation Association des offices suisses du travail,21500.0,21500.0,
2020,040,3130,Cotisation Association suisse pour la technique du soudage,4100.0,4100.0,
2020,040,3130,Cotisation Association intercantonale pour le droit du travail,3500.0,3500.0,
2020,040,3130,Cotisations diverses,900.0,900.0,
2020,040,3130,Organisation d'un colloque sur le marché du travail.,3000.0,3000.0,
2027,040,3132,Honoraires des médecins-conseils relatifs à l'assurance perte de gain maladie en faveur des bénéficiaires d'indemnités de chômage (Fonds 2026 APGM).,90000.0,60000.0,
2027,040,3132,"Formation destinée aux employeurs dans le cadre de la lutte contre le travail illicite dans le secteur des métiers de bouche et d'activités analogues et mandats d¶expertise et d¶accompagnement dans le cadre de la lutte contre le travail illicite, de la santé au travail et de projets informatiques",243500.0,145000.0,
2026,040,3132,Honoraires des médecins-conseils relatifs à l'assurance perte de gain maladie en faveur des bénéficiaires d'indemnités de chômage (Fonds 2026 APGM).,60000.0,60000.0,
2026,040,3132,Formation destinée aux employeurs dans le cadre de la lutte contre le travail illicite dans le secteur des métiers de bouche et activités analogues et mandats à des spécialistes de la santé au travail.,145000.0,158200.0,
2025,040,3132,Honoraires des médecins-conseils relatifs à l'assurance perte de gain maladie en faveur des bénéficiaires d'indemnités de chômage (Fonds 2026 APGM).,60000.0,70000.0,
2025,040,3132,Formation destinée aux employeurs dans le cadre de la lutte contre le travail illicite dans le secteur des métiers de bouche et activités analogues et mandat pour le développement lié à la cyber prestation de la DISMAT.,158200.0,16200.0,
2024,040,3132,Honoraires des médecins-conseils relatifs à l'assurance perte de gain maladie en faveur des bénéficiaires d'indemnités de chômage (Fonds 2026 APGM).,70000.0,70000.0,
2024,040,3132,Formation destinée aux employeurs dans le cadre de la lutte contre le travail illicite dans le secteur des métiers de bouche et activités analogues.,16200.0,18000.0,
2023,040,3132,Honoraires des médecins-conseils relatifs à l'assurance perte de gain maladie en faveur des bénéficiaires d'indemnités de chômage (Fonds 2026 APGM).,70000.0,40000.0,
2023,040,3132,Formation destinée aux employeurs dans le cadre de la lutte contre le travail illicite dans le secteur des métiers de bouche et activités analogues.,18000.0,18000.0,
2027,040,3158,,,,Maintenance corrective et évolutive ainsi que coûts pérennes relatifs à l'application informatique développée pour la gestion de l'assurance perte de gain maladie en faveur des bénéficiaires d'indemnités de chômage (Fonds 2026 APGM).
2026,040,3158,,,,Maintenance corrective et évolutive ainsi que coûts pérennes relatifs à l'application informatique développée pour la gestion de l'assurance perte de gain maladie en faveur des bénéficiaires d'indemnités de chômage (Fonds 2026 APGM).
2025,040,3158,,,,Maintenance corrective et évolutive ainsi que coûts pérennes relatifs à l'application informatique développée pour la gestion de l'assurance perte de gain maladie en faveur des bénéficiaires d'indemnités de chômage (Fonds 2026 APGM).
2024,040,3158,,,,Maintenance corrective et évolutive ainsi que coûts pérennes relatifs à l'application informatique développée pour la gestion de l'assurance perte de gain maladie en faveur des bénéficiaires d'indemnités de chômage (Fonds 2026 APGM).
2023,040,3158,,,,Maintenance corrective et évolutive ainsi que coûts pérennes relatifs à l'application informatique développée pour la gestion de l'assurance perte de gain maladie en faveur des bénéficiaires d'indemnités de chômage (Fonds 2026 APGM).
2027,040,3170,Frais de transport et usage de véhicules privés,72000.0,72000.0,
2027,040,3170,Frais de repas et d'hôtel,14500.0,14500.0,
2026,040,3170,Frais de transport et usage de véhicules privés,72000.0,72000.0,
2026,040,3170,Frais de repas et d'hôtel,14500.0,14500.0,
2025,040,3170,Frais de transport et usage de véhicules privés,72000.0,72000.0,
2025,040,3170,Frais de repas et d'hôtel,14500.0,14500.0,
2024,040,3170,Frais de transport et usage de véhicules privés,72000.0,72000.0,
2024,040,3170,Frais de repas et d'hôtel,14500.0,14500.0,
2023,040,3170,Frais de transport et usage de véhicules privés,72000.0,72000.0,
2023,040,3170,Frais de repas et d'hôtel,14500.0,14500.0,
2027,040,3510,,,,"Attribution au Fonds cantonal d'assurance perte de gain maladie en faveur des bénéficiaires d'indemnités de chômage (Fonds 2026 APGM). Voir comptes 3130, 3132, 3158, 3180, 3634, 3637 et 4390."
2026,040,3510,,,,"Attribution au Fonds cantonal d'assurance perte de gain maladie en faveur des bénéficiaires d'indemnités de chômage (Fonds 2026 APGM). Voir comptes 3130, 3132, 3158, 3180, 3634, 3637 et 4390."
2025,040,3510,,,,"Attribution au Fonds cantonal d'assurance perte de gain maladie en faveur des bénéficiaires d'indemnités de chômage (Fonds 2026 APGM). Voir comptes 3132, 3158, 3634, 3637 et 4390."
2027,040,3610,,,,"Participation des cantons aux coûts du service de l'emploi et du marché du travail (Art. 92 al. 7bis LACI) et des mesures relatives au marché du travail basée sur une projection budgétaire transmise par le SECO. Ce coût est intégré à la participation à la cohésion sociale (PCS) et donc partiellement à charge des communes, voir compte 4612."
2026,040,3610,,,,"Participation des cantons aux coûts du service de l'emploi et du marché du travail (Art. 92 al. 7bis LACI) et des mesures relatives au marché du travail basée sur une projection budgétaire transmise par le SECO. Ce coût est intégré à la participation à la cohésion sociale (PCS) et donc partiellement à charge des communes, voir compte 4612."
2025,040,3610,,,,"Participation des cantons aux coûts du service de l'emploi et du marché du travail (Art. 92 al. 7bis LACI) et des mesures relatives au marché du travail basée sur une projection budgétaire transmise par le SECO. Ce coût est intégré à la participation à la cohésion sociale (PCS) et donc partiellement à charge des communes, voir compte 4612."
2024,040,3610,,,,"Participation des cantons aux coûts du service de l'emploi et du marché du travail (Art. 92 al. 7bis LACI) et des mesures relatives au marché du travail basée sur une projection budgétaire transmise par le SECO. Ce coût est intégré à la participation à la cohésion sociale (PCS) et donc partiellement à charge des communes, voir compte 4612."
2023,040,3610,,,,"Participation des cantons aux coûts du service de l'emploi et du marché du travail (Art. 92 al. 7bis LACI) et des mesures relatives au marché du travail basée sur une projection budgétaire transmise par le SECO. Ce coût est intégré à la participation à la cohésion sociale (PCS) et donc partiellement à charge des communes, voir compte 4612."
2027,040,3613,,,,"Frais de fonctionnement et d'investissement de la direction de l'insertion professionnelle et du placement (DIPP) et de la direction de l'autorité cantonale de l'emploi (DIACE) pris en charge par le fonds de compensation de l'assurance-chômage, voir compte 4613."
2026,040,3613,,,,"Frais de fonctionnement et d'investissement de la direction de l'insertion professionnelle et du placement (DIPP) et de la direction de l'autorité cantonale de l'emploi (DIACE) pris en charge par le fonds de compensation de l'assurance-chômage, voir compte 4613."
2024,040,3613,,,,"Frais de fonctionnement et d'investissement de la direction de l'insertion professionnelle et du placement (DIPP) et de la direction de l'autorité cantonale de l'emploi (DIACE) pris en charge par le fonds de compensation de l'assurance-chômage, voir compte 4613."
2023,040,3613,,,,"Frais de fonctionnement et d'investissement de la direction de l'insertion professionnelle et du placement (DIPP) et de la direction de l'autorité cantonale de l'emploi (DIACE) pris en charge par le fonds de compensation de l'assurance-chômage, voir compte 4613."
2024,040,3634,Frais de fonctionnement et indemnisation de la Caisse cantonale de chômage (CCH) et indemnisation des autres caisses de chômage en lien avec l’assurance perte de gain maladie en faveur des bénéficiaires d’indemnités de chômage (Fonds 2026 APGM).,1100000.0,1102300.0,
2024,040,3634,"Coûts relatifs aux mesures de réinsertion professionnelle RI. Participation des communes via la PCS, voir compte 4612. Dans le cas d'une éventuelle insuffisance budgétaire, les montants nécessaires pourront être prélevés sur le fonds de lutte contre le chômage (Fonds 3023).",530000.0,873000.0,
2023,040,3634,Frais de fonctionnement et indemnisation de la Caisse cantonale de chômage (CCH) et indemnisation des autres caisses de chômage en lien avec l’assurance perte de gain maladie en faveur des bénéficiaires d’indemnités de chômage (Fonds 2026 APGM).,1102300.0,1102300.0,
2023,040,3634,"Coûts relatifs aux mesures de réinsertion professionnelle RI. Participation des communes via la PCS, voir compte 4612. Dans le cas d'une éventuelle insuffisance budgétaire, les montants nécessaires pourront être prélevés sur le fonds de lutte contre le chômage (Fonds 3023).",873000.0,1222000.0,
2027,041,3010,Direction et support administratif,3403100.0,3741400.0,
2027,041,3010,Secrétariat et direction d'Agrilogie,608200.0,427500.0,
2027,041,3010,"Direction de l'agriculture,de la viticulture et des améliorations foncières (DAGRI)",4465100.0,4275900.0,
2027,041,3010,Direction des affaires vétérinaires et de l'inspectorat (DAVI),3980000.0,3763400.0,
2026,041,3010,Direction et support administratif,3741400.0,3310600.0,
2026,041,3010,Secrétariat et direction d'Agrilogie,427500.0,552100.0,
2026,041,3010,"Direction de l'agriculture,de la viticulture et des améliorations foncières (DAGRI)",4275900.0,4068100.0,
2026,041,3010,Direction des affaires vétérinaires et de l'inspectorat (DAVI),3763400.0,3839900.0,
2025,041,3010,Direction + support administratif,3310600.0,3202100.0,
2025,041,3010,Secrétariat de l'Agrilogie et Directeur,552100.0,408400.0,
2025,041,3010,"Agriculture, Viticulture et Améliorations foncières (DAGRI)",4068100.0,4094500.0,
2025,041,3010,Affaires vétérinaires (DAVI),3839900.0,3611200.0,
2024,041,3010,Direction + support administratif,3202100.0,3030205.0,
2024,041,3010,Secrétariat de l'Agrilogie et Directeur,408400.0,403328.0,
2024,041,3010,"Agriculture, Viticulture et Améliorations foncières (DAGRI)",4094500.0,4084414.0,
2024,041,3010,Affaires vétérinaires (DAVI),3611200.0,3408553.0,
2023,041,3010,Direction + support administratif,3030205.0,2926900.0,
2023,041,3010,Secrétariat de l'Agrilogie,403328.0,0.0,
2023,041,3010,"Agriculture, Viticulture et Améliorations foncières (DAGRI)",4084414.0,4008900.0,
2023,041,3010,Affaires vétérinaires (DAVI),3408553.0,3450300.0,
2027,041,3030,Personnel auxiliaire de la DAGRI,396600.0,370000.0,
2027,041,3030,Personnel auxiliaire de la DAVI,189300.0,213500.0,
2027,041,3030,Personnel auxiliaire support administratif,759600.0,478600.0,
2026,041,3030,Personnel auxiliaire de la DAGRI,370000.0,670000.0,
2026,041,3030,Personnel auxiliaire de la DAVI,213500.0,253000.0,
2026,041,3030,Personnel auxiliaire support administratif,478600.0,379100.0,
2023,041,3030,Rémunération du personnel d'appoint des Affaires vétérinaires (y.c. les commissions de la Caisse d'assurance du bétail (CAB)),300000.0,408000.0,
2023,041,3030,Rémunération du personnel d'appoint de la DAGRI,625000.0,648000.0,
2023,041,3030,Rémunération du personnel d'appoint du support administratif + Intendance d'Agrilogie,409700.0,348900.0,
2022,041,3030,Rémunération du personnel d'appoint nécessaire aux différents domaines du service,1196000.0,908500.0,
2022,041,3030,Rémunération des commissaires et préposés agricoles (environ 125 agents),208900.0,200000.0,
2022,041,3030,Reconnaissance du service en qualité d'établissement d'affectation du service civil,0.0,15000.0,
2021,041,3030,Rémunération du personnel d'appoint nécessaire aux différents domaines du service,908500.0,1223600.0,
2021,041,3030,Rémunération des commissaires et préposés agricoles (environ 125 agents),200000.0,200000.0,
2021,041,3030,Reconnaissance du service en qualité d'établissement d'affectation du service civil,15000.0,25000.0,
2020,041,3030,Reconnaissance du service en qualité d'établissement d'affectation du service civil,25000.0,20000.0,
2020,041,3030,Rémunération du personnel d'appoint nécessaire aux différents domaines du service,1223600.0,1248600.0,
2020,041,3030,Rémunération des commissaires et préposés agricoles (environ 280 agents),200000.0,200000.0,
2021,041,3049,,,,"Indemnités forfaitaires pour les frais des apprentis (14 places d'apprentissage ouvertes dans le service : commerce, cuisinier, agriculteur, viticulteur et laborantin)"
2026,041,3099,,,,"Financement d'événements liés au personnel du service (réception des jubilaires, événements familiaux, etc.)"
2023,041,3099,,,,"Financement d'événements liés au personnel du service (réception des jubilaires, événements familiaux, etc.)"
2026,041,3101,Fournitures et approvisionnement des domaines de Grange-Verney et Marcelin + Boiron,285000.0,308000.0,
2026,041,3101,Fournitures et approvisionnement Magaz'à vin,120000.0,120000.0,
2026,041,3101,Matériel et fournitures pour la DAVI,41500.0,37500.0,
2026,041,3101,Autres matériel d'exploitation et fournitures,36300.0,38000.0,
2023,041,3101,Fournitures DAGRI + Approvisionnement des domaines,360000.0,357500.0,
2023,041,3101,Matériel et fournitures pour les Affaires vétérinaires ( y.c. Tunnel de désinfection),82500.0,4000.0,
2023,041,3101,Fournitures pour l'Agrilogie,3000.0,5200.0,
2023,041,3101,Fournitures du support administratif,38000.0,37200.0,
2026,041,3102,,,,Imprimés et publications nécessaires aux activités de la DGAV
2023,041,3102,,,,Imprimés et publications nécessaires aux activités de la DGAV
2026,041,3105,,,,Approvisionnement du réfectoire de Grange-Verney
2023,041,3105,Approvisionnement du réfectoire de Marcelin. Dès 2022 le réfectoire est repris par la COFOP (Centre d'Orientation et de Formation Professionnelles),0.0,210000.0,
2023,041,3105,Approvisionnement du réfectoire de Grange-Verney,290000.0,290000.0,
2026,041,3106,Matériel pour le laboratoire vétérinaire de l¶Institut Galli-Valerio (IGV),330000.0,340000.0,
2026,041,3106,Matériel pour le laboratoire d¶°nologie de Marcelin,30000.0,30000.0,
2026,041,3106,Matériel pour la lutte contre le « Piétin »,65000.0,65000.0,
2023,041,3106,Matériel d'analyses pour le laboratoire vétérinaire Institut Galli-Valerio,555000.0,545000.0,
2023,041,3106,Laboratoire d’œnologie de Marcelin,25000.0,25000.0,
2023,041,3110,métiers de l'économie familiale (CEMEF) et les laboratoires,97000.0,202500.0,
2023,041,3110,,,,"Mobilier et équipement pour l'enseignement Agrilogie, Centre d'enseignement des"
2026,041,3111,Équipement d'exploitation à l'usage des domaines agricoles et matériel pour la protection des troupeaux,85000.0,150000.0,
2026,041,3111,Equipement spécialisé pour l'enseignement,53000.0,60000.0,
2026,041,3111,Autres machines et appareils,45000.0,40000.0,
2023,041,3111,Equipement d'exploitation à l'usage des domaines agricoles et du réfectoire (stations météo et autres équipements techniques).,117000.0,199000.0,
2023,041,3111,Equipement spécialisé pour l'enseignement,124000.0,142000.0,
2023,041,3111,Equipement et produits pour la lutte contre les épizooties (y.c. la Caisse d'assurance du bétail (CAB)),140000.0,150000.0,
2026,041,3115,,,,Bétail ferme de Grange-Verney
2023,041,3115,,,,Organisation des marchés surveillés / convention avec la Société Vaud-Genève des producteurs de Bétail de Boucherie (SVGB)
2026,041,3116,,,,Appareils et équipements du laboratoire vétérinaire IGV et du laboratoire d'°nologie
2023,041,3116,,,,Appareils et équipements du laboratoire vétérinaire Institut Galli-Valerio et du laboratoire d'œnologie. Acquisition d'un appareil de flux laminaire et adaptation du bâtiment ad hoc
2026,041,3120,Élimination de sous-produits animaux à la charge de la Caisse d'assurance du bétail (CAB),300000.0,200000.0,
2026,041,3120,Élimination de sous-produits animaux à la charge du canton,270000.0,200000.0,
2026,041,3120,Indemnisation pour perte de bétail,160300.0,165000.0,
2026,041,3120,Taxes d¶élimination des domaines de Grange-Verney et de Marcelin,18900.0,28000.0,
2025,042,3030,Auxiliaires Jeunesse+Sport,277000.0,245000.0,
2025,042,3030,Sport scolaire facultatif degré secondaire supérieur,40000.0,40000.0,
2025,042,3030,Auxiliaire fair play,0.0,40000.0,
2025,042,3030,Divers projets pédagogiques,10500.0,10500.0,
2025,042,3030,"Auxiliaire administratif·ive, apprenti·e",32200.0,31500.0,
2025,042,3030,Soutien clubs et entraîneurs,148100.0,0.0,
2025,042,3030,Conseil aux Communes,118000.0,0.0,
2025,042,3030,"Fair play, prévention, lutte contre les abus",94300.0,0.0,
2025,042,3030,Gestion administrative,23700.0,0.0,
2027,042,3104,Achat et remplacement du petit matériel d'éducation physique,248000.0,248000.0,
2027,042,3104,Equipement des nouvelles salles,121000.0,121000.0,
2027,042,3104,Autre matériel sportif,87000.0,68000.0,
2026,042,3104,Achat et remplacement du petit matériel d'éducation physique,248000.0,369000.0,
2026,042,3104,Equipement des nouvelles salles et autres,189000.0,70000.0,
2025,042,3104,Achat et remplacement du petit matériel d'éducation physique,369000.0,300500.0,
2025,042,3104,"Matériel et documents didactiques et de prévention, dont manuels Jeunesse+Sport (compensation par la rubrique 4231), autres projets",60000.0,60000.0,
2025,042,3104,Promotion de matériel EPS,10000.0,0.0,
2024,042,3104,Achat et remplacement du petit matériel d'éducation physique,300500.0,330000.0,
2024,042,3104,"Matériel et documents didactiques et de prévention, dont manuels Jeunesse+Sport (compensation par la rubrique 4231), autres projets",60000.0,112500.0,
2024,042,3104,Frais liés à l'exploitation du pumptrack,0.0,58000.0,
2023,042,3104,Frais liés à l'exploitation du pumptrack,58000.0,0.0,
2023,042,3104,Achat et remplacement du petit matériel d'éducation physique.,330000.0,393500.0,
2023,042,3104,"Documents didactiques et de prévention, dont manuels Jeunesse+Sport pour CHF 45'000, (compensation par la rubrique 4231), autres projets",112500.0,89000.0,
2027,042,3130,Organisation des Mérites sportifs vaudois et autres évènements,260000.0,210000.0,
2027,042,3130,"Frais de port, représentation, téléphonie, commissions et cotisations",63700.0,60200.0,
2027,042,3130,Intervenants externes J+S et autres intervenants,41000.0,41000.0,
2025,042,3130,Frais d'organisation des Mérites sportifs vaudois,100000.0,100000.0,
2025,042,3130,Frais d'organisation de congrès,85000.0,64000.0,
2025,042,3130,Intervenants extérieurs,40000.0,57000.0,
2025,042,3130,Frais de représentation,33000.0,33000.0,
2025,042,3130,"Divers (frais de port, téléphonie, frais des commissions, cotisations)",23000.0,25900.0,
2024,042,3130,Frais d'organisation des Mérites sportifs vaudois,100000.0,100000.0,
2024,042,3130,Frais d'organisation de congrès,64000.0,30000.0,
2024,042,3130,Intervenants extérieurs,57000.0,51800.0,
2024,042,3130,Frais de représentation,33000.0,24000.0,
2024,042,3130,"Divers (frais de port, téléphonie, frais des commissions, cotisations)",25900.0,42700.0,
2023,042,3130,Frais de port.,29000.0,29000.0,
2023,042,3130,"Téléphone, télécommunication.",7800.0,9800.0,
2023,042,3130,Frais de représentation.,24000.0,43300.0,
2023,042,3130,Frais d'organisation de congrès et Mérites sportifs Vaudois.,130000.0,35500.0,
2023,042,3130,Commissions extraparlementaires.,5200.0,5200.0,
2023,042,3130,Cotisations.,700.0,700.0,
2023,042,3130,Intervenants extérieurs.,51000.0,53500.0,
2023,042,3130,Transport par des tiers.,800.0,800.0,
2027,042,3132,"Mandats développement politique sportive (éthique, santé, genre, clubs, communes)",1162000.0,590000.0,
2027,042,3132,Autres mandats,184100.0,171500.0,
2025,042,3132,Mandats attribués dans le secteur des dossiers sportifs transversaux,25000.0,95000.0,
2025,042,3132,Mandat attribué à l'ISSUL (Institut des sciences du sport de l'université de Lausanne) et HEP pour les cours de cadres de Jeunesse+Sport,70000.0,80000.0,
2025,042,3132,Mandats attribués dans le secteur Jeunesse+Sport,10000.0,30000.0,
2025,042,3132,Mandats attribués dans le secteur pédagogique,9600.0,23000.0,
2025,042,3132,Mandats attribués dans le secteur du sport populaire et associatif,13000.0,13000.0,
2025,042,3132,"Mandats divers (candidatures manifestations internationales, montage et démontage du pumptrack, etc.)",59000.0,44000.0,
2024,042,3132,Mandats attribués dans le secteur des dossiers sportifs transversaux,95000.0,0.0,
2024,042,3132,Mandat attribué à l'ISSUL (Institut des sciences du sport de l'université de Lausanne) pour les cours de cadres de Jeunesse+Sport,80000.0,0.0,
2024,042,3132,Mandats attribués dans le secteur Jeunesse+Sport,30000.0,0.0,
2024,042,3132,Mandats attribués dans le secteur pédagogique,23000.0,0.0,
2024,042,3132,Mandats attribués dans le secteur du sport populaire et associatif,13000.0,0.0,
2024,042,3132,"Mandats divers (candidatures manifestations internationales, montage et démontage du pumptrack, etc.)",44000.0,12900.0,
2024,042,3132,,,,L’augmentation du budget 2024 est due à des reclassements du compte 3199.
2023,042,3132,Matériel imprimé.,0.0,15000.0,
2023,042,3132,Séminaires sport international,0.0,41100.0,
2023,042,3132,Guide développement durable.,5000.0,5000.0,
2023,042,3132,Etudes diverses sport international,5400.0,16200.0,
2023,042,3132,Organisation soirées famille olympique et mandats divers.,0.0,50000.0,
2023,042,3132,Autres projets (informatiques et FIS),2500.0,5200.0,
2023,042,3170,Transport des collaborateurs du service,45000.0,45000.0,
2023,042,3170,Transport conférence des chefs de file EPS,3000.0,3000.0,
2023,042,3170,Transport personnel auxiliaire Jeunesse+Sport,35000.0,35000.0,
2023,042,3170,"Frais d'hébergement et de repas des collaborateurs du service, séances chefs de file et divers",14500.0,14500.0,
2023,042,3170,Frais divers du personnel administratif et du personnel auxiliaire Jeunesse+Sport,4300.0,4300.0,
2023,042,3170,,,,Cette rubrique englobe les frais de transport ainsi que les frais d'hébergement et de repas :
2025,042,3171,Activités Jeunesse+Sport : frais de repas et d'hôtel pour la formation des cadres,288000.0,288000.0,
2025,042,3171,"Actions conduites par le secteur pédagogique (journées cantonales, journées suisses, championnats, actions scolaires diverses)",115000.0,70000.0,
2025,042,3171,Activités Jeunesse+Sport : frais de transport et remontées mécaniques,37000.0,50000.0,
2025,042,3171,Location de terrains et de matériel pour les cours Jeunesse+Sport,31000.0,31000.0,
2025,042,3171,Autres activités,5000.0,20000.0,
2024,042,3171,Activités Jeunesse+Sport : frais de repas et d'hôtel pour la formation des cadres,288000.0,308000.0,
2024,042,3171,"Actions conduites par le secteur pédagogique (journées cantonales, journées suisses, championnats, actions scolaires diverses)",70000.0,85000.0,
2024,042,3171,Activités Jeunesse+Sport : frais de transport et remontées mécaniques,50000.0,60000.0,
2024,042,3171,Location de terrains et de matériel pour les cours Jeunesse+Sport,31000.0,36000.0,
2024,042,3171,Autres activités,20000.0,10000.0,
2025,042,3612,Indemnisation des moniteurs pour le sport scolaire facultatif (SSF),550000.0,600000.0,
2025,042,3612,Camps sportifs scolaires,220000.0,220000.0,
2024,042,3612,Indemnisation des moniteurs pour le sport scolaire facultatif (SSF),600000.0,600000.0,
2024,042,3612,Camps sportifs scolaires,220000.0,239000.0,
2025,042,3636,Congrès et manifestations,1438300.0,885700.0,
2025,042,3636,Sport international,1095500.0,585500.0,
2025,042,3636,Sport et société,230000.0,25000.0,
2025,042,3636,Sport élite et relève,1305000.0,330000.0,
2025,042,3636,Sport associatif et populaire,190000.0,151700.0,
2025,042,3636,Subventions diverses,62000.0,62000.0,
2024,042,3636,Subventions accordées à des organismes sportifs internationaux,570500.0,428000.0,
2024,042,3636,Subventions pour les manifestations sportives internationales répétitives,525500.0,499500.0,
2024,042,3636,Subventions pour les manifestations sportives internationales ponctuelles,100000.0,63000.0,
2024,042,3636,Subventions à des congrès sportifs internationaux,82500.0,82500.0,
2024,042,3636,Subventions d'aide à l'installation pour les fédérations sportives internationales,15000.0,78000.0,
2024,042,3636,Subventions pour le sport et les manifestations populaires et associatifs,349400.0,442100.0,
2024,042,3636,Autres subventions,397000.0,247000.0,
2024,042,4260,Remboursement pour projet fair-play ACVF,100000.0,100000.0,
2024,042,4260,Sponsoring Mérites sportifs vaudois,30000.0,36500.0,
2024,042,4260,Loyer et prestations facturés à la Fondation Fonds du sport vaudois (FFSV),26000.0,25000.0,
2024,042,4260,Location du pumptrack,12000.0,18000.0,
2024,042,4260,Divers remboursements,4800.0,4300.0,
2024,042,4511,,,,Fonds d'utilité publique du Conseil d'Etat (fonds 3038 répartition des bénéfices LORO) - les dépenses (compte 3636) et les prélèvements liés à ce fonds ne sont pas intégrés au budget
2026,043,3030,,,,"Personnel auxiliaire comprenant : - Plusieurs renforts à la direction du logement en lien avec l¶augmentation du nombre de dossiers - Plusieurs renforts à la direction de l'aménagement pour le traitement des planifications communales - Assistante RH en renfort à l¶unité RH - Chargé de communication - Renforts ponctuels à la direction des projets territoriaux stratégiques pour le plan directeur cantonal, les agglomérations et les plans d'affectation cantonaux - Quatre apprenti·e·s géomaticien·ne·s, trois apprenti·e·s employé·e·s de commerce"
2025,043,3030,,,,"Personnel auxiliaire comprenant : - Plusieurs renforts auxiliaires à la direction de l'aménagement pour le traitement des planifications communales - Gestionnaires de dossiers pour la taxation de la plus-value - Renforts ponctuels à la direction des projets territoriaux stratégiques pour le plan directeur cantonal, les agglomérations et les plans d'affectation cantonaux - Chef.fe de projet pour l'optimisation des processus et renfort pour le suivi des évolutions ACTIS-CAMAC - Quatre apprenti·e·s géomaticien·ne·s, trois apprenti·e·s employé·e·s de commerce"
2024,043,3030,,,,"Personnel auxiliaire comprenant : - Renfort de quatre urbanistes - chef-fe-s de projet auxiliaires pour la révision complète du plan directeur cantonal - Plusieurs renforts auxiliaires à la direction de l'aménagement pour le traitement des planifications communales - Renforts d'aménagistes auxiliaires pour le traitement des demandes de permis hors de la zone à bâtir - Renforts ponctuels à la direction des autorisations de construire - Civilistes dans le domaine de la géomatique - Quatre apprenti-e-s géomaticien-ne-s, trois apprenti-e-s employé-e-s de commerce et plusieurs stagiaires"
2023,043,3030,,,,"Personnel auxiliaire comprenant : - Renfort de deux urbanistes - chef-fe-s de projet auxiliaires pour la révision complète du plan directeur cantonal - Renfort d'un-e archiviste auxiliaire dans le cadre de la dématérialisation - Plusieurs renforts auxiliaires à la direction de l'aménagement pour le traitement des planifications communales - Renforts auxiliaires à la Centrale des autorisations en matière de construction - Renfort d'un-e aménagiste auxiliaire pour le traitement des demandes de permis hors de la zone à bâtir - Renfort d'un-e gestionnaire de dossiers spécialisés à la direction du logement - Renforts ponctuels à la direction des autorisations de construire - Civilistes dans le domaine de la géomatique - Trois apprenti-e-s géomaticien-ne-s, trois apprenti-e-s employé-e-s de commerce et plusieurs stagiaires"
2021,043,3030,,,,"Personnel auxiliaire comprenant : - Renfort d'un chef de projet auxiliaire pour la révision complète du plan directeur cantonal - Renfort d'un archiviste-auxiliaire dans le cadre du projet de dématérialisation - Renfort d'un urbaniste et d'un secrétaire auxiliaire pour faire face à l’augmentation des planifications communales - Renfort de deux techniciens en géomatique auxiliaires pour l’intégration des plans d’affectation - Renfort d’un géographe auxiliaire pour les études liées à la révision complète du plan directeur cantonal et aux surfaces d’assolement - Renfort d’un secrétaire auxiliaire pour le logement - Renforts ponctuels à la CAMAC et à l'OIT - Civilistes dans le domaine de la géomatique - Trois apprentis géomaticien, un apprenti employé de commerce et plusieurs stagiaires"
2020,043,3030,,,,"Personnel auxiliaire comprenant : - Renfort d'un chef de projet auxiliaire pour la révision complète du plan directeur cantonal (division ""Planification cantonale et régionale"") - Renfort d'un archiviste-auxiliaire pour les services généraux dans le cadre du projet de dématérialisation - Renfort d'un urbaniste et d'un secrétaire auxiliaire pour la division ""Aménagement communal"" qui fait face à une augmentation du nombre de dossiers à traiter - Renfort d'un technicien en géomatique auxiliaire et de collaborateurs dans le cadre du service civil pour l'intégration des plans d'affectation (division ""Planification cantonale et régionale"")"
2026,043,3102,Frais de publication des avis d¶enquête dans la Feuille des avis officiels,954500.0,55500.0,
2026,043,3102,Publications d¶avis de mise à l¶enquête de zones réservées cantonales,10000.0,10000.0,
2026,043,3102,Autres publications,33500.0,4800.0,
2025,043,3102,Frais de publication des avis d’enquête dans la Feuille des avis officiels (numérisation des publications FAO dès 2025),55500.0,970000.0,
2025,043,3102,Publications d’avis de mise à l’enquête de zones réservées cantonales,10000.0,10000.0,
2025,043,3102,Autres publications,4800.0,26000.0,
2024,043,3102,Frais de publication des avis d’enquête dans la Feuille des avis officiels,970000.0,965000.0,
2024,043,3102,Publications d’avis de mise à l’enquête de zones réservées cantonales,10000.0,6000.0,
2024,043,3102,Autres publications,26000.0,30000.0,
2024,043,3102,Publications liées au forum du logement,0.0,8000.0,
2023,043,3102,Frais de publication des avis d’enquête dans la Feuille des avis officiels,965000.0,918800.0,
2023,043,3102,Publications d’avis de mise à l’enquête de zones réservées cantonales,6000.0,25000.0,
2023,043,3102,Autres publications,30000.0,30000.0,
2023,043,3102,Publications liées au forum du logement,8000.0,0.0,
2021,043,3102,Frais de publication des avis d’enquête dans la Feuille des avis officiels,855000.0,855000.0,
2021,043,3102,publications,51800.0,51800.0,
2021,043,3102,Publications liées au forum du logement,45000.0,40000.0,
2021,043,3102,,,,Publications d’avis de mise à l’enquête de zones réservées cantonales et autres
2020,043,3102,,,,- Publications concernant le projet d'agglomération Lausanne-Morges - Publications d'avis de mise à l'enquête de zones réservées cantonales
2026,043,3130,Dépenses comprenant : - Les frais de représentation et d'organisation de congrès - Les frais de port et de téléphone - Les frais de contentieux - Les frais de transports de déchets,210200.0,167200.0,
2026,043,3130,"Les indemnités et frais de commissions, soit : la commission cantonale consultative d'aménagement du territoire (CCCAT), la commission de suivi de la Loi sur le plan de protection de Lavaux (LLavaux), la Commission cantonale consultative du logement et la Commission cantonale de nomenclature.",75000.0,87000.0,
2026,043,3130,Cotisations à des institutions de droit privé dont : - Espace suisse - COSAC (Conférence suisse des aménagistes cantonaux) - CORAT (Conférence des offices romands d'aménagement du territoire) - ASIT (Association pour le système d'information du territoire) - Conférence des services cantonaux du cadastre - Conférence des services de géoinformation - CAMAC Suisse - Cotisations diverses,294800.0,300000.0,
2025,043,3130,Dépenses comprenant : - Les frais de représentation et d'organisation de congrès - Les frais de port et de téléphone - Les frais de contentieux - Les frais de transports de déchets,167200.0,133200.0,
2025,043,3130,"Les indemnités et frais de commissions, soit : la commission cantonale consultative d'aménagement du territoire (CCCAT), la commission de suivi de la Loi sur le plan de protection de Lavaux (LLavaux), la Commission cantonale consultative du logement et la Commission cantonale de nomenclature. Sollicitation accrue de la CCCAT pour le Plan directeur cantonal.",87000.0,25000.0,
2025,043,3130,Cotisations à des institutions de droit privé dont : - Espace suisse - COSAC (Conférence suisse des aménagistes cantonaux) - CORAT (Conférence des offices romands d'aménagement du territoire) - ASIT (Association pour le système d'information du territoire) - Conférence des services cantonaux du cadastre - Conférence des services de géoinformation - CAMAC Suisse - Cotisations diverses,300000.0,300000.0,
2024,043,3130,Dépenses comprenant : - Les frais de représentation et d'organisation de congrès - Les frais de port et de téléphone - Les frais de contentieux - Les frais de transports de déchets,133200.0,177200.0,
2024,043,3130,"Les indemnités et frais de commissions soit : la commission cantonale consultative d'aménagement du territoire, la commission de suivi de la Loi sur le plan de protection de Lavaux (LLavaux), la Commission cantonale consultative du logement et la Commission cantonale de nomenclature.",25000.0,40000.0,
2024,043,3130,Cotisations à des institutions de droit privé dont : - Espace suisse - COSAC (Conférence suisse des aménagistes cantonaux) - CORAT (Conférence des offices romands d'aménagement du territoire) - ASIT (Association pour le système d'information du territoire) - Conférence des services cantonaux du cadastre - Conférence des services de géoinformation - CAMAC Suisse - Cotisations diverses,300000.0,300000.0,
2021,043,3130,Dépenses comprenant : - Les frais de représentation et d'organisation de congrès - Les frais de port et de téléphone - Les frais de contentieux - Les frais de transports de déchets,224300.0,216200.0,
2021,043,3130,"Les indemnités et frais de commissions soit : la commission cantonale consultative d'aménagement du territoire, la commission de suivi de la Loi sur le plan de protection de Lavaux (LLavaux), la Commission cantonale consultative du logement et la Commission cantonale de nomenclature. Les indemnités aux assesseurs des commissions de conciliation en matière de baux à loyer sont transférés à la DGAIC.",85000.0,349000.0,
2021,043,3130,Cotisations à des institutions de droit privé dont : - Espace suisse - COSAC (Conférence suisse des aménagistes cantonaux) - CORAT (Conférence des offices romands d'aménagement du territoire) - ASIT (Association pour le système d'information du territoire) - Conférence des services cantonaux du cadastre - Conférence des services de géoinformation - CAMAC Suisse - Cotisations diverses,299100.0,319100.0,
2026,043,3132,Plan directeur cantonal,500000.0,805000.0,
2026,043,3132,Agglomérations,150000.0,248000.0,
2026,043,3132,Amélioration des prestations et communication,148000.0,267900.0,
2026,043,3132,"Mandats juridiques, notamment pour fixer le montant de la taxe sur la plus-value",730000.0,916000.0,
2026,043,3132,Plans d'affectations cantonaux,189600.0,374600.0,
2026,043,3132,Recherche de nouvelles surfaces d'assolement,40000.0,490000.0,
2026,043,3132,Informations sur le territoire,160000.0,195000.0,
2026,043,3132,Politique du logement,69000.0,107000.0,
2026,043,3132,Mandats concernant les permis de construire,10000.0,20000.0,
2026,043,3132,Mandats pour la direction de l'aménagement,75000.0,140000.0,
2026,043,3132,,,,Mandats d'études et expertises pour :
2027,044,3010,Office du développement économique & état-major,2901400.0,2438000.0,
2027,044,3010,TaskForce CDR (Fonds 3023),180000.0,180000.0,
2027,044,3010,Police cantonale du commerce,1783100.0,1714100.0,
2026,044,3010,Office du développement économique & état-major,2438000.0,2364700.0,
2026,044,3010,TaskForce CDR (Fonds 3023),180000.0,0.0,
2026,044,3010,Police cantonale du commerce,1714100.0,1723700.0,
2025,044,3010,Office du développement économique,2364700.0,2728300.0,
2025,044,3010,Office de la consommation,4853200.0,4515000.0,
2025,044,3010,Police cantonale du commerce,1723700.0,1582000.0,
2025,044,3010,Bureau cantonal des poids et mesures,502300.0,498000.0,
2024,044,3010,Office du développement économique,2728300.0,2414600.0,
2024,044,3010,Office de la consommation,4515000.0,4419000.0,
2024,044,3010,Police cantonale du commerce,1582000.0,1552000.0,
2024,044,3010,Bureau cantonal des poids et mesures,498000.0,572000.0,
2027,044,3030,Office du développement économique & état-major,1135100.0,1060500.0,
2027,044,3030,TaskForce CDR (Fonds 3023),600000.0,1391700.0,
2027,044,3030,Police cantonale du commerce,451700.0,134300.0,
2026,044,3030,Office du développement économique & état-major,1060500.0,1283500.0,
2026,044,3030,TaskForce CDR (Fonds 3023),1391700.0,0.0,
2026,044,3030,Police cantonale du commerce,134300.0,224600.0,
2025,044,3030,,,,Correspond à 19.8 ETP dont 4 apprentis
2024,044,3030,,,,Ressources supplémentaires pour des chargés de projets pour les fonds de soutien à l'industrie (fonds 3033) et à l'économie durable (fonds 3036). Renforcement de juristes à la Police cantonale du commerce pour assurer le suivi de l'application de la norme d’émission de CO2 pour le transport de personnes à titre professionnel.
2022,044,3030,,,,"L'augmentation est liée aux besoins en CDD d'un/e chef/fe de projet (unité Finances) pour le suivi (controlling) des dossiers ""Cas de rigueur"" suite au COVID19 ainsi qu'à l'analyse des risques des dossiers LADE dont le nombre est en augmentation constante et d'un/e inspecteur/trice (inspection des denrées alimentaires et des eaux) pour le contrôle du chlorotalonil."
2021,044,3030,,,,Pour des renforts ponctuels ou des remplacements en cas d'absence prolongée d'un-e collaborateur-trice.
2020,044,3030,,,,Pour des renforts ponctuels ou des remplacements en cas d'absence prolongée d'un-e collaborateur-trice.
2023,044,3049,,,,"Indemnités forfaitaires pour frais professionnels des apprenti-e-s et indemnités pour travail de nuit, du samedi, du dimanche et des jours fériés versées principalement aux inspecteurs."
2021,044,3049,,,,"Indemnités forfaitaires pour frais professionnels des apprenti-e-s et indemnités pour travail de nuit, du samedi, du dimanche et des jours fériés versées principalement aux inspecteurs."
2020,044,3049,,,,"Indemnités forfaitaires pour frais professionnels des apprenti-e-s et indemnités pour travail de nuit, du samedi, du dimanche et des jours fériés versées principalement aux inspecteurs."
2023,044,3102,,,,"Impression des brochures d'information destinées aux entreprises. Au vu de la nouvelle législation fédérale, la Police cantonale du commerce (PCC) n’a plus la mission d’achat des cartons de lotos officiels. Cette mission a été reprise par les préfectures. Les revenus étaient comptabilisés sur le compte 4250."
2021,044,3102,,,,Essentiellement l'impression des brochures d'informations destinées aux entreprises et celle des cartons de lotos officiels vendus par les préfectures aux sociétés organisatrices.
2020,044,3102,,,,Essentiellement l'impression des brochures d'informations destinées aux entreprises et celle des cartons de lotos officiels vendus par les préfectures aux sociétés organisatrices.
2025,044,3106,,,,Renchérissement du matériel lié aux laboratoires de l'Office de la consommation.
2023,044,3106,,,,Réorganisation du pôle de compétence de l’analyse des micropolluants qui regroupait des activités de laboratoire communes entre la DGE et l’Office de la consommation du SPEI. Les flux de travail vont être repris par les services individuels et non-plus par la DGE uniquement. L'augmentation du budget est compensée par la diminution du budget 005 DGE / 1057 PCAM. Voir également les comptes 3116 et 3156.
2021,044,3106,,,,Laboratoire uniquement.
2020,044,3106,,,,Laboratoire uniquement.
2021,044,3111,,,,Bureau des poids et mesures uniquement.
2020,044,3111,,,,Bureau des poids et mesures uniquement.
2023,044,3116,,,,Réorganisation du pôle de compétence de l’analyse des micropolluants qui regroupait des activités de laboratoire communes entre la DGE et l’Office de la consommation du SPEI. Les flux de travail vont être repris par les services individuels et non-plus par la DGE uniquement. L'augmentation du budget est compensée par la diminution du budget 005 DGE / 1057 PCAM. Voir également les comptes 3106 et 3156.
2021,044,3116,,,,L'augmentation de CHF 95'000.- est financée par un transfert du compte 3132.
2025,044,3120,,,,"Adaptation du coût des énergies (électricité, eau, gaz) pour les laboratoires de l'Office de la consommation."
2024,044,3120,,,,"Consommation eau, gaz, électricité et élimination déchets."
2023,044,3120,,,,"Consommation eau, gaz, électricité et élimination déchets."
2021,044,3120,"Consommation d'eau, de gaz et d'électricité.",95100.0,95100.0,
2021,044,3120,Frais d'élimination/destruction de documents/dossiers/déchets.,1000.0,1000.0,
2020,044,3120,"Consommation d'eau, de gaz et d'électricité.",95100.0,95100.0,
2020,044,3120,Frais d'élimination/destruction de documents/dossiers/déchets.,1000.0,1000.0,
2027,044,3130,Frais de port,81000.0,57000.0,
2027,044,3130,Frais de téléphonie fixe et mobile,7000.0,8000.0,
2027,044,3130,Frais de représentation/invitations,80000.0,108000.0,
2027,044,3130,Frais de contentieux,1000.0,20000.0,
2027,044,3130,Cotisations à des institutions,137000.0,110000.0,
2027,044,3130,Frais de transport,2000.0,5000.0,
2026,044,3130,Frais de port,57000.0,75000.0,
2026,044,3130,Frais de téléphonie fixe et mobile,8000.0,8000.0,
2026,044,3130,Frais de représentation/invitations,108000.0,108000.0,
2026,044,3130,Frais de contentieux,20000.0,20000.0,
2026,044,3130,Cotisations à des institutions,110000.0,110000.0,
2026,044,3130,Frais de transport,5000.0,5000.0,
2025,044,3130,Frais de port.,90000.0,70000.0,
2025,044,3130,Frais de téléphonie fixe et mobile.,20000.0,34000.0,
2025,044,3130,Frais de représentation/invitations/promotion.,118000.0,127000.0,
2025,044,3130,Frais de contentieux.,20000.0,22000.0,
2025,044,3130,Cotisations à des institutions,130000.0,122000.0,
2025,044,3130,Frais de transport (déménagement),5000.0,8000.0,
2027,044,3132,Communication,150000.0,170000.0,
2027,044,3132,Office du développement économique,232000.0,252000.0,
2027,044,3132,Signalisation touristique,78000.0,128000.0,
2027,044,3132,Police cantonale du commerce,20000.0,30000.0,
2027,044,3132,Organismes,0.0,160000.0,
2027,044,3132,Mandats généraux,174000.0,174000.0,
2027,044,3132,Fonds de soutien à l'économie durable (site internet VIVA) (Fonds 3036),230000.0,230000.0,
2026,044,3132,"Communication (brochures, site internet, ...)",170000.0,300000.0,
2026,044,3132,Office du développement économique,252000.0,252000.0,
2026,044,3132,Signalisation touristique,128000.0,198000.0,
2026,044,3132,Police cantonale du commerce,30000.0,30000.0,
2026,044,3132,Organismes,160000.0,160000.0,
2026,044,3132,SPEI : mandats généraux,174000.0,174000.0,
2026,044,3132,Fonds de soutien à l'économie durable (site internet VIVA) (Fonds 3036),230000.0,169500.0,
2027,044,3151,,,,Coût d'exploitation du bâtiment de la Police cantonale du commerce à Epalinges (dès 2027 budgété sous rubrique 3160).
2026,044,3151,,,,Allocation des coûts de loyer à Epalinges pour la Police cantonale du commerce (précédemment budgeté globalement à l'Office de la consommation)
2027,044,3160,,,,Coût d'exploitation du bâtiment de la Police cantonale du commerce à Epalinges (jusqu'en 2026 budgété sous rubrique 3151).
2027,044,3170,Frais de déplacement,28000.0,37000.0,
2027,044,3170,Frais de repas et d'hôtel,18000.0,10000.0,
2027,044,3170,Autres frais divers pour le personnel,3000.0,2000.0,
2026,044,3170,Frais de déplacement,37000.0,52000.0,
2026,044,3170,Frais de repas et d'hôtel,10000.0,10000.0,
2026,044,3170,Autres frais divers pour le personnel,2000.0,2000.0,
2027,044,3602,,,,Part de la taxe sur les ventes de boissons alcooliques à l'emporter reversée aux communes (50% de la rubrique 4120)
2026,044,3602,,,,Part de la taxe sur les ventes de boissons alcooliques à l'emporter reversée aux communes (50% de la rubrique 4120)
2027,044,3604,,,,Police cantonale du commerce : montant reversé à la Fondation vaudoise pour la formation des métiers de bouche (jusqu'au budget 2026 ce montant était comptabilisé en diminution de revenus dans la rubrique 4210).
2027,044,3632,,,,Aide au développement économique allouée dans le cadre de la loi sur l'appui au développement économique (LADE) : Projets régionaux et cantonaux
2026,044,3632,,,,Aide au développement économique allouée dans le cadre de la loi sur l'appui au développement économique (LADE) : Projets régionaux et cantonaux
2027,044,3634,Organismes de promotion cantonaux et intercantonaux,9578000.0,9578000.0,
2027,044,3634,Prestataires de services aux entreprises,2000000.0,2050000.0,
2027,044,3634,Fonds de soutien à l'innovation (Fonds 3035),9240000.0,9240000.0,
2027,044,3634,,,,Aide au développement économique allouée dans le cadre de la loi sur l'appui au développement économique (LADE) et de différents fonds :
2026,044,3634,Organismes de promotion cantonaux et intercantonaux,9578000.0,9578000.0,
2026,044,3634,Prestataires de services aux entreprises,2050000.0,2050000.0,
2026,044,3634,Fonds de soutien à l'innovation (Fonds 3035),9240000.0,7119000.0,
2026,044,3634,,,,Aide au développement économique allouée dans le cadre de la loi sur l'appui au développement économique (LADE) et de différents fonds :
2025,045,3010,Secrétariat général (SG),3220300.0,2947500.0,
2025,045,3010,Office de la transformation numérique et appui à l’administration (ONA),848300.0,856200.0,
2024,045,3010,Secrétariat général (SG),2947500.0,2679000.0,
2024,045,3010,Unité de conseil et d'appui (UCA),856200.0,841500.0,
2024,045,3010,Office de l'accueil de jour des enfants (OAJE),2833600.0,2413700.0,
2024,045,3010,Centres de vie enfantine (CVE) La Fourmi et Carambole,3352900.0,3200000.0,
2023,045,3010,Secrétariat général (SG),2679000.0,2056100.0,
2023,045,3010,Unité de conseil et d'appui (UCA),841500.0,822000.0,
2023,045,3010,Office de l'accueil de jour des enfants (OAJE),2413700.0,2298000.0,
2023,045,3010,Centres de vie enfantine (CVE) La Fourmi et Carambole,3200000.0,3190500.0,
2022,045,3010,Secrétariat général (SG),2056100.0,1884300.0,
2022,045,3010,Bureau de l'égalité entre les femmes et les hommes (BEFH),886500.0,877600.0,
2022,045,3010,Unité de conseil et d'appui (UCA),822000.0,809000.0,
2022,045,3010,Office de l'accueil de jour des enfants (OAJE),2298000.0,2077400.0,
2022,045,3010,Centres de vie enfantine (CVE) La Fourmi et Carambole,3190500.0,3177800.0,
2021,045,3010,Secrétariat général (SG),1884300.0,2046400.0,
2021,045,3010,Bureau de l'égalité entre les femmes et les hommes (BEFH),877600.0,903200.0,
2021,045,3010,Unité de conseil et d'appui (UCA),809000.0,829000.0,
2021,045,3010,Office de l'accueil de jour des enfants (OAJE),2077400.0,1887500.0,
2021,045,3010,Centres de vie enfantine (CVE) La Fourmi et Carambole,3177800.0,3266400.0,
2020,045,3010,"Secrétariat général (SG, CAMAC, OIT)",5945700.0,5900400.0,
2020,045,3010,Unité de conseil et d'appui (UCA),829000.0,814300.0,
2020,045,3010,Office d'accueil de jour des enfants (OAJE),1887500.0,1604400.0,
2020,045,3010,Centres de vie enfantine (CVE) de l'Etat La Fourmi et Carambole (ex Garderies Mosaïque et Carambole),3266400.0,3439900.0,
2027,045,3030,"Personnel en formation, apprenti(e)s et stagiaires.",149800.0,149800.0,
2027,045,3030,Personnel auxiliaire et remplacement d'absences longue durée.,154800.0,119800.0,
2026,045,3030,"Personnel en formation, apprenti(e)s et stagiaires.",149800.0,163500.0,
2026,045,3030,Personnel auxiliaire et remplacement d'absences longue durée.,119800.0,12000.0,
2025,045,3030,"Personnel en formation, apprenti(e)s et stagiaires",163500.0,160400.0,
2025,045,3030,Personnel auxiliaire et remplacement d'absences longue durée,12000.0,12000.0,
2024,045,3030,Secrétariat général (SG),160400.0,141800.0,
2024,045,3030,Centres de vie enfantine (CVE) La Fourmi et Carambole,102100.0,119400.0,
2024,045,3030,Secrétariat général (SG),12000.0,12000.0,
2024,045,3030,Centres de vie enfantine (CVE) La Fourmi et Carambole,138400.0,138400.0,
2024,045,3030,,,,"Personnel en formation, apprenti(e)s et stagiaires Personnel auxiliaire et remplacement d'absences longue durée"
2023,045,3030,Secrétariat général (SG),141800.0,89500.0,
2023,045,3030,Centres de vie enfantine (CVE) La Fourmi et Carambole,119400.0,104500.0,
2023,045,3030,Secrétariat général (SG),12000.0,12000.0,
2023,045,3030,Centres de vie enfantine (CVE) La Fourmi et Carambole,138400.0,142800.0,
2023,045,3030,,,,"Personnel en formation, apprenti(e)s et stagiaires Personnel auxiliaire en remplacement d'absences longue durée et personnel astreint au service civil."
2022,045,3030,Secrétariat général (SG) Nouveau Junior Team,89500.0,29900.0,
2022,045,3030,Bureau de l'égalité entre les femmes et les hommes (BEFH),21000.0,21000.0,
2022,045,3030,Centres de vie enfantine (CVE) La Fourmi et Carambole,104500.0,119400.0,
2022,045,3030,Secrétariat général (SG),12000.0,12000.0,
2022,045,3030,Bureau de l'égalité entre les femmes et les hommes (BEFH),52700.0,52700.0,
2022,045,3030,Centres de vie enfantine (CVE) La Fourmi et Carambole,142800.0,130000.0,
2022,045,3030,,,,"Personnel en formation, apprenti(e)s et stagiaires Personnel auxiliaire en remplacement d'absences longue durée et personnel astreint au service civil."
2021,045,3030,Secrétariat général (SG),29900.0,0.0,
2021,045,3030,Bureau de l'égalité entre les femmes et les hommes (BEFH),21000.0,0.0,
2021,045,3030,Centres de vie enfantine (CVE) La Fourmi et Carambole,119400.0,0.0,
2021,045,3030,Secrétariat général (SG),12000.0,12000.0,
2021,045,3030,Bureau de l'égalité entre les femmes et les hommes (BEFH),52700.0,52700.0,
2021,045,3030,Centres de vie enfantine (CVE) La Fourmi et Carambole,130000.0,262000.0,
2021,045,3030,,,,"Personnel en formation, apprentis et stagiaires (précédemment sous rubrique 3010) Personnel auxiliaire en remplacement absences longue durée et personnel astreint au service civil. Le budget du personnel intérimaire est transféré dès 2021 à la rubrique 3130."
2020,045,3030,,,,Personnel auxiliaire et personnel astreint au service civil en appui aux diverses entités du secrétariat général et des Centres de vie enfantine
2027,045,3049,,,,Indemnités forfaitaires de formation pour les apprenti(e)s.
2026,045,3049,,,,Indemnités forfaitaires de formation pour les apprenti(e)s.
2025,045,3049,,,,Indemnités forfaitaires de formation pour les apprenti(e)s
2024,045,3049,,,,Indemnités forfaitaires de formation pour les apprenti(e)s
2023,045,3049,,,,Indemnités forfaitaires de formation pour les apprenti(e)s
2022,045,3049,,,,Indemnités forfaitaires de formation pour les apprenti(e)s
2021,045,3049,,,,Indemnités forfaitaires de formation pour les apprentis
2020,045,3049,,,,Indemnités forfaitaires de formation pour les apprentis
2022,045,3053,,,,Changement d'assureur-accident - précédemment à la SUVA
2021,045,3053,,,,Changement d'assureur-accident - précédemment à la SUVA
2027,045,3059,,,,Part patronale cotisations PC Famille.
2026,045,3059,,,,Part patronale cotisations PC Famille.
2025,045,3059,,,,Part patronale cotisations PC Famille
2024,045,3059,,,,Part patronale cotisations PC Famille
2023,045,3059,,,,Part patronale cotisations PC Famille
2022,045,3059,,,,Part patronale cotisations PC Famille
2021,045,3059,,,,Part patronale cotisations PC Famille
2020,045,3059,,,,Part patronale cotisations PC Famille
2027,045,3099,,,,"Conférence annuelle du département, évènements pour le personnel du SG et de la Junior Team (sortie du service, repas de fin d'année)."
2026,045,3099,,,,"Conférence annuelle du département, évènements pour le personnel du SG et de la Junior Team (sortie du service, repas de fin d'année)."
2025,045,3099,Secrétariat général (SG),35300.0,35300.0,
2025,045,3099,Office de la transformation numérique et appui à l’administration (ONA),1200.0,600.0,
2024,045,3099,Secrétariat général (SG),35300.0,30000.0,
2024,045,3099,Unité de conseil et d'appui (UCA),600.0,600.0,
2024,045,3099,Office de l'accueil de jour des enfants (OAJE),3500.0,3000.0,
2024,045,3099,Centres de vie enfantine (CVE) La Fourmi et Carambole,5200.0,5200.0,
2023,045,3099,Secrétariat général (SG),30000.0,30000.0,
2023,045,3099,Unité de conseil et d'appui (UCA),600.0,500.0,
2023,045,3099,Office de l'accueil de jour des enfants (OAJE),3000.0,3000.0,
2023,045,3099,Centres de vie enfantine (CVE) La Fourmi et Carambole,5200.0,5200.0,
2022,045,3099,Secrétariat général (SG),30000.0,30000.0,
2022,045,3099,Bureau de l'égalité entre les femmes et les hommes (BEFH),2500.0,2500.0,
2022,045,3099,Unité de conseil et d'appui (UCA),500.0,500.0,
2022,045,3099,Office de l'accueil de jour des enfants (OAJE),3000.0,2500.0,
2022,045,3099,Centres de vie enfantine (CVE) La Fourmi et Carambole,5200.0,5000.0,
2021,045,3099,Secrétariat général (SG),30000.0,27000.0,
2021,045,3099,Bureau de l'égalité entre les femmes et les hommes (BEFH),2500.0,2500.0,
2021,045,3099,Unité de conseil et d'appui (UCA),500.0,500.0,
2021,045,3099,Office de l'accueil de jour des enfants (OAJE),2500.0,2500.0,
2021,045,3099,Centres de vie enfantine (CVE) La Fourmi et Carambole,5000.0,4100.0,
2020,045,3099,Secrétariat général et UCA,32400.0,28400.0,
2020,045,3099,Office d'accueil de jour des enfants (OAJE),2500.0,1500.0,
2020,045,3099,Centres de vie enfantine,4100.0,3300.0,
2027,045,3100,,,,"Fournitures courantes matériel de bureau et économat, toner imprimantes."
2026,045,3100,,,,"Fournitures courantes matériel de bureau et économat, toner imprimantes."
2025,045,3100,Fournitures courantes matériel de bureau et économat,14000.0,14000.0,
2025,045,3100,Fourniture toner et encre pour imprimantes du département,10800.0,10800.0,
2025,045,3100,Office de la transformation numérique et appui à l’administration (ONA),3000.0,3000.0,
2025,045,3100,,,,Secrétariat général (SG)
2024,045,3100,Fournitures courantes matériel de bureau et économat,28200.0,28500.0,
2024,045,3100,Fourniture toner et encre pour imprimantes du département,10800.0,10800.0,
2023,045,3100,Fournitures courantes matériel de bureau et économat,28500.0,28500.0,
2023,045,3100,Fourniture toner et encre pour imprimantes du département,10800.0,10800.0,
2022,045,3100,Fournitures courantes matériel de bureau et économat,32000.0,32700.0,
2022,045,3100,Fourniture toner et encre pour imprimantes du département,10800.0,10800.0,
2021,045,3100,Fournitures courantes matériel de bureau et économat,32700.0,36500.0,
2021,045,3100,Fourniture toner et encre pour imprimantes du département,10800.0,15000.0,
2020,045,3100,"Fournitures courantes économat, rouleaux de papier et films pour impressions de plans",46000.0,46000.0,
2020,045,3100,Fourniture toner et encre pour imprimantes du département,15000.0,15000.0,
2027,045,3101,,,,Petit matériel acheté sur le portail La Place.
2026,045,3101,,,,Petit matériel acheté sur le portail La Place.
2025,045,3101,,,,Petit matériel acheté sur le portail La Place
2024,045,3101,,,,"Produits de nettoyage et d'entretien, emballages de conservation pour les Centres de vie enfantine. Petit matériel acheté sur le portail La Place imputé sur cette rubrique comptable (nouveau)"
2022,045,3101,,,,"Produits de nettoyage et d'entretien, emballages de conservation pour les Centres de vie enfantine"
2021,045,3101,,,,"Produits de nettoyage et d'entretien, emballages de conservation pour les Centres de vie enfantine"
2020,045,3101,"Fourniture de bornes et couvercles pour les points limites, carburant véhicule de service (OIT)",12300.0,12300.0,
2020,045,3101,"Produits de nettoyage et d'entretien, d'emballage et de conservation pour les Centres de vie enfantine",14800.0,15200.0,
2027,045,3102,,,,"Imprimés divers, brochures, cartes de visites et de voeux fin d'année. Secrétariat général (SG), communication et marchés publics, plan d'action cantonal LGBTIQ."
2026,045,3102,,,,"Imprimés divers, brochures, cartes de visites et de voeux fin d'année. Secrétariat général (SG), communication et marchés publics, plan d'action cantonal LGBTIQ."
2025,045,3102,"Secrétariat général (SG), communication et marchés publics, plan d'action cantonal LGBTIQ",27000.0,27500.0,
2025,045,3102,Office de la transformation numérique et appui à l’administration (ONA),6400.0,6400.0,
2025,045,3102,,,,"Imprimés divers, brochures, mémentos, cartes de visites"
2024,045,3102,"Secrétariat général (SG), communication et marchés publics, plan d'action cantonal LGBTIQ",27500.0,27500.0,
2024,045,3102,Unité de conseil et d'appui (UCA),6400.0,6400.0,
2024,045,3102,Office de l'accueil de jour des enfants (OAJE),300.0,300.0,
2024,045,3102,Centres de vie enfantine (CVE) La Fourmi et Carambole,400.0,400.0,
2024,045,3102,,,,"Imprimés divers, brochures, mémentos, cartes de visites"
2022,045,3102,"Secrétariat général (SG), communication et marchés publics,",33600.0,33600.0,
2022,045,3102,Bureau de l'égalité entre les femmes et les hommes (BEFH),47000.0,45200.0,
2022,045,3102,Unité de conseil et d'appui (UCA),6400.0,6400.0,
2022,045,3102,Office de l'accueil de jour des enfants (OAJE),200.0,200.0,
2022,045,3102,Centres de vie enfantine (CVE) La Fourmi et Carambole,400.0,400.0,
2022,045,3102,,,,"Imprimés divers, brochures, mémentos, cartes de visites"
2021,045,3102,"Secrétariat général (SG), communication et marchés publics,",33600.0,39000.0,
2021,045,3102,Bureau de l'égalité entre les femmes et les hommes (BEFH),45200.0,60700.0,
2021,045,3102,Unité de conseil et d'appui (UCA),6400.0,6500.0,
2021,045,3102,Office de l'accueil de jour des enfants (OAJE),200.0,200.0,
2021,045,3102,Centres de vie enfantine (CVE) La Fourmi et Carambole,400.0,400.0,
2021,045,3102,,,,"Imprimés divers, brochures, mémentos, cartes de visites"
2020,045,3102,"Imprimés, reliure et reprographie de l'Etat-major du SG, de la communication et du bureau lié à la présidence du CE. Diminution du budget, transfert partiel sur compte 3130 pour l'organisation par le canton de Vaud en 2020 de la Conférence romande des directeurs cantonaux des travaux publics, de l'aménagement du territoire et de l'environnement (DTAP).",39000.0,56200.0,
2020,045,3102,Frais de publication des avis d'enquêtes dans la Feuille des avis officiels (CAMAC),855000.0,905000.0,
2020,045,3102,Imprimés et héliographie de l'Office de l'information sur le territoire (OIT),1800.0,1800.0,
2020,045,3102,Mémentos et fiches (UCA),6500.0,6500.0,
2020,045,3102,Office d'accueil de jour des enfants (OAJE),200.0,200.0,
2020,045,3102,Imprimés divers pour les Centres de vie enfantine,400.0,400.0,
2027,045,3104,,,,Livres et documentations achetés sur le portail La Place.
2026,045,3104,,,,Livres et documentations achetés sur le portail La Place.
2025,045,3104,,,,Livres et documentations achetés sur le portail La Place.
2024,045,3104,,,,"Matériel éducatif et didactique pour les Centres de vie enfantine. Livres et documentations achetés sur le portail La Place, imputés sur cette rubrique (nouveau)"
2021,045,3104,,,,Matériel éducatif et didactique pour les Centres de vie enfantine
2020,045,3104,,,,Matériel éducatif et didactique pour les Centres de vie enfantine
2024,045,3105,,,,Alimentation pour les Centres de vie enfantine
2020,045,3105,,,,Alimentation et repas livrés pour les Centres de vie enfantine
2020,045,3106,,,,"Produits d'hygiène et soins, petite pharmacie de secours pour les Centres de vie enfantine"
2020,045,3110,,,,Mobilier spécifique pour les Centres de vie enfantine et équipement places de travail pour les nouveaux postes de chargés d'évaluation à l'OAJE
2027,045,3111,,,,Petit matériel acheté par le portail La Place.
2026,045,3111,,,,Petit matériel acheté par le portail La Place.
2025,045,3111,,,,Petit matériel acheté par le portail La Place.
2027,045,3113,,,,Petit matériel acheté par le portail La Place.
2026,045,3113,,,,Petit matériel acheté par le portail La Place.
2025,045,3113,,,,Petit matériel acheté par le portail La Place.
2027,045,3120,,,,Elimination des déchets spéciaux et confidentiels.
2026,045,3120,,,,Elimination des déchets spéciaux et confidentiels.
2025,045,3120,,,,Elimination des déchets spéciaux et confidentiels SG et ONA
2027,045,3130,Frais de port et d'envoi de courrier et colis.,19000.0,21000.0,
2027,045,3130,Frais de téléphones.,5500.0,13500.0,
2027,045,3130,Frais de représentation.,11000.0,11000.0,
2027,045,3130,"Frais d'organisation de congrès, marchés publics, plan d'action cantonal LGBTIQ.",28000.0,28000.0,
2027,045,3130,"Cotisations diverses (DTAP, marchés publics,etc).",130500.0,130500.0,
2027,045,3130,Autres prestations de tiers pour le SG ou le département.,10000.0,0.0,
2026,045,3130,Frais de port et d'envoi de courrier et colis.,21000.0,21000.0,
2026,045,3130,Frais de téléphones.,13500.0,13500.0,
2026,045,3130,Frais de représentation.,11000.0,11000.0,
2026,045,3130,"Frais d'organisation de congrès, marchés publics, plan d'action cantonal LGBTIQ.",28000.0,29000.0,
2026,045,3130,"Cotisations diverses (DTAP, marchés publics,etc).",130500.0,128000.0,
2025,045,3130,Frais de port et d'envoi de courrier et colis,21500.0,21500.0,
2025,045,3130,Frais du CCP - transfert sur rubrique 3499,0.0,2500.0,
2025,045,3130,Frais de téléphones,15000.0,15000.0,
2025,045,3130,Frais de représentation,13500.0,13500.0,
2025,045,3130,"Frais d'organisation de congrès, marchés publics, plan d'action cantonal LGBTIQ",29000.0,29000.0,
2025,045,3130,Cotisations diverses,129000.0,98300.0,
2027,045,3132,,,,Mandats Secrétariat général + mandats liés au développement du plan d'action cantonal LGBTIQ.
2026,045,3132,,,,Mandats Secrétariat général + mandats liés au développement du plan d'action cantonal LGBTIQ.
2025,045,3132,Secrétariat général (SG) + mandats liés au développement du plan d'action cantonal LGBTIQ,159000.0,159000.0,
2025,045,3132,Office de la transformation numérique et appui à l’administration (ONA),20000.0,0.0,
2026,045,3134,,,,Prime casco collective couvrant les déplacements professionnels des collaborateurs au moyen de leurs véhicules privés pour le SG.
2025,045,3134,,,,Prime casco collective couvrant les déplacements professionnels des collaborateurs au moyen de leurs véhicules privés pour le SG
2027,045,3160,,,,Loyer et charges salle P001 sur site Riponne sur la base des montants annoncés par la DGIP.
2026,045,3160,,,,Loyer et charges salle P001 sur site Riponne sur la base des montants annoncés par la DGIP.
2027,045,3161,Photocopieurs/imprimantes multifonctions.,7500.0,7500.0,
2027,045,3161,Location fontaine à eau réception SG.,2200.0,2200.0,
2027,045,3161,Utilisation et réservations de véhicules en carsharing.,17800.0,17800.0,
2026,045,3161,Photocopieurs/imprimantes multifonctions.,7500.0,8000.0,
2026,045,3161,Location fontaine à eau réception SG.,2200.0,2200.0,
2026,045,3161,Utilisation et réservations de véhicules en carsharing.,17800.0,18800.0,
2027,045,3499,,,,Frais du CCP du département.
2026,045,3499,,,,Frais du CCP du département.
2027,045,3636,,,,Coopération au développement dans des pays tiers.
2026,045,3636,,,,Coopération au développement dans des pays tiers.
2027,045,4260,,,,Remboursement de frais de téléphones mobiles et stages Junior Team au CEP.
2027,046,3049,,,,"Indemnités de piquet, pour travail de nuit, dimanches et jours fériés. Indemnités forfaitaires pour frais professionnels des apprentis."
2026,046,3049,,,,"Indemnités de piquet, pour travail de nuit, dimanches et jours fériés. Indemnités forfaitaires pour frais professionnels des apprentis."
2025,046,3049,,,,"Indemnités de piquet, pour travail de nuit, dimanches et jours fériés. Indemnités forfaitaires pour frais professionnels des apprentis."
2024,046,3049,,,,"Indemnités de piquet, pour travail de nuit, dimanches et jours fériés. Indemnités forfaitaires pour frais professionnels des apprentis."
2023,046,3049,,,,"Indemnités de piquet, pour travail de nuit, dimanches et jours fériés. Indemnités forfaitaires pour frais professionnels des apprentis."
2022,046,3049,,,,"Indemnités de piquet, pour travail de nuit, dimanches et jours fériés. Indemnités forfaitaires pour frais professionnels des apprentis."
2021,046,3049,,,,"Indemnités de piquet, pour travail de nuit, dimanches et jours fériés. Indemnités forfaitaires pour frais professionnels des apprentis."
2020,046,3049,,,,"Indemnités de piquet, pour travail de nuit, dimanches et jours fériés. Indemnités forfaitaires pour frais professionnels des apprentis."
2020,046,3090,,,,"Le 15 janvier 2019, le Grand Conseil a adopté le décret autorisant le Conseil d'État à adhérer à la Convention intercantonale sur le Service intercantonal d'entretien du réseau autoroutier (SIERA). Cette décision a impliqué une modification des flux financiers enregistrés à la DGMR au titre de l’Unité territoriale II (UT II), en ce sens qu’un volume de charges et de revenus va être désormais constaté au niveau de SIERA, soit en dehors des flux budgétaires de l’Etat de Vaud. Budget de la formation continue pour le personnel des routes nationales transféré selon commentaire ci-dessus. Pour le reste du personnel, la formation est centralisée au SPEV."
2027,046,3099,,,,"Vaccination du personnel d'exploitation, visites médicales pour les collaborateurs travaillant plus de 25 nuits/an, plan de prévention 45+ et frais des sorties annuelles du personnel"
2026,046,3099,,,,"Vaccination du personnel d'exploitation, visites médicales pour les collaborateurs travaillant plus de 25 nuits/an, plan de prévention 45+ et frais des sorties annuelles du personnel"
2025,046,3099,,,,"Vaccination du personnel d'exploitation, visites médicales pour les collaborateurs travaillant plus de 25 nuits/an, plan de prévention 45+ et frais des sorties annuelles du personnel"
2024,046,3099,,,,"Vaccination du personnel d'exploitation, visites médicales pour les collaborateurs travaillant plus de 25 nuits/an, plan de prévention 45+ et frais des sorties annuelles du personnel"
2023,046,3099,,,,"Vaccination du personnel d'exploitation, visites médicales pour les collaborateurs travaillant plus de 25 nuits/an, plan de prévention 45+ et frais des sorties annuelles du personnel"
2022,046,3099,,,,"Vaccination du personnel d'exploitation, visites médicales pour les collaborateurs travaillant plus de 25 nuits/an, plan de prévention 45+ et frais des sorties annuelles du personnel"
2021,046,3099,,,,"Vaccination du personnel d'exploitation, visites médicales pour les collaborateurs travaillant plus de 25 nuits/an, plan de prévention 45+ et frais des sorties annuelles du personnel"
2020,046,3099,,,,"Vaccination du personnel d'exploitation, visites médicales pour les collaborateurs travaillant plus de 25 nuits/an, plan de prévention 45+ et frais des sorties annuelles du personnel"
2027,046,3101,Fournitures pour les véhicules,1155000.0,1155000.0,
2027,046,3101,Carburants,808200.0,808200.0,
2027,046,3101,Produits et fournitures de nettoyage,38500.0,38500.0,
2027,046,3101,,,,"Les rubriques 3101, 3111 et 3151 forment une enveloppe budgétaire"
2026,046,3101,Fournitures pour les véhicules,1155000.0,1154000.0,
2026,046,3101,Carburants,808200.0,808200.0,
2026,046,3101,Produits et fournitures de nettoyage,38500.0,53700.0,
2026,046,3101,,,,"Les rubriques 3101, 3111 et 3151 forment une enveloppe budgétaire"
2025,046,3101,Fournitures pour les véhicules,1154000.0,1153000.0,
2025,046,3101,Carburants,808200.0,658200.0,
2025,046,3101,Produits et fournitures de nettoyage,53700.0,54700.0,
2025,046,3101,,,,"Les rubriques 3101, 3111 et 3151 forment une enveloppe budgétaire"
2024,046,3101,Fournitures pour les véhicules,1153000.0,1153000.0,
2024,046,3101,Carburants,658200.0,658200.0,
2024,046,3101,Produits et fournitures de nettoyage,54700.0,53700.0,
2024,046,3101,,,,"Les rubriques 3101, 3111 et 3151 forment une enveloppe budgétaire"
2023,046,3101,"Fournitures pour les véhicules, carburants",1812200.0,1812200.0,
2023,046,3101,Produits et fournitures de nettoyage,52700.0,52700.0,
2023,046,3101,,,,"Les rubriques 3101, 3111 et 3151 forment une enveloppe budgétaire"
2022,046,3101,"Fournitures pour les véhicules, carburants",1812200.0,1838000.0,
2022,046,3101,Produits et fournitures de nettoyage,52700.0,32700.0,
2022,046,3101,,,,"Les rubriques 3101, 3111 et 3151 forment une enveloppe budgétaire"
2021,046,3101,"Fournitures pour les véhicules, carburants",1838000.0,1688000.0,
2021,046,3101,Produits et fournitures de nettoyage,32700.0,18500.0,
2021,046,3101,,,,"Les rubriques 3101, 3111 et 3151 forment une enveloppe budgétaire"
2020,046,3101,"Fournitures pour les véhicules, carburants et voir commentaire 3090",1688000.0,2436500.0,
2020,046,3101,Produits et fournitures de nettoyage et voir commentaire 3090,18500.0,29500.0,
2020,046,3101,,,,"Les rubriques 3101, 3111 et 3151 forment une enveloppe budgétaire"
2027,046,3102,,,,"Tirages externes de plans, publications officielles, frais d'annonces DAL (avis d'enquête, restriction de circulation, annonces)."
2026,046,3102,,,,"Tirages externes de plans, publications officielles, frais d'annonces DAL (avis d'enquête, restriction de circulation, annonces)."
2025,046,3102,,,,"Tirages externes de plans, publications officielles, frais d'annonces Centre d'édition (avis d'enquête, restriction de circulation, annonces)."
2024,046,3102,,,,Frais de publications des enquêtes de projets des entreprises de transports. Voir compte 4260
2023,046,3102,,,,Frais de publications des enquêtes de projets des entreprises de transports. Voir compte 4260
2022,046,3102,,,,Frais de publications des enquêtes de projets des entreprises de transports. Voir compte 4260
2021,046,3102,,,,Frais de publications des enquêtes de projets des entreprises de transports. Voir compte 4260
2020,046,3102,,,,Frais de publications des enquêtes de projets des entreprises de transports. Voir compte 4260
2027,046,3111,,,,Voir commentaire rubrique 3101
2026,046,3111,,,,Voir commentaire rubrique 3101
2025,046,3111,,,,Voir commentaire rubrique 3101
2024,046,3111,,,,Voir commentaire rubrique 3101
2023,046,3111,,,,Voir commentaire rubrique 3101
2022,046,3111,,,,Voir commentaire rubrique 3101
2021,046,3111,,,,Voir commentaire rubrique 3101
2020,046,3111,,,,Voir commentaire rubrique 3101
2027,046,3112,,,,"Achat, renouvellement et entretien de l'habillement de sécurité du personnel d'exploitation, conformément au plan de sécurité de la SUVA."
2026,046,3112,,,,"Achat, renouvellement et entretien de l'habillement de sécurité du personnel d'exploitation, conformément au plan de sécurité de la SUVA."
2025,046,3112,,,,"Achat, renouvellement et entretien de l'habillement de sécurité du personnel d'exploitation, conformément au plan de sécurité de la SUVA."
2024,046,3112,,,,"Achat, renouvellement et entretien de l'habillement de sécurité du personnel d'exploitation, conformément au plan de sécurité de la SUVA."
2023,046,3112,,,,"Achat, renouvellement et entretien de l'habillement de sécurité du personnel d'exploitation, conformément au plan de sécurité de la SUVA."
2022,046,3112,,,,"Achat, renouvellement et entretien de l'habillement de sécurité du personnel d'exploitation, conformément au plan de sécurité de la SUVA."
2021,046,3112,,,,"Achat, renouvellement et entretien de l'habillement de sécurité du personnel d'exploitation, conformément au plan de sécurité de la SUVA."
2020,046,3112,,,,"Achat, renouvellement et entretien de l'habillement de sécurité du personnel d'exploitation, conformément au plan de sécurité de la SUVA."
2027,046,3120,Eau pour le lavage des tunnels et le curage des canalisations,19500.0,19500.0,
2027,046,3120,Consommation d'électricité,360300.0,400300.0,
2027,046,3120,Gaz et autres combustibles de chauffage pour des bâtiments des régions d'exploitation (les achats de mazout sont centralisés à la DGIP),105000.0,105000.0,
2027,046,3120,Taxe d'élimination des déchets,1034400.0,1046400.0,
2026,046,3120,Eau pour le lavage des tunnels et le curage des canalisations,19500.0,19500.0,
2026,046,3120,Consommation d'électricité,400300.0,343800.0,
2026,046,3120,Gaz et autres combustibles de chauffage pour des bâtiments des régions d'exploitation (les achats de mazout sont centralisés à la DGIP),105000.0,178700.0,
2026,046,3120,Taxe d'élimination des déchets,1046400.0,1015000.0,
2025,046,3120,Eau pour le lavage des tunnels et le curage des canalisations,19500.0,19500.0,
2025,046,3120,Consommation d'électricité,343800.0,253800.0,
2025,046,3120,Gaz et autres combustibles de chauffage pour des bâtiments des régions d'exploitation (les achats de mazout sont centralisés à la DGIP),178700.0,178700.0,
2025,046,3120,Taxe d'élimination des déchets,1015000.0,1015000.0,
2024,046,3120,Eau pour le lavage des tunnels et le curage des canalisations,19500.0,25500.0,
2024,046,3120,Consommation d'électricité,253800.0,288800.0,
2024,046,3120,Gaz et autres combustibles de chauffage pour des bâtiments des régions d'exploitation (les achats de mazout sont centralisés à la DGIP),178700.0,224700.0,
2024,046,3120,Taxe d'élimination des déchets,1015000.0,1015000.0,
2022,046,3120,Eau pour le lavage des tunnels et le curage des canalisations,25500.0,25500.0,
2022,046,3120,Consommation d'électricité,288800.0,288800.0,
2022,046,3120,Gaz et autres combustibles de chauffage pour des bâtiments des régions d'exploitation (les achats de mazout sont centralisés à la DGIP),224700.0,224700.0,
2022,046,3120,Taxe d'élimination des déchets,1015000.0,1015000.0,
2021,046,3120,Eau pour le lavage des tunnels et le curage des canalisations,25500.0,25500.0,
2021,046,3120,Consommation d'électricité,288800.0,272000.0,
2021,046,3120,Gaz et autres combustibles de chauffage pour des bâtiments des régions d'exploitation (les achats de mazout sont centralisés à la DGIP),224700.0,189400.0,
2021,046,3120,Taxe d'élimination des déchets,1015000.0,715000.0,
2020,046,3120,Eau pour le lavage des tunnels et le curage des canalisations et voir commentaire 3090,25500.0,76000.0,
2020,046,3120,Consommation d'électricité et voir commentaire 3090,272000.0,1205000.0,
2020,046,3120,Gaz et autres combustibles de chauffage pour des bâtiments des régions d'exploitation (les achats de mazout sont centralisés à la DGIP) et voir commentaire 3090,189400.0,264300.0,
2020,046,3120,Taxe d'élimination des déchets et voir commentaire 3090,715000.0,816500.0,
2022,046,3130,Frais des commissions Espaces publics et parlementaires,2000.0,2000.0,
2022,046,3130,Cotisations diverses : - Conférence des transports de Suisse occidentale (CTSO),38500.0,38500.0,
2022,046,3130,- Conférence des directeurs des transports publics (KöV),30500.0,30500.0,
2022,046,3130,- Association TGV-Trans Europe Rhin-Rhône,2600.0,2600.0,
2022,046,3130,professionnelles),39400.0,39400.0,
2022,046,3130,Frais de port,42600.0,42600.0,
2022,046,3130,Frais de téléphone (les abonnements sont pris en charge par Vaud Télécom),259500.0,219500.0,
2022,046,3130,Frais de télécommunications,45800.0,45800.0,
2022,046,3130,Frais de représentation,48300.0,48300.0,
2022,046,3130,Frais de contentieux et de poursuites,1000.0,1000.0,
2022,046,3130,Frais de nettoyage facturés par des tiers,100200.0,100200.0,
2022,046,3130,Frais de transports effectués par des tiers,69100.0,69100.0,
2022,046,3130,,,,"- Divers (Littra, Conférence des chefs d'office de transports, diverses associations"
2021,046,3130,Frais des commissions Espaces publics et parlementaires,2000.0,2000.0,
2021,046,3130,Cotisations diverses : - Conférence des transports de Suisse occidentale (CTSO),38500.0,38500.0,
2021,046,3130,- Conférence des directeurs des transports publics (KöV),30500.0,30500.0,
2021,046,3130,- Association TGV-Trans Europe Rhin-Rhône,2600.0,2600.0,
2021,046,3130,professionnelles),39400.0,39400.0,
2021,046,3130,Frais de port,42600.0,38000.0,
2021,046,3130,Frais de téléphone (les abonnements sont pris en charge par Vaud Télécom),219500.0,151200.0,
2021,046,3130,Frais de télécommunications,45800.0,19800.0,
2021,046,3130,Frais de représentation,48300.0,38000.0,
2021,046,3130,Frais de contentieux et de poursuites,1000.0,1000.0,
2021,046,3130,Frais de nettoyage facturés par des tiers,100200.0,87200.0,
2021,046,3130,Frais de transports effectués par des tiers,69100.0,69100.0,
2021,046,3130,,,,"- Divers (Littra, Conférence des chefs d'office de transports, diverses associations"
2022,046,3131,,,,Amortissements des frais d'études non activés
2021,046,3131,,,,Amortissements des frais d'études non activés
2027,047,3010,,,,Toutes entités de la DGNSI hors personnel en formation.
2026,047,3010,,,,Toutes entités de la DGNSI hors personnel en formation.
2025,047,3010,,,,Toutes entités de la DGNSI hors personnel en formation.
2024,047,3010,,,,Toutes entités de la DGNSI hors personnel en formation.
2023,047,3010,,,,Toutes entités de la DGNSI hors personnel en formation.
2022,047,3010,,,,Toutes entités de la DGNSI hors personnel en formation.
2021,047,3010,,,,"Unités de soutien, Direction des solutions, Centre d'exploitation informatique, apprentis et stagiaires."
2020,047,3010,,,,"Unités de soutien, Direction des solutions, Centre d'exploitation informatique, apprentis et stagiaires."
2026,047,3030,,,,"Renforts temporaires dans divers domaines comme les tests, la reprise de données ou encore l'exploitation ou le soutien administratif."
2025,047,3030,,,,"Renforts temporaires dans divers domaines comme les tests, la reprise de données ou encore l'exploitation ou le soutien administratif."
2024,047,3030,,,,"Renforts temporaires dans divers domaines comme les tests, la reprise de données ou encore l'exploitation ou le soutien administratif."
2023,047,3030,,,,"Renforts temporaires dans divers domaines comme les tests, la reprise de données ou encore l'exploitation ou le soutien administratif."
2022,047,3030,,,,"Renforts temporaires dans divers domaines comme les tests, la reprise de données ou encore l'exploitation ou le soutien administratif."
2021,047,3030,,,,"Renforts temporaires dans divers domaines comme les tests, la reprise de données ou encore l'exploitation."
2020,047,3030,,,,"Renforts temporaires dans divers domaines comme les tests, la reprise de données ou encore l'exploitation."
2026,047,3049,,,,Service de piquet lié à l'exploitation des infrastructures informatiques et télécoms (réseau RCV et téléphonie) ainsi qu'aux mises en production d'applications informatiques.
2025,047,3049,,,,Service de piquet lié à l'exploitation des infrastructures informatiques et télécoms (réseau RCV et téléphonie) ainsi qu'aux mises en production d'applications informatiques.
2024,047,3049,,,,Service de piquet lié à l'exploitation des infrastructures informatiques et télécoms (réseau RCV et téléphonie) ainsi qu'aux mises en production d'applications informatiques.
2023,047,3049,,,,Service de piquet lié à l'exploitation des infrastructures informatiques et télécoms (réseau RCV et téléphonie) ainsi qu'aux mises en production d'applications informatiques.
2022,047,3049,,,,Service de piquet lié à l'exploitation des infrastructures informatiques et télécoms (réseau RCV et téléphonie) ainsi qu'aux mises en production d'applications informatiques.
2026,047,3101,"Carburant, entretien et services réguliers pour les véhicules de service ainsi que carburant pour la génératrice de secours de la salle machines de Renens (y compris contrat d'approvisionnement).",80500.0,82000.0,
2026,047,3101,Produits de nettoyage divers destinés aux équipements informatiques et aux locaux techniques exploités par la DGNSI.,7500.0,5000.0,
2026,047,3101,Petites fournitures diverses.,6500.0,4000.0,
2025,047,3101,"Carburant, entretien et services réguliers pour les véhicules de service ainsi que carburant pour la génératrice de secours de la salle machines de Renens (y compris contrat d'approvisionnement).",82000.0,68200.0,
2025,047,3101,Produits de nettoyage divers destinés aux équipements informatiques et aux locaux techniques exploités par la DGNSI.,5000.0,3000.0,
2025,047,3101,Petites fournitures diverses antérieurement comptabilisées sur le compte 3100.,4000.0,4000.0,
2024,047,3101,"Carburant, entretien et services réguliers pour les véhicules de service ainsi que carburant pour la génératrice de secours de la salle machines de Renens.",68200.0,61800.0,
2024,047,3101,Produits de nettoyage divers destinés aux équipements informatiques et aux locaux techniques exploités par la DGNSI.,3000.0,500.0,
2024,047,3101,Petites fournitures diverses antérieurement comptabilisées sur le compte 3100.,4000.0,0.0,
2023,047,3101,"Carburant, entretien et services réguliers pour les véhicules de service ainsi que carburant pour la génératrice de secours de la salle machines de Renens.",61800.0,54600.0,
2023,047,3101,Produits de nettoyage divers destinés aux équipements informatiques et aux locaux techniques exploités par la DGNSI.,500.0,100.0,
2022,047,3101,"Carburant, entretien et services réguliers pour les véhicules de service ainsi que carburant pour la génératrice de secours de la salle machines de Renens.",54600.0,54600.0,
2022,047,3101,Produits de nettoyage divers destinés aux équipements informatiques et aux locaux techniques exploités par la DGNSI.,100.0,100.0,
2026,047,3105,,,,Achat de café et de thé mis à disposition des collaborateurs.
2025,047,3105,,,,Achat de café et de thé mis à disposition des collaborateurs.
2024,047,3105,,,,Achat de café et de thé mis à disposition des collaborateurs.
2022,047,3105,,,,Internalisation de la cafétéria DGNSI
2026,047,3113,,,,Acquisition de matériel informatique spécifique n'entrant pas dans le cadre du financement par le crédit d'inventaire pour l'acquisition de matériel informatique et de télécommunication.
2022,047,3113,,,,Acquisition de matériel informatique spécifique n'entrant pas dans le cadre du financement par le crédit d'inventaire pour l'acquisition de matériel informatique et de télécommunication.
2022,047,3118,,,,"Acquisition de licences logicielles. La diminution observée par rapport au budget 2021 tient compte du changement du mode de licence opéré par de nombreux éditeurs. En effet, de plus en plus de licences s'acquièrent en mode souscription au détriment de l'achat de licences perpétuelles."
2022,047,3120,"Consommation électrique des serveurs, équipements d'infrastructure des salles machines.",540000.0,500000.0,
2022,047,3120,Taxes d'élimination des déchets spéciaux.,16000.0,16000.0,
2027,048,3010,,,,Evolution du compte selon commentaires indiqués sous les effectifs
2026,048,3010,,,,Evolution du compte selon commentaires indiqués sous les effectifs
2025,048,3010,,,,Evolution du compte selon commentaires indiqués sous les effectifs
2024,048,3010,,,,"Evolution du compte selon commentaires indiqués sous les effectifs, internalisation et pérennisation de postes d'auxiliaires ainsi qu'externalisation des prestations de nettoyage (APH)"
2023,048,3010,,,,Evolution du compte selon commentaires indiqués sous les effectifs et externalisation des prestations de nettoyage (APH).
2022,048,3010,,,,"1. Externalisation des prestations de nettoyage (APH) CHF 206'300 (yc charges sociales), somme transférée sur le compte 3130 2. Evolution du compte selon commentaires indiqués sous les effectifs"
2021,048,3010,,,,"Externalisation des prestations de nettoyage (APH) CHF -225'600, somme transférée sur le compte 3130 Mesure probabiliste CHF -384'000 CHF +166'400 (2ETP) pour renforcer de manière pérenne les équipes en place FIN & RH CHF +68'000 (2 ETP) pour l'engagement de personnel de conciergerie pour le gymnase de Bussigny (5/12ème de l'année) CHF +410'400 correspondant à 3,75 ETP pour le projet REFA"
2020,048,3010,,,,"Externalisation des prestations de nettoyage (APH) CHF -361'500, somme transférée sur le compte 3130. +3.5 ETP pour le projet REFA + 5 ETP Internalisation du personnel lié à l'éditique du Centre d'édition de la DAL (Directions des Achats et de la Logistique) - Voir compte 3161"
2025,048,3030,,,,"Renforts sectoriels pour la direction des achats, la division Monuments & Sites et la conciergerie du gymnase de Crissier"
2024,048,3030,,,,Transfert au compte 3010 pour la pérennisation de postes d'auxiliaires ; renforts sectoriels pour les directions de l'architecture et des achats
2023,048,3030,,,,"Engagement d'un auxiliaire en renfort de Monuments et sites (MS) pour la gestion de la cartographie des zones à bâtir, des préavis sur les plans généraux d'affectation des communes."
2022,048,3030,,,,1. 3 ETP en CDD pour renforcer l'entité Finances et controlling lors du démarrage de Refa 2. Augmentation du nombre d'auxiliaire à engager pour préparer les livraisons (4 mois) en lien avec la rentrée scolaire d'août
2021,048,3030,,,,"Augmentation allouée en 2020 pour le financement du personnel auxiliaire dédié aux fouilles archéologiques, compensée par des prestations facturées à des tiers (4309) Suite nouvelle directive SPEV sur le reclassement des salaires CHF +17'000 depuis le 3144 Reclassement des salaires des apprentis du 3010 au 3030 CHF +343'100 CHF +118'400 augmentation des besoins en personnel auxiliaire au niveau des RH & FIN en raison du projet REFA CHF +60'000 changement de classe salariale pour le personnel auxiliaire en logistique - DAL. CHF +35'000 augmentation du budget pour permettre l'engagement d'un auxiliaire supplémentaire à la logistique - DAL durant 6 mois CHF +64'900 augmentation du budget pour permettre l'engagement d'un auxiliaire au secteur achats de la DAL"
2025,048,3100,,,,Reclassement pour le centre d'édition - voir compte 3101
2024,048,3100,,,,Reclassement de comptes budgétaires suite à la mise en place de REFA
2025,048,3101,,,,Reclassement pour le centre d'édition - voir compte 3100
2024,048,3101,,,,Reclassement de comptes budgétaires suite à la mise en place de REFA et mise à disposition de serviettes hygiéniques dans les gymnases
2022,048,3101,,,,1. Prise en compte des nouvelles surfaces CHF 32'600 2. Extension de locaux pour le gymnase de Nyon à Etoy CHF 25'200
2021,048,3101,,,,Nouvelles surfaces louées pour le gymnase de Nyon et de Bussigny
2024,048,3102,,,,Reclassement de comptes budgétaires suite à la mise en place de REFA
2024,048,3104,,,,Reclassement de comptes budgétaires suite à la mise en place de REFA
2022,048,3104,,,,Compensation d'une partie des charges nouvelles liées à l'EMPD 157 & crédit additionnel pour les extérieurs de P10 CHF 300'000
2024,048,3106,,,,Reclassement de comptes budgétaires suite à la mise en place de REFA
2027,048,3111,,,,"Acquisition de centres de tri. L'équipement des sites, déployé au fil du renouvellement des contrats, permet de responsabiliser les usagers."
2022,048,3111,,,,"1. Extension de locaux pour le gymnase de Nyon à Etoy CHF 16'800 2. Acquisition d'un scan à plan, qui permettra de travailler avec les nouveaux outils prévus dans l'EMPD 239 de la DGTL CHF 20'000"
2021,048,3111,,,,Remplacement de 3 Kadex à la Direction des achats et de la logistique (DAL)
2027,048,3120,Eau,756000.0,726000.0,
2027,048,3120,Gaz,2887000.0,3097000.0,
2027,048,3120,Electricité,8026000.0,8449000.0,
2027,048,3120,Mazout pour chauffage,650000.0,650000.0,
2027,048,3120,Chauffage à distance et pellets,4070500.0,4070500.0,
2027,048,3120,Taxes d'élimination,820000.0,820000.0,
2027,048,3120,,,,"L'augmentation des frais d'énergie liés aux nouveaux bâtiments dont l'État est propriétaire est plus que compensée par les mesures d'optimisation énergétique, ce qui conduit à une diminution nette des charges. Comprend la reprise des charges des locaux de la Sallaz, suite au départ de la RTS (100% dès 2027, voir cpt 4470)"
2026,048,3120,Eau,726000.0,815000.0,
2026,048,3120,Gaz,3097000.0,3967400.0,
2026,048,3120,Electricité,8449000.0,7682200.0,
2026,048,3120,Mazout pour chauffage,650000.0,571500.0,
2026,048,3120,Chauffage à distance et pellets,4070500.0,3626100.0,
2026,048,3120,Taxes d'élimination,820000.0,909800.0,
2026,048,3120,,,,Tient compte des optimisations énergétiques; comprend également l'augmentation des frais d'énergie pour les nouveaux bâtiments
2025,048,3120,Eau,815000.0,815000.0,
2025,048,3120,Gaz,3967400.0,3967400.0,
2025,048,3120,Electricité,7682200.0,8529500.0,
2025,048,3120,Mazout pour chauffage,571500.0,571500.0,
2025,048,3120,Chauffage à distance et pellets,3626100.0,3626100.0,
2025,048,3120,Taxes d'élimination,909800.0,881800.0,
2025,048,3120,,,,Tient compte de la baisse annoncée des tarifs d'électricité en 2025 et d'optimisations énergétiques; comprend également l'augmentation des frais d'énergie en lien avec l'ouverture du gymnase de Crissier dès août 2025
2022,048,3120,,,,1. SPEN transfert de budget électricité en lien avec les locaux de Penthalaz 2. Extension de locaux pour le gymnase de Nyon à Etoy
2027,048,3130,Frais de nettoyage,14539100.0,14114300.0,
2027,048,3130,Frais de surveillance,469000.0,469000.0,
2027,048,3130,Personnel intérimaire CED,250000.0,250000.0,
2027,048,3130,Frais de port,130000.0,130000.0,
2027,048,3130,Frais de commission extra parlementaire,116000.0,116000.0,
2027,048,3130,Frais de téléphone,154500.0,154500.0,
2027,048,3130,"Divers (contentieux, cotisations et frais de représentation)",30500.0,55500.0,
2027,048,3130,,,,"Comprend l'augmentation des frais de nettoyage externalisés, en lien principalement avec l'ouverture du gymnase d'Aigle à la rentrée 2027."
2025,048,3130,Frais de nettoyage,13993600.0,13418300.0,
2025,048,3130,Frais de surveillance,469000.0,465000.0,
2025,048,3130,Frais de port,200000.0,266100.0,
2025,048,3130,Frais de commission extra parlementaire,96000.0,126000.0,
2025,048,3130,"Divers (frais de téléphone, contentieux, cotisations et frais de représentation)",164500.0,139500.0,
2025,048,3130,,,,Comprend l'augmentation des frais de nettoyage en lien avec l'ouverture du gymnase de Crissier dès août 2025
2027,048,3132,"En application de la LPrPCI, comprend les travaux archéologiques sous-traités à des entreprises tierces (principalement pour les fouilles préventives). Une partie de ces montants est refacturée aux propriétaires via le compte 4309 pour les fouilles préventives.",8111100.0,8111100.0,
2027,048,3132,Mandats pour la Direction Monuments & Sites,653000.0,653000.0,
2027,048,3132,Contrôles des rapports d'amiante transmis à la CAMAC,124500.0,350000.0,
2027,048,3132,Mandats des autres directions qui tient compte des internalisations de postes,284200.0,284200.0,
2025,048,3132,,,,Comprend les coûts d'analyse des dossiers CAMAC en lien avec l'amiante à préaviser par la DGIP ainsi que les mandats confiés par la Direction de l'archéologie et du patrimoine en lien avec la LPrPCI
2025,048,3134,,,,Frais d'assurances du mobilier et des bâtiments de l'Etat
2027,050,3000,,,,Traitement des conseiller·ère·s d'Etat
2026,050,3000,,,,Traitement des conseiller·ère·s d'Etat
2025,050,3000,,,,Traitement des conseiller·ère·s d'Etat
2024,050,3000,,,,Traitement des conseiller-ère-s d'Etat
2023,050,3000,,,,Traitement des conseiller-ère-s d'Etat
2022,050,3000,,,,Traitement des conseiller-ère-s d'Etat
2021,050,3000,,,,Traitement des conseiller-ère-s d'Etat
2020,050,3000,,,,Traitement des conseiller-ère-s d'Etat
2027,050,3010,2026,0.0,-15600000.0,
2027,050,3010,Salaires du personnel administratif de la Chancellerie et de ses entités rattachées,7949200.0,7307300.0,
2027,050,3010,,,,Montant centralisé pour la contribution de crise du personnel de l'ACV uniquement en
2026,050,3010,Montant centralisé pour la contribution de crise du personnel de l'ACV,-15600000.0,0.0,
2026,050,3010,Salaires du personnel administratif de la Chancellerie et de ses entités rattachées,7307300.0,7105600.0,
2026,050,3030,,,,Personnel en formation (apprenti·e·s et stagiaires) et personnel auxiliaire
2025,050,3030,,,,"Personnel en formation (apprenti·e·s et stagiaires) et personnel auxiliaire notamment aux Archives cantonales pour le renfort lié aux travaux d’appoint à l’atelier de restauration, la réalisation d’inventaires d’archives et autres travaux de traitement"
2024,050,3030,,,,"Personnel en formation (apprenti-e-s et stagiaires) et personnel auxiliaire notamment aux Archives cantonales pour le renfort lié aux travaux d’appoint à l’atelier de restauration, la réalisation d’inventaires d’archives et autres travaux de traitement."
2023,050,3030,,,,"Personnel en formation (apprenti-e-s et stagiaires) et personnel auxiliaire notamment aux Archives cantonales pour le renfort lié aux travaux d’appoint à l’atelier de restauration, la réalisation d’inventaires d’archives et autres travaux de traitement, au BIC dans le cadre des mesures de soutien à la diversité des médias, et personnel en renfort à l'APDI et à la direction de la Chancellerie d'Etat"
2022,050,3030,,,,"Personnel en formation (apprenti-e-s et stagiaires) et personnel auxiliaire notamment aux Archives cantonales pour le renfort lié aux travaux d’appoint à l’atelier de restauration, la réalisation d’inventaires d’archives et autres travaux de traitement et au BIC dans le cadre des mesures de soutien à la diversité des médias."
2021,050,3030,,,,"Personnel en formation (apprenti-e-s et stagiaires) et personnel auxiliaire (notamment, aux Archives cantonales : renfort lié aux travaux de sécurisation des inventaires d’archives, travaux d’appoint à l’atelier de restauration, en relation avec la numérisation des registres des plans cadastraux et cartes)"
2023,050,3049,,,,"Indemnités pour le personnel (service de piquet/présence durant les week-ends, les jours fériés, les votations/élections)"
2022,050,3049,,,,"Indemnités pour le personnel (service de piquet/présence durant les week-ends, les jours fériés, les votations/élections)"
2021,050,3049,,,,"Indemnités pour le personnel (service de piquet/présence durant les week-ends, les jours fériés, les votations/élections)"
2027,050,3060,,,,Pensions de retraite des ancien·ne·s conseiller·ère·s d'Etat et des veuf·ve·s
2026,050,3060,,,,Pensions de retraite des ancien·ne·s conseiller·ère·s d'Etat et des veuf·ve·s
2025,050,3060,,,,Pensions de retraite des ancien·ne·s conseiller·ère·s d'Etat et des veuf·ve·s
2024,050,3060,,,,Pensions de retraite des ancien-ne-s conseiller-ère-s d'Etat et des veuf-ve-s
2023,050,3060,,,,Pensions de retraite des ancien-ne-s conseiller-ère-s d'Etat et des veuf-ve-s
2022,050,3060,,,,Pensions de retraite des ancien-ne-s conseiller-ère-s d'Etat et des veuf-ve-s
2021,050,3060,,,,Pensions de retraite des ancien-ne-s conseiller-ère-s d'Etat et des veuf-ve-s
2024,050,3062,,,,Allocations de renchérissement sur les pensions de retraite des ancien-ne-s conseiller-ère-s d'Etat et des veuves
2023,050,3062,,,,Allocations de renchérissement sur les pensions de retraite des ancien-ne-s conseiller-ère-s d'Etat et des veuves
2022,050,3062,,,,Allocations de renchérissement sur les pensions de retraite des ancien-ne-s conseiller-ère-s d'Etat et des veuves
2021,050,3062,,,,Allocations de renchérissement sur les pensions de retraite des ancien-ne-s conseiller-ère-s d'Etat et des veuves
2023,050,3099,,,,Frais divers du personnel et cadeau du Conseil d'Etat aux préfets prenant leur retraite
2022,050,3099,,,,Frais divers du personnel et cadeau du Conseil d'Etat aux préfets prenant leur retraite
2021,050,3099,,,,Frais divers du personnel et cadeau du Conseil d'Etat aux préfets prenant leur retraite
2027,050,3101,,,,Achats de vins pour l'ensemble des départements (voir recettes au compte 4250). Achats de fournitures de nettoyage
2026,050,3101,,,,Achats de vins pour l'ensemble des départements. Achat de fournitures pour les véhicules de transport et fournitures de nettoyage
2025,050,3101,,,,Achats de vins pour l'ensemble des départements. Achat de fournitures pour les véhicules de transport et fournitures de nettoyage
2024,050,3101,Achat de produits et fournitures de nettoyage,1300.0,1200.0,
2024,050,3101,Achat de fournitures pour les véhicules de transport pour les déplacements des conseiller-ère-s d'Etat (essence),10500.0,10500.0,
2024,050,3101,Achats de vins pour les autres départements (voir compte 4250),10000.0,110000.0,
2023,050,3101,Achat de produits et fournitures de nettoyage,1200.0,1200.0,
2023,050,3101,Achat de fournitures pour les véhicules de transport pour les déplacements des conseiller-ère-s d'Etat (essence),10500.0,10500.0,
2023,050,3101,Inventaire des vins,110000.0,110000.0,
2022,050,3101,Achat de produits et fournitures de nettoyage (Maison de l'Elysée principalement),1200.0,1200.0,
2022,050,3101,Achat de fournitures pour les véhicules de transport pour les déplacements des conseiller-ère-s d'Etat (essence),10500.0,11500.0,
2022,050,3101,Inventaire des vins,110000.0,110000.0,
2021,050,3101,Achat de produits et fournitures de nettoyage (Maison de l'Elysée principalement),1200.0,1200.0,
2021,050,3101,Achat de fournitures pour les véhicules de transport pour les déplacements des conseiller-ère-s d'Etat (essence),11500.0,11500.0,
2021,050,3101,Inventaire des vins,110000.0,110000.0,
2027,050,3102,"Production de documents, brochures et dépliants; redevances diverses (ProLitteris, participation aux frais d'exploitation du site LexFind); publication d'annonces dans les médias",318000.0,323000.0,
2027,050,3102,Frais liés à des mesures de soutien à la diversité des médias (transfert au compte 3132 en 2027),0.0,250000.0,
2026,050,3102,"Production de documents, brochures et dépliants; redevances diverses (ProLitteris, participation aux frais d'exploitation du site LexFind); publication d'annonces dans les médias",323000.0,339500.0,
2026,050,3102,Frais liés à des mesures de soutien à la diversité des médias,250000.0,400000.0,
2025,050,3102,"Production de documents, brochures et dépliants; redevances diverses (ProLitteris, participation aux frais d'exploitation du site LexFind); publication d'annonces dans les médias",339500.0,345000.0,
2025,050,3102,Frais liés à des mesures de soutien à la diversité des médias,400000.0,400000.0,
2024,050,3102,"Production de documents, brochures et dépliants; redevances diverses (ProLitteris, participation aux frais d'exploitation du site LexFind); publication d'annonces dans les médias.",345000.0,345000.0,
2024,050,3102,Frais liés à des mesures de soutien à la diversité des médias,400000.0,400000.0,
2023,050,3102,,,,"Production de documents, brochures et dépliants; redevances diverses (ProLitteris, participation aux frais d'exploitation du site LexFind); publication d'annonces dans les médias. Frais liés à des mesures de soutien à la diversité des médias"
2022,050,3102,,,,"Production de documents, brochures et dépliants; redevances diverses (ProLitteris, participation aux frais d'exploitation du site LexFind); publication d'annonces dans les médias. Frais liés à des mesures de soutien à la diversité des médias."
2021,050,3102,,,,"Production de documents, brochures et dépliants; redevances diverses (ProLitteris, participation aux frais d'exploitation du site LexFind); publication d'annonces dans les médias"
2027,050,3103,,,,"Abonnements aux journaux, au site de l'ATS et abonnement pour la revue de presse et les statistiques"
2026,050,3103,,,,"Abonnements aux journaux, au site de l'ATS et abonnement pour la revue de presse et les statistiques"
2025,050,3103,,,,"Abonnements aux journaux, au site de l'ATS et abonnement pour la revue de presse et les statistiques"
2024,050,3103,,,,"Abonnements aux journaux, au site de l'ATS et abonnement pour la revue de presse et les statistiques"
2023,050,3103,,,,"Abonnements aux journaux, au site de l'ATS et abonnement pour la revue de presse et les statistiques"
2022,050,3103,,,,"Abonnements aux journaux, au site de l'ATS et abonnement pour la revue de presse et les statistiques"
2021,050,3103,,,,"Abonnements aux journaux, au site de l'ATS et abonnement pour la revue de presse et les statistiques"
2027,050,3105,,,,Vins d'honneur offerts pour diverses manifestations et réceptions. Location des distributeurs automatiques des Archives cantonales
2025,050,3105,,,,Vins d'honneur offerts pour diverses manifestations et réceptions. Location des distributeurs automatiques des Archives cantonales
2024,050,3105,,,,Vins d'honneur offerts pour diverses manifestations et réceptions. Location et remplissage des distributeurs automatiques des Archives cantonales
2023,050,3105,,,,Vins d'honneur offerts pour diverses manifestations et réceptions. Location et remplissage des distributeurs automatiques des Archives cantonales
2022,050,3105,,,,Vins d'honneur offerts pour diverses manifestations et réceptions. Location et remplissage des distributeurs automatiques des Archives cantonales
2021,050,3105,,,,Vins d'honneur offerts pour diverses manifestations et réceptions. Location et remplissage des distributeurs automatiques des Archives cantonales
2022,050,3110,,,,Acquisition de mobilier en lien avec le déménagement prévu de l'Autorité de protection des données et de droit à l'information et du Bureau cantonal de Médiation administrative
2022,050,3111,,,,Achat de matériel et équipement divers pour la Maison de l'Elysée et pour les ateliers des Archives cantonales
2021,050,3111,,,,Achat de matériel et équipement divers pour la Maison de l'Elysée et pour les ateliers des Archives cantonales
2022,050,3120,,,,Epuration et élimination d'archives
2021,050,3120,,,,Epuration et élimination d'archives
2025,050,3130,Participation aux frais de manifestations et réceptions,440500.0,346300.0,
2025,050,3130,Frais de port,27100.0,26600.0,
2025,050,3130,Frais de téléphones,26200.0,25200.0,
2025,050,3130,"Frais de transport, déménagement de mobilier",3600.0,3600.0,
2025,050,3130,Cotisations à des institutions de droit privé,37400.0,37300.0,
2025,050,3130,Frais de blanchisserie et travaux de nettoyage confiés à des tiers,12000.0,12000.0,
2024,050,3130,Participation aux frais de manifestations et réceptions,346300.0,396300.0,
2024,050,3130,Frais de port et de CCP,26600.0,26600.0,
2024,050,3130,Frais de téléphones,25200.0,25200.0,
2024,050,3130,"Frais de transport, déménagement de mobilier",3600.0,3600.0,
2024,050,3130,Cotisations à des institutions de droit privé,37300.0,37300.0,
2024,050,3130,Frais de blanchisserie et travaux de nettoyage confiés à des tiers,12000.0,7000.0,
2022,050,3130,Participation aux frais de manifestations et réceptions (assermentation des Autorités cantonales en 2022),398800.0,348800.0,
2022,050,3130,Frais de port et de CCP,28600.0,28600.0,
2022,050,3130,Frais de téléphones,27200.0,27200.0,
2022,050,3130,"Frais de transport, déménagement de mobilier",3600.0,3600.0,
2022,050,3130,Cotisations à des institutions de droit privé,37300.0,37300.0,
2022,050,3130,"Frais de blanchisserie pour la Maison de l'Elysée et travaux de nettoyage confiés à des tiers (nettoyage de la cuisine, des vitrages notamment)",9000.0,11000.0,
2021,050,3130,Participation aux frais de manifestations et réceptions,348800.0,348800.0,
2021,050,3130,Frais de port et de CCP,28600.0,38600.0,
2021,050,3130,Frais de téléphones,27200.0,37200.0,
2021,050,3130,"Frais de transport, déménagement de mobilier",3600.0,3600.0,
2021,050,3130,Cotisations à des institutions de droit privé,37300.0,37300.0,
2021,050,3130,"Frais de blanchisserie pour la Maison de l'Elysée et travaux de nettoyage confiés à des tiers (nettoyage de la cuisine, des vitrages notamment)",11000.0,11000.0,
2025,050,3132,Frais de mandats des diverses entités rattachées au service,231400.0,216400.0,
2025,050,3132,Frais liés à des mesures de soutien à la diversité des médias,740000.0,740000.0,
2024,050,3132,Frais de mandats des diverses entités rattachées au service,216400.0,318200.0,
2024,050,3132,Frais liés à des mesures de soutien à la diversité des médias,740000.0,740000.0,
2025,050,3138,,,,Prix remis aux récipiendaires du Mérite cantonal
2024,050,3138,,,,Prix remis aux récipiendaires du Mérite cantonal
2025,051,3010,,,,"SG : effectif 2025 : 13.25 ETP, 2024 : 13.25 ETP Stat.VD : effectif 2025 : 22.35 ETP, 2024 : 22.85 ETP OCDC : effectif 2025: 8.7 ETP, 2024 : 8.7 ETP"
2024,051,3010,,,,"SG : effectif 2024 : 13.25 ETP, 2023 : 13.55 ETP Stat.VD : effectif 2024 : 22.85 ETP, 2023 : 22.85 ETP OCDC : effectif 2024: 8.7 ETP, 2023 : 8.7 ETP"
2023,051,3010,,,,"SG : effectifs 2023 : 13.55 ETP, 2022 : 13.55 ETP Stat.VD : effectifs 2023 : 22.85 ETP, 2022 : 22.85 ETP"
2022,051,3010,,,,"SG : effectifs 2022 : 13.55 ETP, 2021 : 14.95 ETP Stat.VD : effectifs 2022 : 22.85 ETP, 2021 : 22.85 ETP OAE : effectifs 2022 : 5.70 ETP, 2021 : 5.70 ETP"
2021,051,3010,,,,"SG : effectifs 2021 : 14.95 ETP, 2020 : 13.95 ETP Stat.VD : effectifs 2021 : 22.85 ETP, 2020 : 22.85 ETP OAE : effectifs 2021 : 5.70 ETP, 2020 : 6.70 ETP"
2020,051,3010,,,,"SG : effectifs 2020 : 13.95 ETP, 2019 : 13.95 ETP Stat.VD : effectifs 2020 : 22.85 ETP, 2019 : 22.50 ETP OAE : effectifs 2020 : 6.70 ETP, 2019 : 6.70 ETP"
2027,051,3030,SG : apprentis,74900.0,79500.0,
2027,051,3030,SG : personnel auxiliaire,65000.0,29300.0,
2027,051,3030,Stat.VD : personnel auxiliaire pour gestion d'enquêtes,60000.0,49100.0,
2027,051,3030,OFCO : personnel auxiliaire,126100.0,126100.0,
2027,051,3030,OFCO : Personnel en formation,36000.0,0.0,
2027,051,3030,OCDC : personnel auxiliaire,99300.0,99300.0,
2026,051,3030,Stat.VD : personnel auxiliaire pour gestion d'enquêtes,49100.0,60000.0,
2026,051,3030,SG : apprentis,79500.0,73800.0,
2026,051,3030,SG : personnel auxiliaire,29300.0,0.0,
2026,051,3030,OFCO : personnel auxiliaire,126100.0,0.0,
2026,051,3030,OCDC : personnel auxiliaire,99300.0,122800.0,
2025,051,3030,Stat.VD : personnel auxiliaire pour gestion d'enquêtes,60000.0,60000.0,
2025,051,3030,SG : apprentis,43800.0,43800.0,
2025,051,3030,SG : personnel auxiliaire,30000.0,30000.0,
2025,051,3030,OCDC : personnel auxiliaire,122800.0,122800.0,
2024,051,3030,Stat.VD : personnel auxiliaire pour gestion d'enquêtes,60000.0,60000.0,
2024,051,3030,SG : apprentis,43800.0,44800.0,
2024,051,3030,SG : personnel auxiliaire,30000.0,15000.0,
2024,051,3030,OCDC : personnel auxiliaire,122800.0,152800.0,
2023,051,3030,Stat.VD : Personnel auxiliaire pour gestion d'enquêtes,60000.0,0.0,
2023,051,3030,SG : Apprentis,44800.0,0.0,
2023,051,3030,SG : Personnel auxiliaire,15000.0,0.0,
2022,051,3030,,,,Personnel auxiliaire pour gestion d'enquêtes
2021,051,3030,,,,Personnel auxiliaire pour gestion d'enquêtes
2020,051,3030,,,,Personnel auxiliaire pour gestion d'enquêtes
2027,051,3099,SG : frais divers,8000.0,8000.0,
2027,051,3099,Stat.VD : financement d'un collaborateur mis à disposition par la Direction générale de l'emploi et du marché du travail (DGEM),24500.0,24500.0,
2027,051,3099,"Stat.VD : frais divers, colloques internes",10000.0,10000.0,
2027,051,3099,OFCO : frais divers,8500.0,3000.0,
2027,051,3099,OCDC : frais divers,3500.0,3500.0,
2027,051,3099,ONA : frais divers,1400.0,1200.0,
2026,051,3099,SG : frais divers,8000.0,8000.0,
2026,051,3099,Stat.VD : financement d'un collaborateur mis à disposition par la Direction générale de l'emploi et du marché du travail (DGEM),24500.0,24500.0,
2026,051,3099,"Stat.VD : frais divers, colloques internes",10000.0,10000.0,
2026,051,3099,OFCO : frais divers,3000.0,3000.0,
2026,051,3099,OCDC : frais divers,3500.0,3500.0,
2026,051,3099,ONA : frais divers,1200.0,1200.0,
2025,051,3099,SG : frais divers,8000.0,10000.0,
2025,051,3099,Stat.VD : financement d'un collaborateur mis à disposition par la Direction générale de l'emploi et du marché du travail (DGEM),24500.0,25000.0,
2025,051,3099,"Stat.VD : frais divers, colloques internes",10000.0,10000.0,
2025,051,3099,OCDC : frais divers,3500.0,3500.0,
2024,051,3099,SG : frais divers,10000.0,15000.0,
2024,051,3099,Stat. VD : financement d'un collaborateur mis à disposition par la Direction générale de l'emploi et du marché du travail (DGEM),25000.0,25000.0,
2024,051,3099,"Stat. VD : frais divers, colloques internes",10000.0,17000.0,
2024,051,3099,OCDC : frais divers,3500.0,3700.0,
2023,051,3099,SG : frais divers,15000.0,15000.0,
2023,051,3099,Stat. VD : financement d'un collaborateur mis à disposition par le Service de l'emploi,25000.0,25000.0,
2023,051,3099,"Stat. VD : frais divers, colloques internes",17000.0,17000.0,
2022,051,3099,SG : frais divers,15000.0,15000.0,
2022,051,3099,Stat. VD : financement d'un collaborateur mis à disposition par le Service de l'emploi,25000.0,25000.0,
2022,051,3099,"Stat. VD : frais divers, colloques internes",17000.0,17000.0,
2021,051,3099,SG : frais divers,15000.0,15000.0,
2021,051,3099,Stat. VD : financement d'un collaborateur mis à disposition par le Service de l'emploi,25000.0,25000.0,
2021,051,3099,"Stat. VD : frais divers, colloques internes",17000.0,17000.0,
2020,051,3099,SG : frais divers,15000.0,15000.0,
2020,051,3099,Stat. VD : financement d'un collaborateur mis à disposition par le Service de l'emploi,25000.0,25000.0,
2020,051,3099,"Stat. VD : frais divers, colloques internes",17000.0,17000.0,
2027,051,3102,SG : frais divers,1400.0,1400.0,
2027,051,3102,"Stat.VD : annuaire statistique du canton de Vaud, tirages limités de NUMERUS, Prospectifs et de rapports d'études.",32200.0,32200.0,
2027,051,3102,OCDC : imprimés,5000.0,5000.0,
2027,051,3102,OFCO : imprimés,2000.0,2000.0,
2027,051,3102,ONA : imprimés,6200.0,4400.0,
2026,051,3102,SG : frais divers,1400.0,2000.0,
2026,051,3102,"Stat.VD : annuaire statistique du canton de Vaud, tirages limités de NUMERUS, Prospectifs et de rapports d'études.",32200.0,46000.0,
2026,051,3102,OCDC : imprimés,5000.0,5000.0,
2026,051,3102,OFCO : imprimés,2000.0,2000.0,
2026,051,3102,ONA : imprimés,4400.0,6400.0,
2025,051,3102,SG : frais divers,2000.0,2500.0,
2025,051,3102,"Stat.VD : annuaire statistique du canton de Vaud, série NUMERUS, Prospectifs, rapports d'études, etc.",46000.0,50000.0,
2025,051,3102,"OCDC : Agenda 2030, Réseau répondants en DD, Restauration collective, Plan climat",5000.0,6000.0,
2024,051,3102,SG : frais divers,2500.0,3000.0,
2024,051,3102,"Stat. VD : annuaire statistique du canton de Vaud, série NUMERUS, Prospectifs, rapports d'études, etc.",50000.0,70000.0,
2024,051,3102,"OCDC : Agenda 2030, Réseau répondants en DD, Restauration collective, Plan climat",6000.0,16500.0,
2023,051,3102,,,,"Stat. VD : annuaire statistique du canton de Vaud, série NUMERUS, communications statistiques, études de rapports, etc."
2022,051,3102,,,,"Stat. VD : acquisition pour le fonds documentaire de Stat.VD et la bibliothèque juridique Stat. VD : annuaire statistique du canton de Vaud Stat. VD : série NUMERUS et Communications statistiques Stat. VD : études de rapports, etc. OAE : production d'argumentaires, de brochures dans le cadre du suivi de dossiers de politiques fédérales, intercantonales ou transfrontalières, y compris rapport annuel du Conseil d'Etat au Grand Conseil sur les affaires extérieures."
2021,051,3102,,,,"Stat. VD : acquisition pour le fonds documentaire de Stat.VD et la bibliothèque juridique Stat. VD : annuaire statistique du canton de Vaud Stat. VD : série NUMERUS et Communications statistiques Stat. VD : études de rapports, etc. OAE : production d'argumentaires, de brochures dans le cadre du suivi de dossiers de politiques fédérales, intercantonales ou transfrontalières, y compris rapport annuel du Conseil d'Etat au Grand Conseil sur les affaires extérieures."
2020,051,3102,,,,"Stat. VD : acquisition pour le fonds documentaire de Stat.VD et la bibliothèque juridique Stat. VD : annuaire statistique du canton de Vaud Stat. VD : série NUMERUS et Communications statistiques Stat. VD : études de rapports, etc. OAE : production d'argumentaires, de brochures dans le cadre du suivi de dossiers de politiques fédérales, intercantonales ou transfrontalières, y compris rapport annuel du Conseil d'Etat au Grand Conseil sur les affaires extérieures."
2027,051,3103,"SG : acquisition pour la bibliothèque juridique, divers magazines et journaux",5500.0,4500.0,
2027,051,3103,Stat.VD : acquisition pour le fonds documentaire de Stat.VD,3000.0,3000.0,
2027,051,3103,OCDC : frais divers,1500.0,1500.0,
2027,051,3103,OFCO : frais divers,3000.0,3000.0,
2027,051,3103,ONA : frais divers,2000.0,2000.0,
2026,051,3103,"SG : acquisition pour la bibliothèque juridique, divers magazines et journaux",4500.0,4500.0,
2026,051,3103,Stat.VD : acquisition pour le fonds documentaire de Stat.VD,3000.0,3000.0,
2026,051,3103,OCDC : frais divers,1500.0,1500.0,
2026,051,3103,OFCO : frais divers,3000.0,3000.0,
2026,051,3103,ONA : frais divers,2000.0,2000.0,
2025,051,3103,"SG : acquisition pour la bibliothèque juridique, divers magazines et journaux",4500.0,4500.0,
2025,051,3103,Stat.VD : acquisition pour le fonds documentaire de Stat.VD,3000.0,2500.0,
2025,051,3103,OCDC : frais divers,1500.0,1500.0,
2024,051,3103,"SG : acquisition pour la bibliothèque juridique, divers magazines et journaux",4500.0,4500.0,
2024,051,3103,Stat. VD : acquisition pour le fonds documentaire de Stat.VD,2500.0,4500.0,
2024,051,3103,OCDC : frais divers,1500.0,1100.0,
2023,051,3103,Stat. VD : Acquisition pour le fonds documentaire de Stat.VD et la bibliothèque juridique,4500.0,0.0,
2023,051,3103,"SG : divers magazines, journaux",4500.0,0.0,
2027,051,3130,"SG : frais de représentation de la CDADN, SG-DADN, séances avec des tiers",33600.0,33600.0,
2027,051,3130,"SG : frais de port, de téléphone",22000.0,20000.0,
2027,051,3130,Stat.VD : cotisations à diverses associations professionnelles statistiques,4000.0,4000.0,
2027,051,3130,Stat.VD : frais de représentations avec des tiers,2000.0,2000.0,
2027,051,3130,"Stat.VD : frais de port, de téléphone, de nettoyage",20000.0,20000.0,
2027,051,3130,OCDC : frais de représentation,700.0,700.0,
2027,051,3130,OCDC : frais d'organisation de congrès,14000.0,14000.0,
2027,051,3130,OCDC : frais de cotisations,32800.0,32000.0,
2027,051,3130,"OCDC : frais de port, frais de téléphone",1200.0,1200.0,
2027,051,3130,OFCO : frais de représentation,10000.0,10000.0,
2027,051,3130,OFCO : frais de cotisations,42000.0,20000.0,
2027,051,3130,"OFCO : frais de port, frais de téléphone",29000.0,27000.0,
2027,051,3130,ONA : frais de représentation,3500.0,2500.0,
2027,051,3130,ONA : frais d'organisation de congrès,2000.0,0.0,
2027,051,3130,ONA : frais de cotisations,2000.0,1000.0,
2027,051,3130,"ONA : frais de port, frais de téléphone",1300.0,1100.0,
2025,051,3130,"SG : frais de représentation de la CDFA, SG-DFA, séances avec des tiers",26000.0,31000.0,
2025,051,3130,"SG : frais de port, de téléphone, de nettoyage",17500.0,17500.0,
2025,051,3130,"SG : conférence des directrices et directeurs cantonaux des finances (CDF), part cantonale aux frais administratifs",74000.0,74000.0,
2025,051,3130,Stat.VD : cotisations à diverses associations professionnelles statistiques,4000.0,4000.0,
2025,051,3130,Stat.VD : frais de représentations avec des tiers,2000.0,2000.0,
2025,051,3130,"Stat.VD : frais de port, de téléphone, de nettoyage",20000.0,23000.0,
2025,051,3130,OCDC : frais de représentation,2000.0,2000.0,
2025,051,3130,OCDC : frais d'organisation de congrès,14000.0,15000.0,
2025,051,3130,OCDC : frais de cotisations,16700.0,16700.0,
2025,051,3130,"OCDC : frais de port, frais de téléphone",1200.0,1400.0,
2024,051,3130,"SG : frais de représentation de la CDFA, SG-DFA, séances avec des tiers",31000.0,31000.0,
2024,051,3130,"SG : frais de port, de téléphone, de nettoyage",17500.0,27000.0,
2024,051,3130,"SG : conférence des directrices et directeurs cantonaux des finances (CDF), part cantonale aux frais administratifs",74000.0,74000.0,
2024,051,3130,Stat.VD : cotisations à diverses associations professionnelles statistiques,4000.0,4000.0,
2024,051,3130,Stat. VD : frais de représentations avec des tiers,2000.0,4000.0,
2024,051,3130,"Stat. VD : frais de port, de téléphone, de nettoyage",23000.0,32000.0,
2024,051,3130,OCDC : frais de représentation,2000.0,2000.0,
2024,051,3130,OCDC : frais d'organisation de congrès,15000.0,20000.0,
2024,051,3130,OCDC : frais de cotisations,16700.0,13200.0,
2024,051,3130,OCDC : frais de téléphone,1400.0,1400.0,
2023,051,3130,SG - Séance plénière conférence des directeurs finances,10000.0,0.0,
2023,051,3130,SG : frais de représentation du CDFA,10000.0,10000.0,
2023,051,3130,SG : frais de représentation pour séances avec des tiers,11000.0,11000.0,
2023,051,3130,"SG : conférence des directrices et directeurs cantonaux des finances (CDF), part cantonale aux frais administratifs",74000.0,74000.0,
2023,051,3130,Stat.VD . Cotisations diverses,4000.0,4000.0,
2023,051,3130,Stat.VD : cotisations à diverses associations professionnelles statistiques,4000.0,4000.0,
2023,051,3130,"Frais de port, téléphone, nettoyage",59000.0,59000.0,
2022,051,3130,SG : frais de représentation du CDFIRE,10000.0,10000.0,
2022,051,3130,SG : frais de représentation pour séances avec des tiers,11000.0,11000.0,
2022,051,3130,"SG : conférence des directrices et directeurs cantonaux des finances (CDF), part cantonale aux frais administratifs",74000.0,74000.0,
2022,051,3130,OAE : Fondation CH,53000.0,53000.0,
2022,051,3130,OAE : Conseil du Léman,80000.0,80000.0,
2022,051,3130,OAE : Conférence des gouvernements cantonaux,329000.0,318000.0,
2022,051,3130,OAE : Conférence transjurassienne,95000.0,95000.0,
2022,051,3130,OAE : Centre d'Accueil Genève Internationale,100000.0,100000.0,
2022,051,3130,OAE : Conférence des gouvernements de Suisse occidentale,40000.0,40000.0,
2022,051,3130,"OAE : Comité régional (CRFG) tripartite, projet agglo Franco-Valdo-Genevois",20000.0,20000.0,
2022,051,3130,OAE : Maison des cantons,51000.0,51000.0,
2022,051,3130,"OAE : frais de représentation liés à des actions ou événements sur les scènes fédérale, intercantonale et internationale, y compris frais de production de documents ou matériel de présentation. Frais liés à l'accueil de délégations ou à des visites en délégation, y compris documents y relatifs et éventuels frais de traduction ou d'interprétation",61500.0,62500.0,
2022,051,3130,"OAE : congrès, séminaires ou conférences",15000.0,15000.0,
2022,051,3130,Stat.VD : cotisations à diverses associations professionnelles statistiques,4000.0,4000.0,
2022,051,3130,"Frais de port, téléphone, nettoyage",76500.0,79500.0,
2021,051,3130,SG : frais de représentation du CDFIRE,10000.0,10000.0,
2021,051,3130,SG : frais de représentation pour séances avec des tiers,11000.0,11000.0,
2021,051,3130,"SG : conférence des directrices et directeurs cantonaux des finances (CDF), part cantonale aux frais administratifs",74000.0,74000.0,
2021,051,3130,OAE : Fondation CH,53000.0,53000.0,
2021,051,3130,OAE : Conseil du Léman,80000.0,80000.0,
2021,051,3130,OAE : Conférence des gouvernements cantonaux,318000.0,318000.0,
2021,051,3130,OAE : Conférence transjurassienne,95000.0,95000.0,
2021,051,3130,OAE : Centre d'Accueil Genève Internationale,100000.0,100000.0,
2021,051,3130,OAE : Conférence des gouvernements de Suisse occidentale,40000.0,40000.0,
2021,051,3130,"OAE : Comité régional (CRFG) tripartite, projet agglo Franco-Valdo-Genevois",20000.0,20000.0,
2021,051,3130,OAE : Maison des cantons,51000.0,50000.0,
2021,051,3130,"OAE : frais de représentation liés à des actions ou événements sur les scènes fédérale, intercantonale et internationale, y compris frais de production de documents ou matériel de présentation. Frais liés à l'accueil de délégations ou à des visites en délégation, y compris documents y relatifs et éventuels frais de traduction ou d'interprétation",62500.0,70000.0,
2021,051,3130,"OAE : congrès, séminaires ou conférences",15000.0,15000.0,
2021,051,3130,Stat.VD : cotisations à diverses associations professionnelles statistiques,4000.0,4000.0,
2021,051,3130,"Frais de port, téléphone, nettoyage",79500.0,79500.0,
2020,051,3130,SG : frais de représentation du CDFIRE,10000.0,10000.0,
2020,051,3130,SG : frais de représentation pour séances avec des tiers,11000.0,11000.0,
2020,051,3130,"SG : conférence des directrices et directeurs cantonaux des finances (CDF), part cantonale aux frais administratifs",74000.0,74000.0,
2020,051,3130,OAE : Fondation CH,53000.0,53000.0,
2020,051,3130,OAE : Conseil du Léman,80000.0,80000.0,
2020,051,3130,OAE : Conférence des gouvernements cantonaux,318000.0,318000.0,
2020,051,3130,OAE : Conférence transjurassienne,95000.0,95000.0,
2020,051,3130,OAE : Centre d'Accueil Genève Internationale,100000.0,100000.0,
2020,051,3130,OAE : Conférence des gouvernements de Suisse occidentale,40000.0,40000.0,
2020,051,3130,"OAE : Comité régional (CRFG) tripartite, projet agglo Franco-Valdo-Genevois",20000.0,20000.0,
2020,051,3130,OAE : Maison des cantons,50000.0,50000.0,
2020,051,3130,"OAE : frais de représentation liés à des actions ou événements sur les scènes fédérale, intercantonale et internationale, y compris frais de production de documents ou matériel de présentation. Frais liés à l'accueil de délégations ou à des visites en délégation, y compris documents y relatifs et éventuels frais de traduction ou d'interprétation",70000.0,70000.0,
2020,051,3130,"OAE : congrès, séminaires ou conférences",15000.0,15000.0,
2020,051,3130,Stat.VD : cotisations à diverses associations professionnelles statistiques,4000.0,4000.0,
2020,051,3130,"Frais de port, téléphone, nettoyage",79500.0,79500.0,
2025,051,3132,SG : divers mandats et missions stratégiques,743400.0,1243400.0,
2025,051,3132,SG : frais de gestion des pensions des anciens magistrats par Retraites populaires,10000.0,10000.0,
2025,051,3132,Stat.VD : mandats liés à la politique de diffusion ainsi que divers mandats en lien avec les enquêtes fédérales,10500.0,10500.0,
2025,051,3132,Stat.VD : mandats liés à la prospective,17500.0,17500.0,
2025,051,3132,"OCDC : Mandats liés à : CIDD, Agenda 2030, Achats responsables, Restauration collective, Marchés publics, Evaluation certifications DD, Boussole 21, Plan climat, autres",100000.0,106500.0,
2024,051,3132,SG : divers mandats,11000.0,11000.0,
2024,051,3132,SG : frais de gestion des pensions des anciens magistrats par Retraites populaires,10000.0,10000.0,
2024,051,3132,SG : missions stratégiques et mesures de simplification,1232400.0,1379000.0,
2024,051,3132,Stat.VD : mandats liés à la politique de diffusion ainsi que divers mandats en lien avec les enquêtes fédérales,10500.0,10500.0,
2024,051,3132,Stat.VD : mandats liés à la prospective,17500.0,0.0,
2024,051,3132,"OCDC : Mandats liés à : CIDD, Agenda 2030, Achats responsables, Restauration collective, Marchés publics, Evaluation certifications DD, Boussole 21, Plan climat, Autres",106500.0,156500.0,
2023,051,3132,SG : divers mandats,11000.0,11000.0,
2023,051,3132,SG : frais de gestion des pensions des anciens magistrats par Retraites populaires,10000.0,10000.0,
2023,051,3132,SG : missions stratégiques et mesures de simplification,1379000.0,2379000.0,
2023,051,3132,Stat.VD : mandats liés à la politique de diffusion ainsi que divers mandats en lien avec les enquêtes fédérales,10500.0,10500.0,
2022,051,3132,SG : divers mandats,11000.0,11000.0,
2022,051,3132,SG : frais de gestion des pensions des anciens magistrats par Retraites populaires,10000.0,10000.0,
2022,051,3132,SG : missions stratégiques et mesures de simplification,2379000.0,1979000.0,
2022,051,3132,Stat.VD : mandats liés à la politique de diffusion ainsi que divers mandats en lien avec les enquêtes fédérales,10500.0,10500.0,
2022,051,3132,"OAE : études et expertises diverses + production de documents d'information et organisation d'événements ainsi que traductions d'argumentaires et de documents, y compris pour la Métropole lémanique.",47000.0,47000.0,
2022,051,3132,6 OAE : projet Interreg touristique porté par le Conseil du Léman,100000.0,100000.0,
2021,051,3132,SG : divers mandats,11000.0,11000.0,
2021,051,3132,SG : frais de gestion des pensions des anciens magistrats par Retraites populaires,10000.0,10000.0,
2021,051,3132,SG : missions stratégiques et mesures de simplification,1979000.0,533700.0,
2021,051,3132,Stat.VD : mandats liés à la politique de diffusion ainsi que divers mandats en lien avec les enquêtes fédérales,10500.0,10500.0,
2021,051,3132,"OAE : études et expertises diverses + production de documents d'information et organisation d'événements ainsi que traductions d'argumentaires et de documents, y compris pour la Métropole lémanique.",47000.0,47000.0,
2021,051,3132,6 OAE : projet Interreg touristique porté par le Conseil du Léman,100000.0,0.0,
2023,051,3160,,,,Loyers et places de parc pour les entités à la rue de la Paix 6 (y c. archives)
2022,051,3160,,,,Loyers et places de parc pour les entités à la rue de la Paix 6 (y c. archives)
2021,051,3160,,,,Loyers et places de parc pour les entités à la rue de la Paix 6 (y c. archives)
2023,051,3161,,,,Frais de location de 4 appareils multifonctions
2023,051,3169,,,,Acquisition de données statistiques auprès de l'Office fédéral de la statistique et d'autres organismes
2023,051,4250,Stat.VD : produit des ventes des publications statistiques ajusté,30000.0,0.0,
2023,051,4309,,,,Stat.VD : produit des prestations statistiques
2023,052,3130,Commissions Impôt source,7700000.0,9680200.0,
2023,052,3130,Frais de port,2800000.0,2800000.0,
2023,052,3130,Divers,429600.0,443500.0,
2022,052,3130,Commissions Impôt source,9680200.0,10000000.0,
2022,052,3130,Frais de port,2800000.0,2800000.0,
2022,052,3130,Divers,443500.0,425500.0,
2021,052,3130,Commissions Impôt source,10000000.0,10000000.0,
2021,052,3130,Frais de port,2800000.0,2800000.0,
2021,052,3130,Divers,425500.0,429100.0,
2020,052,3130,Commission Impôt source,10000000.0,10000000.0,
2020,052,3130,Frais de port,2800000.0,2800000.0,
2020,052,3130,Divers,429100.0,408100.0,
2023,052,3132,Support VaudTax,30000.0,30000.0,
2023,052,3132,"Support application, suite réalisations base connaissance",10000.0,10000.0,
2023,052,3132,Analyse et maintenance évolutive applications fiscales,30000.0,30000.0,
2023,052,3132,Maintenance application Data (Penthao),20000.0,20000.0,
2023,052,3132,RF : Maintenance Capitastra,35000.0,35000.0,
2022,052,3132,Support VaudTax,30000.0,30000.0,
2022,052,3132,"Support application, suite réalisations base connaissance",10000.0,10000.0,
2022,052,3132,Analyse et maintenance évolutive applications fiscales,30000.0,30000.0,
2022,052,3132,Maintenance application Data (Penthao),20000.0,20000.0,
2022,052,3132,RF : Maintenance Capitastra,35000.0,35000.0,
2021,052,3132,Support VaudTax,30000.0,30000.0,
2021,052,3132,"Support application, suite réalisations base connaissance",10000.0,10000.0,
2021,052,3132,Analyse et maintenance évolutive applications fiscales,30000.0,30000.0,
2021,052,3132,Maintenance application Data (Penthao),20000.0,35000.0,
2021,052,3132,RF : Maintenance Capitastra,35000.0,35000.0,
2020,052,3132,Calcul évaluation - Risques sur débiteurs PP/PM 2. Support VaudTax,30000.0,30000.0,
2020,052,3132,"Support application, suite réalisations base connaissance",10000.0,20000.0,
2020,052,3132,Analyse et maintenance évolutive applications fiscales,30000.0,40000.0,
2020,052,3132,Maintenance application Data (Penthao),35000.0,50000.0,
2020,052,3132,RF : Maintenance Capitastra,35000.0,50000.0,
2023,052,3181,,,,Il s'agit des abandons sur créances
2022,052,3181,,,,Il s'agit des abandons sur créances
2021,052,3181,,,,Il s'agit des abandons sur créances
2020,052,3181,,,,Il s'agit des abandons sur créances
2023,052,3602,Part communes gains immobiliers,78000000.0,56000000.0,
2023,052,3602,Part communes frontaliers,80000000.0,77000000.0,
2023,052,3602,Part communes à la compensation fédérale relative à la mise en œuvre de la RFFA,33000000.0,33000000.0,
2022,052,3602,Part communes gains immobiliers,56000000.0,54000000.0,
2022,052,3602,Part communes frontaliers,77000000.0,74000000.0,
2022,052,3602,Part communes à la compensation fédérale relative à la mise en œuvre de la RFFA,33000000.0,32000000.0,
2021,052,3602,Part communes gains immobiliers,54000000.0,53142000.0,
2021,052,3602,Part communes frontaliers,74000000.0,73300000.0,
2021,052,3602,Part communes à la compensation fédérale relative à la mise en œuvre de la RFFA,32000000.0,31800000.0,
2020,052,3602,Part communes gains immobiliers,53142000.0,52100000.0,
2020,052,3602,Part communes frontaliers,73300000.0,71300000.0,
2020,052,3602,Part communes à la compensation fédérale relative à la mise en œuvre de la RFFA,31800000.0,0.0,
2023,052,4000,,,,Effets légaux liés à l'augmentation des déductions fiscales prime LAMAL et frais de garde
2022,052,4000,,,,Effets légaux liés à l'augmentation des déductions pour frais de garde et contribuable modeste
2021,052,4000,,,,Effet légal lié à la baisse du taux cantonal - 1%
2020,052,4000,,,,"Effets légaux: - Augmentation du taux cantonal + 2,5% (AVASAD) - Baisse du taux cantonal - 1% - Déduction fiscale prime LAMAL - Déduction pour frais de garde - Déduction contribuable modeste"
2023,052,4001,,,,Effet légal lié à la diminution de l'imposition de la fortune mobilière
2022,052,4001,,,,Effet légal lié à la modification de la fiscalité des entrepreneurs (outil de travail)
2021,052,4001,,,,Effet légal lié à la baisse du taux cantonal - 1%
2023,052,4002,Impôt à la source Personnes physiques,140000000.0,140000000.0,
2023,052,4002,Part sur les frontaliers FR/CH,120000000.0,115000000.0,
2022,052,4002,Impôt à la source Personnes physiques,140000000.0,140000000.0,
2022,052,4002,Part sur les frontaliers FR/CH,115000000.0,110000000.0,
2021,052,4002,Impôt à la source Personnes physiques,140000000.0,143000000.0,
2021,052,4002,Part sur les frontaliers FR/CH,110000000.0,110000000.0,
2021,052,4002,,,,Effets légaux liés à la révision de l'imposition à la source ainsi qu'à la baisse du taux cantonal -1%
2023,052,4009,Impôt spécial étrangers,96000000.0,98000000.0,
2023,052,4009,Impôt récupéré après défalcation,18000000.0,18000000.0,
2022,052,4009,Impôt spécial étrangers,98000000.0,105000000.0,
2022,052,4009,Impôt récupéré après défalcation,18000000.0,18000000.0,
2021,052,4009,Impôt spécial étrangers,105000000.0,106371000.0,
2021,052,4009,Impôt récupéré après défalcation,18000000.0,18000000.0,
2021,052,4009,,,,Effet légal lié à la baisse du taux cantonal - 1%
2021,052,4010,,,,"Effets légaux liés à la baisse du taux des associations, fondations et autres personnes morales (APM) ainsi qu'à la baisse du taux cantonal - 1%"
2022,052,4022,,,,Effet légal lié à la modification de l'imposition des prestations en capital provenant de la prévoyance
2023,052,4023,Droit de mutation,191000000.0,170000000.0,
2023,052,4023,Droit de timbre,9000000.0,9000000.0,
2023,052,4210,ACI : Emoluments dus par les communes,14500000.0,14500000.0,
2023,052,4210,ACI : Emoluments sommations et divers,3500000.0,3500000.0,
2023,052,4210,"RF : Emoluments de réquisitions, de consultations et CF II",25000000.0,25000000.0,
2026,053,3010,Salaires du personnel du SAGEFI,2881900.0,2684800.0,
2026,053,3010,Montant centralisé pour l'indexation des salaires de l¶ACV,0.0,17241900.0,
2025,053,3010,Salaires du personnel du SAGEFI,2684800.0,2766100.0,
2025,053,3010,Montant centralisé pour l'indexation des salaires de l’ACV,17241900.0,44524000.0,
2025,053,3010,Montant centralisé pour le supplément salarial de l’ACV lié aux mesures annoncées aux syndicats,0.0,5565500.0,
2024,053,3010,Salaires du personnel du SAGEFI,2766100.0,2739500.0,
2024,053,3010,Montant centralisé pour l'indexation 2024 des salaires de l’ACV,44524000.0,33654000.0,
2024,053,3010,Montant centralisé pour le supplément salarial de l’ACV lié aux mesures annoncées aux syndicats,5565500.0,0.0,
2023,053,3010,Salaires du personnel du SAGEFI,2739500.0,2670300.0,
2023,053,3010,Inflation: montant pour une adaptation de l’échelle des salaires de l’ACV,33654000.0,0.0,
2027,053,3099,"Repas de fin d'année, fleurs, obsèques",5100.0,4600.0,
2027,053,3099,CPEV - Financement rente-pont (AVS),16864600.0,16697600.0,
2026,053,3099,"Repas de fin d'année, fleurs, obsèques",4600.0,4600.0,
2026,053,3099,CPEV - Financement rente-pont (AVS),16697600.0,16697600.0,
2025,053,3099,"Repas de fin d'année, fleurs, obsèques",4600.0,4600.0,
2025,053,3099,CPEV - Financement rente-pont (AVS),16697600.0,16483600.0,
2024,053,3099,"Repas de fin d'année, fleurs, obsèques",4600.0,4300.0,
2024,053,3099,CPEV - Financement rente-pont (AVS),16483600.0,16000000.0,
2023,053,3099,"Repas de fin d'année, fleurs, obsèques",4300.0,4300.0,
2023,053,3099,CPEV - Financement rente-pont (AVS),16000000.0,16000000.0,
2022,053,3099,"Repas de fin d'année, fleurs, obsèques",4300.0,4300.0,
2022,053,3099,CPEV - Financement rente-pont (AVS),16000000.0,16000000.0,
2021,053,3099,"Repas de fin d'année, fleurs, obsèques",4300.0,4300.0,
2021,053,3099,CPEV - rente-pont,16000000.0,14000000.0,
2020,053,3099,"Repas de fin d'année, fleurs, obsèques",4300.0,4300.0,
2020,053,3099,CPEV - intérêts,0.0,3466100.0,
2020,053,3099,CPEV - rente-pont,14000000.0,12000000.0,
2025,053,3130,,,,"Frais de comptes bancaires et frais de comptes postaux enregistrés à la rubrique 3499, en application du plan comptable MCH2."
2027,053,3132,,,,Mandats BAK Basel RPT et divers
2026,053,3132,,,,Mandats BAK Basel RPT et divers
2025,053,3132,,,,Mandats BAK Basel RPT et divers
2024,053,3132,,,,Mandats BAK Basel RPT et divers
2023,053,3132,,,,Mandats BAK Basel RPT et divers
2022,053,3132,,,,Mandats BAK Basel RPT et divers
2021,053,3132,,,,Mandats BAK Basel RPT et divers
2020,053,3132,,,,Mandats BAK Basel RPT et divers.
2026,053,3137,,,,Taxe sur la plus-value liée aux gains sur la vente d'immobilisations
2025,053,3137,,,,Taxe sur la plus-value liée aux gains sur la vente d'immobilisations
2025,053,3300,,,,Amortissement des dépenses d'investissement pour l'ensemble de l'Etat
2024,053,3300,,,,Amortissement des dépenses d'investissement pour l'ensemble de l'Etat
2023,053,3300,,,,Amortissement des dépenses d'investissement pour l'ensemble de l'Etat
2022,053,3300,,,,Amortissement des dépenses d'investissement pour l'ensemble de l'Etat
2021,053,3300,,,,Amortissement des dépenses d'investissement pour l'ensemble de l'Etat
2020,053,3300,,,,Amortissement des dépenses d'investissement pour l'ensemble de l'Etat.
2025,053,3320,,,,"Amortissements des dépenses d'investissement pour les logiciels, licences et autres pour l'ensemble de l'Etat"
2024,053,3320,,,,"Amortissements des dépenses d'investissement pour les logiciels, licences et autres pour l'ensemble de l'Etat"
2023,053,3320,,,,"Amortissements des dépenses d'investissement pour les logiciels, licences et autres pour l'ensemble de l'Etat"
2022,053,3320,,,,"Amortissements des dépenses d'investissement pour les logiciels, licences et autres pour l'ensemble de l'Etat"
2021,053,3320,,,,"Amortissements des dépenses d'investissement pour les logiciels, licences et autres pour l'ensemble de l'Etat"
2020,053,3320,,,,"Amortissements des dépenses d'investissement pour les logiciels, licences et autres pour l'ensemble de l'Etat."
2025,053,3401,,,,Charges d'intérêt d'emprunt public en 2025
2024,053,3401,,,,Charges d'intérêt d'emprunt public en 2024
2023,053,3401,,,,Charges d'intérêt d'emprunt public en 2023
2022,053,3401,,,,Charges d'intérêt d'emprunt public en 2022
2021,053,3401,,,,Charges d'intérêt d'emprunt public en 2021
2020,053,3401,,,,Charges d'intérêt d'emprunt public en 2020
2025,053,3420,,,,Frais des emprunts. Pas d'émission prévue en 2025.
2024,053,3420,,,,Frais d'émission selon l'hypothèse de l'emprunt public prévu en 2024
2023,053,3420,,,,Frais d'émission selon l'hypothèse de l'emprunt public prévu en 2023
2022,053,3420,,,,Frais d'émission selon l'hypothèse de l'emprunt public prévu en 2022
2021,053,3420,,,,Frais d'émission selon l'hypothèse de l'emprunt public prévu en 2021
2025,053,3499,,,,Voir rubrique 3130.
2024,053,3499,,,,Suppression de la charge d'intérêts négatifs à la suite de la hausse des taux directeurs par la BNS
2023,053,3499,,,,Réduction de la charge d'intérêts négatifs à la suite de la hausse des taux directeurs par la BNS
2022,053,3499,,,,Charges d'intérêts négatifs des avoirs bancaires
2021,053,3499,,,,Charges d'intérêts négatifs des avoirs bancaires
2025,053,3621,RPT: péréquation des ressources,357400.0,0.0,
2025,053,3621,RPT: compensation des cas de rigueur,5073000.0,5580300.0,
2024,053,3621,,,,RPT: Fonds pour cas de rigueur
2023,053,3621,,,,RPT: Fonds pour cas de rigueur
2022,053,3621,,,,RPT: Fonds pour cas de rigueur
2021,053,3621,,,,RPT: Péréquations des ressources et fonds pour cas de rigueur
2024,053,3636,Montant centralisé pour l'indexation 2024 des salaires du CHUV et du secteur subventionné,64538100.0,37126100.0,
2024,053,3636,Montant centralisé pour le supplément salarial du CHUV et du secteur subventionné lié aux mesures annoncées aux syndicats,9708900.0,0.0,
2023,053,3636,,,,inflation: montant pour une adaptation de l’échelle des salaires du secteur parapublic
2023,053,3660,,,,Amortissements des subventions d'investissements pour l'ensemble de l'Etat
2022,053,3660,,,,Amortissements des subventions d'investissements pour l'ensemble de l'Etat
2021,053,3660,,,,Amortissements des subventions d'investissements pour l'ensemble de l'Etat
2023,053,4110,,,,Redistribution du bénéfice de la BNS
2022,053,4110,,,,Redistribution du bénéfice de la BNS
2021,053,4110,,,,Ajout d'une part supplémentaire de redistribution du bénéfice de la BNS
2023,053,4260,,,,Préfinancement accord Canton-communes: dissolution du préfinancement en 2023 de CHF 25 mios par rapport à la dissolution du préfinancement en 2022 de CHF 60 mios.
2022,053,4260,,,,Dissolution du préfinancement de l'accord canton-communes pour neutraliser les effets financiers 2022
2023,053,4309,,,,Réaffectation au budget 2023 du montant de la RIE-VD constitué aux comptes 2017
2022,053,4309,,,,Réaffectation au budget 2022 du montant de la RIE-VD constitué aux comptes 2017
2021,053,4309,,,,Réaffectation au budget 2021 du montant de la RIE-VD constitué aux comptes 2017
2023,053,4420,,,,1. Dividendes des actions de Romande Energie Holding S.A. 2. Dividendes des actions BCV (14'488'300 actions x CHF 3.70)
2022,053,4420,,,,1. Dividendes des actions de Romande Energie S.A. 2. Dividendes des actions BCV (14'488'300 actions x CHF 3.60)
2021,053,4420,,,,1. Dividendes des actions de Romande Energie S.A. 2. Dividendes des actions BCV (1'448'830 actions x 36.-)
2023,053,4450,,,,Intérêt du CHUV solde moyen investissements restant à amortir
2022,053,4450,,,,Intérêt du CHUV solde moyen investissements restant à amortir
2021,053,4450,,,,Intérêt du CHUV solde moyen investissements restant à amortir
2023,053,4451,,,,Revenus des dividendes de Romande Energie Holding S.A. ; Société des Forces motrices de l'Avançon ; Salines Suisse S.A. et Cridec S.A.
2022,053,4451,,,,Revenus des dividendes de Romande Energie Holding S.A. ; Société des Forces motrices de l'Avançon ; Salines Suisse S.A. et Cridec S.A.
2021,053,4451,,,,Revenus des dividendes de Romande Energie Holding S.A. ; Société des Forces motrices de l'Avançon ; Salines Suisse S.A. ; Tunnel du Grand Saint-Bernard S.A. ; Cridec S.A. et Blanchisserie générale LBG S.A.
2023,053,4461,,,,Dividendes des actions BCV (43'134'220 action x CHF 3.70)
2022,053,4461,,,,Dividendes des actions BCV (43'134'220 action x CHF 3.60)
2021,053,4461,,,,Dividendes des actions BCV (4'313'422 action x 36.-)
2023,053,4463,,,,Contribution de l'ECA et Commission annuelle des Retraites Populaires
2022,053,4463,Contribution de l'ECA et Commission annuelle des Retraites Populaires,2514000.0,3014000.0,
2022,053,4463,Commission de 0.25% sur garanties montants livrets d'épargne CECV,0.0,271000.0,
2021,053,4463,Contribution de l'ECA et Commission annuelle des Retraites Populaires,3014000.0,3014000.0,
2021,053,4463,Commission de 0.25% sur garanties montants livrets d'épargne CECV,271000.0,271000.0,
2023,053,4470,,,,Compensation charge nouvelle des investissements relatifs au développement de l'UNIL
2022,053,4470,,,,Compensation charge nouvelle des investissements relatifs au développement de l'UNIL
2023,053,4472,,,,Compensation financière pour les bâtiments et terrains que l'Etat met à disposition du CHUV
2023,053,4600,Produit impôt anticipé basé sur les prévisions de l'AFC,60859000.0,65046000.0,
2023,053,4600,Retenu supplémentaire US basée sur les prévisions de l'AFC,185000.0,127000.0,
2027,054,3010,Direction générale des ressources humaines (DGRH),9482200.0,8866700.0,
2027,054,3010,ARC Emploi,537200.0,500200.0,
2027,054,3010,Espace Ecoute et Médiation,361500.0,366200.0,
2027,054,3010,Centres de vie enfantine (CVE) La Fourmi et Carambole,3116700.0,3164200.0,
2026,054,3010,Direction générale des ressources humaines (DGRH),8866700.0,8776300.0,
2026,054,3010,ARC Emploi,500200.0,531200.0,
2026,054,3010,Espace Ecoute et Médiation (Unité investigation transférée en 2025),366200.0,388200.0,
2026,054,3010,Centres de vie enfantine (CVE) La Fourmi et Carambole,3164200.0,3492100.0,
2025,054,3010,Direction générale des ressources humaines (DGRH),8776300.0,8819900.0,
2025,054,3010,ARC Emploi,531200.0,567200.0,
2025,054,3010,Stages de réinsertion professionnelle,0.0,233200.0,
2025,054,3010,Espace Ecoute et Médiation (Unité investigation transférée en 2025),388200.0,870500.0,
2025,054,3010,Centres de vie enfantine (CVE) La Fourmi et Carambole,3492100.0,3352900.0,
2025,054,3010,Probabiliste centralisée pour l'ACV.,0.0,-6000000.0,
2024,054,3010,Personnel du service,8819900.0,7784800.0,
2024,054,3010,Personnel d'ARC Emploi,567200.0,556400.0,
2024,054,3010,Stage de réinsertion professionnelle,233200.0,233200.0,
2024,054,3010,Personnel du Groupe Impact,870500.0,712200.0,
2024,054,3010,Probabiliste centralisée pour l'ACV.,-6000000.0,0.0,
2023,054,3010,Personnel du service,7784800.0,6866200.0,
2023,054,3010,Personnel d'ARC Emploi,556400.0,536900.0,
2023,054,3010,Stage de réinsertion professionnelle,233200.0,290800.0,
2023,054,3010,Personnel du Groupe Impact,712200.0,723200.0,
2022,054,3010,Personnel du service,6866200.0,6311400.0,
2022,054,3010,Personnel d'ARC Emploi,536900.0,549600.0,
2022,054,3010,Stage de réinsertion professionnelle,290800.0,300600.0,
2021,054,3010,Personnel du service,6311400.0,6181000.0,
2021,054,3010,Personnel d'ARC Emploi,549600.0,507300.0,
2021,054,3010,Stage de réinsertion professionnelle,300600.0,155300.0,
2021,054,3010,Montant à disposition des services en cas d'insuffisance budgétaire résultant de la création de nouveaux postes d'apprentis (décision du CE du 15.03.2017),0.0,180000.0,
2020,054,3010,Personnel du service,6181000.0,6140800.0,
2020,054,3010,Personnel d'ARC Emploi,507300.0,530500.0,
2020,054,3010,Stage de réinsertion professionnelle,155300.0,155300.0,
2020,054,3010,Montant à disposition des services en cas d'insuffisance budgétaire résultant de la création de nouveaux postes d'apprentis (décision du CE du 15.03.2017),180000.0,180000.0,
2027,054,3030,Personnel auxiliaire de la DGRH,460800.0,460800.0,
2027,054,3030,Personnel en formation de la DGRH,135900.0,135900.0,
2027,054,3030,Personnel auxiliaire de l'Espace Ecoute et Médiation,44000.0,44000.0,
2027,054,3030,Personnel auxiliaires des CVE (La Fourmi et Carambole),138400.0,138400.0,
2027,054,3030,Personnel en formation des CVE (La Fourmi et Carambole),95600.0,95600.0,
2027,054,3030,Commission chargée de traiter les évaluations de fonction,6500.0,6500.0,
2026,054,3030,Personnel auxiliaire de la DGRH,460800.0,625900.0,
2026,054,3030,Personnel en formation de la DGRH,135900.0,216300.0,
2026,054,3030,Personnel auxiliaire de l'Espace Ecoute et Médiation (Unité investigation transférée en 2025),44000.0,44000.0,
2026,054,3030,Personnel auxiliaires des CVE (La Fourmi et Carambole),138400.0,138400.0,
2026,054,3030,Personnel en formation des CVE (La Fourmi et Carambole),95600.0,104300.0,
2026,054,3030,Commission chargée de traiter les évaluations de fonction,6500.0,6500.0,
2025,054,3030,Personnel auxiliaire de la DGRH,625900.0,663900.0,
2025,054,3030,Personnel en formation de la DGRH,136300.0,140500.0,
2025,054,3030,Montant à disposition des services en cas d'insuffisance budgétaire résultant de la création de nouveaux postes d'apprentis (décision du CE du 15.03.2017),80000.0,180000.0,
2025,054,3030,Personnel auxiliaire de l'Espace Ecoute et Médiation (Unité investigation transférée en 2025),44000.0,88000.0,
2025,054,3030,Commission chargée de traiter les évaluations de fonction,6500.0,3000.0,
2025,054,3030,Personnel auxiliaires des CVE (La Fourmi et Carambole),138400.0,138400.0,
2025,054,3030,Personnel en formation des CVE (La Fourmi et Carambole),104300.0,102100.0,
2024,054,3030,Personnel auxiliaire de la DGRH,663900.0,575100.0,
2024,054,3030,Personnel en formation de la DGRH,140500.0,140500.0,
2024,054,3030,Montant à disposition des services en cas d'insuffisance budgétaire résultant de la création de nouveaux postes d'apprentis (décision du CE du 15.03.2017),180000.0,180000.0,
2024,054,3030,Personnel auxiliaire du Groupe Impact,88000.0,88000.0,
2024,054,3030,Commission chargée de traiter les évaluations de fonction,3000.0,3000.0,
2023,054,3030,Personnel auxiliaire du service,575100.0,935500.0,
2023,054,3030,Personnel en formation du SPEV,140500.0,140500.0,
2023,054,3030,Montant à disposition des services en cas d'insuffisance budgétaire résultant de la création de nouveaux postes d'apprentis (décision du CE du 15.03.2017),180000.0,180000.0,
2023,054,3030,Personnel auxiliaire d'ARC Emploi,0.0,9000.0,
2023,054,3030,Personnel auxiliaire du Groupe Impact,88000.0,0.0,
2023,054,3030,Commission chargée de traiter les évaluations de fonction,3000.0,0.0,
2022,054,3030,Personnel auxiliaire du service,935500.0,1087700.0,
2022,054,3030,Personnel en formation du SPEV,140500.0,104500.0,
2022,054,3030,Montant à disposition des services en cas d'insuffisance budgétaire résultant de la création de nouveaux postes d'apprentis (décision du CE du 15.03.2017),180000.0,180000.0,
2022,054,3030,Personnel auxiliaire d'ARC Emploi,9000.0,0.0,
2021,054,3030,Personnel auxilaire du service,1087700.0,1032200.0,
2021,054,3030,Personnel en formation du SPEV,104500.0,0.0,
2021,054,3030,Montant à disposition des services en cas d'insuffisance budgétaire résultant de la création de nouveaux postes d'apprentis (décision du CE du 15.03.2017),180000.0,0.0,
2021,054,3030,Personnel intérimaire : le budget de l'ACV relatif à l'engagement de personnel intérimaire est centralisé au SPEV et dès 2021 transféré à la rubrique 3130.,0.0,2424500.0,
2020,054,3030,Personnel auxilaire du service,1032200.0,1032200.0,
2020,054,3030,Personnel intérimaire : le budget de l'ACV relatif à l'engagement de personnel intérimaire est centralisé au SPEV,2424500.0,2474500.0,
2027,054,3040,,,,Différence sur chaque allocation de naissance prise en charge par l'Etat de Vaud - jusqu¶en 2025
2025,054,3040,,,,Différence sur chaque allocation de naissance prise en charge par l'Etat de Vaud
2024,054,3040,,,,Différence sur chaque allocation de naissance prise en charge par l'Etat de Vaud
2023,054,3040,,,,Différence sur chaque allocation de naissance prise en charge par l'Etat de Vaud
2022,054,3040,,,,Différence sur chaque allocation de naissance prise en charge par l'Etat de Vaud
2021,054,3040,,,,Différence sur chaque allocation de naissance prise en charge par l'Etat de Vaud
2020,054,3040,,,,Différence sur chaque allocation de naissance prise en charge par l'Etat de Vaud
2025,054,3049,,,,Forfait de CHF 400.- à chaque nouvel.le apprenti.e pour l'achat d'un ordinateur portable
2024,054,3049,,,,Indemnité de formation pour les apprentis du service
2023,054,3049,,,,Indemnité de formation pour les apprentis du service
2022,054,3049,,,,Indemnité de formation pour les apprentis du service
2021,054,3049,,,,Indemnité de formation pour les apprentis du service
2020,054,3049,,,,Indemnité de formation pour les apprentis du service
2024,054,3050,Charges AVS/AC du personnel du service,632200.0,555400.0,
2024,054,3050,Charges AVS/AC du personnel d'ARC Emploi,37200.0,36400.0,
2024,054,3050,Charges AVS/AC des stages de réinsertion professionnelle,15600.0,15500.0,
2024,054,3050,Cotisation de solidarité agricole,0.0,3000.0,
2024,054,3050,Charges AVS/AC du Groupe Impact,62900.0,52200.0,
2023,054,3050,Charges AVS/AC du personnel du service,555400.0,529100.0,
2023,054,3050,Charges AVS/AC du personnel d'ARC Emploi,36400.0,36400.0,
2023,054,3050,Charges AVS/AC des stages de réinsertion profesionnelle,15500.0,19300.0,
2023,054,3050,Cotisation de solidarité agricole,3000.0,3000.0,
2023,054,3050,Charges AVS/AC du Groupe Impact,52200.0,48200.0,
2022,054,3050,Charges AVS/AC du personnel du service,529100.0,487100.0,
2022,054,3050,Charges AVS/AC du personnel d'ARC Emploi,36400.0,35700.0,
2022,054,3050,Charges AVS/AC des stages de réinsertion profesionnelle,19300.0,19600.0,
2022,054,3050,Cotisation de solidarité agricole,3000.0,3000.0,
2021,054,3050,Charges AVS/AC du personnel du service,487100.0,467800.0,
2021,054,3050,Charges AVS/AC du personnel d'ARC Emploi,35700.0,33400.0,
2021,054,3050,Charges AVS/AC des stages de réinsertion profesionnelle,19600.0,53000.0,
2021,054,3050,Cotisation de solidarité agricole,3000.0,3000.0,
2020,054,3050,Charges AVS/AC du personnel du service,467800.0,458700.0,
2020,054,3050,Charges AVS/AC du personnel d'ARC Emploi,33400.0,33500.0,
2020,054,3050,Charges AVS/AC des stages de réinsertion profesionnelle,53000.0,53000.0,
2020,054,3050,Cotisation de solidarité agricole,3000.0,3000.0,
2022,054,3052,Cotisations LPP du personnel du service,919100.0,867300.0,
2022,054,3052,Cotisations LPP du personnel d'ARC Emploi,63900.0,64000.0,
2022,054,3052,Cotisations LPP pour les stages de réinsertion professionnelle,34000.0,35300.0,
2021,054,3052,Cotisations LPP du personnel du service,867300.0,864700.0,
2021,054,3052,Cotisations LPP du personnel d'ARC Emploi,64000.0,59300.0,
2021,054,3052,Cotisations LPP pour les stages de réinsertion professionnelle,35300.0,127000.0,
2020,054,3052,Cotisations LPP du personnel du service,864700.0,823000.0,
2020,054,3052,Cotisations LPP du personnel d'ARC Emploi,59300.0,61000.0,
2020,054,3052,Cotisations LPP pour les stages de réinsertion professionnelle,127000.0,127000.0,
2022,054,3053,Cotisations LAA du personnel du service (y compris primes d'assurance LAA pour les stages non rémunérés),18700.0,12100.0,
2022,054,3053,Cotisations LAA du personnel d'ARC Emploi,800.0,900.0,
2022,054,3053,"Cotisations LAA pour les stages de réinsertion professionnelle, (y compris primes d'assurance LAA pour les stages non rémunérés),",6500.0,500.0,
2021,054,3053,Cotisations LAA du personnel du service,12100.0,9900.0,
2021,054,3053,Cotisations LAA du personnel d'ARC Emploi,900.0,600.0,
2021,054,3053,Cotisations LAA pour les stages de réinsertion professionnelle,500.0,10000.0,
2020,054,3053,Cotisations LAA du personnel du service,9900.0,8000.0,
2020,054,3053,Cotisations LAA du personnel d'ARC Emploi,600.0,600.0,
2020,054,3053,Cotisations LAA pour les stages de réinsertion professionnelle,10000.0,10000.0,
2022,054,3054,Cotisations allocations familiales pour le personnel du service,218400.0,206400.0,
2022,054,3054,Cotisations allocations familiales pour le personnel d'ARC Emploi,15000.0,15100.0,
2022,054,3054,Cotisations allocations familiales pour les stages de réinsertion professionnelle,8000.0,8300.0,
2021,054,3054,Cotisations allocations familiales pour le personnel du service,206400.0,198400.0,
2021,054,3054,Cotisations allocations familiales pour le personnel d'ARC Emploi,15100.0,14200.0,
2021,054,3054,Cotisations allocations familiales pour les stages de réinsertion professionnelle,8300.0,18800.0,
2020,054,3054,Cotisations allocations familiales pour le personnel du service,198400.0,195800.0,
2020,054,3054,Cotisations allocations familiales pour le personnel d'ARC Emploi,14200.0,14600.0,
2020,054,3054,Cotisations allocations familiales pour les stages de réinsertion professionnelle,18800.0,18800.0,
2022,054,3059,Cotisations PC Famille pour le personnel du service,5000.0,4800.0,
2022,054,3059,Cotisations PC Famille pour le personnel d'ARC Emploi,300.0,300.0,
2022,054,3059,Cotisations PC Famille pour les stages de réinsertion professionnelle,200.0,200.0,
2020,054,3059,Cotisations PC Famille pour le personnel du service,4600.0,4400.0,
2020,054,3059,Cotisations PC Famille pour le personnel d'ARC Emploi,300.0,300.0,
2020,054,3059,Cotisations PC Famille pour les stages de réinsertion professionnelle,400.0,400.0,
2022,054,3061,,,,Accidents professionnels antérieurs à la LAA
2020,054,3061,,,,Accidents professionnels antérieurs à la LAA
2025,054,3090,Centralisation des budgets de formation des services qui ne sont pas soumis à un traitement d'exception (y compris congrès),1983100.0,1983100.0,
2025,054,3090,Formation pour le personnel d'ARC Emploi,6700.0,11700.0,
2025,054,3090,Stages professionnels LACI prélevés sur le fonds de lutte contre le chômage (3023),43000.0,43000.0,
2022,054,3090,Centralisation des budgets de formation des services qui ne sont pas soumis à un traitement d'exception (y compris congrès),1700000.0,1688100.0,
2022,054,3090,Formation pour le personnel d'ARC Emploi,6700.0,11900.0,
2022,054,3090,Stages professionnels LACI prélevés sur le fonds de lutte contre le chômage (3023),43000.0,0.0,
2020,054,3090,,,,Centralisation des budgets de formation des services qui ne sont pas soumis à un traitement d'exception (y compris congrès)
2025,054,3130,Commission chargée de traiter les évaluations de fonction,13000.0,13000.0,
2025,054,3130,Personnel intérimaire (budget centralisé à la DGRH),2604500.0,2604500.0,
2025,054,3130,Frais de réfectoire des CVE,248000.0,245000.0,
2025,054,3130,"Frais de port, de représentation, de téléphone, de transport, de contentieux et de nettoyage",306100.0,309200.0,
2025,054,3130,Cotisations à des institutions publiques et privées,18300.0,18300.0,
2025,054,3160,"DGRH, y.c. local des archives et places de parc",354800.0,364900.0,
2025,054,3160,Centre de conférence,67100.0,67100.0,
2025,054,3160,Salles de formation,33300.0,33300.0,
2025,054,3160,Espace Ecoute et Médiation (Unité investigation transférée en 2025),42200.0,84000.0,
2025,054,3160,CVE (La Fourmi et Carambole),377000.0,377000.0,
2025,054,3634,,,,Subvention visant à assurer la santé et la sécurité au travail des collaborateurs de l'ACV
2021,056,3030,Assistance à la révision des comptes annuels,0.0,70000.0,
2021,056,3030,Assistance de spécialistes (mandats ordinaires) ou d'experts (mandats spéciaux),0.0,220000.0,
2021,056,3030,Personnel auxiliaire,5000.0,5000.0,
2021,056,3030,,,,Le budget du personnel intérimaire est transféré dès 2021 à la rubrique 3130.
2020,056,3030,Assistance à la révision des comptes annuels,70000.0,70000.0,
2020,056,3030,"Assistance de spécialistes (mandats ordinaires) ou d'experts (mandats spéciaux) Le budget de CHF 220'000 est destiné à couvrir les besoins d'assistance de spécialistes pour les mandats du programme annuel du CCF, ainsi que ceux qui pourraient être confiés par le Conseil d'Etat, les commissions de surveillance du Grand Conseil (Cofin et Coges) ou la commission de haute surveillance du Tribunal cantonal.",220000.0,220000.0,
2020,056,3030,Personnel auxiliaire,5000.0,5000.0,
2027,056,3090,Préparation au diplôme d'expert-comptable,10000.0,10000.0,
2027,056,3090,Séminaire de formation de la Conférence des Chefs des contrôles financiers des cantons latins (CCCFCL),14000.0,14000.0,
2027,056,3090,"Formations diverses (révision, informatique, construction, juridique et générale)",18000.0,13400.0,
2027,056,3090,Séminaires d'EXPERTsuisse,30500.0,30100.0,
2027,056,3090,Formation ACL (analyse des données),0.0,5000.0,
2026,056,3090,Préparation au diplôme d'expert-comptable,10000.0,10000.0,
2026,056,3090,Séminaire de formation de la Conférence des Chefs des contrôles financiers des cantons latins (CCCFCL),14000.0,14000.0,
2026,056,3090,"Formations diverses (révision, informatique, construction, juridique et générale)",13400.0,13400.0,
2026,056,3090,Séminaires d'EXPERTsuisse,30100.0,30100.0,
2026,056,3090,Formation ACL (analyse des données),5000.0,5000.0,
2025,056,3090,Préparation au diplôme d'expert-comptable,10000.0,10000.0,
2025,056,3090,Séminaire de formation de la Conférence des Chefs des contrôles financiers des cantons latins (CCCFCL),14000.0,14000.0,
2025,056,3090,"Formations diverses (révision, informatique, construction, juridique et générale)",13400.0,13400.0,
2025,056,3090,Séminaires d'EXPERTsuisse,30100.0,30100.0,
2025,056,3090,Formation ACL (analyse des données),5000.0,5000.0,
2024,056,3090,Préparation au diplôme d'expert-comptable,10000.0,10000.0,
2024,056,3090,Séminaire de formation de la Conférence des Chefs des contrôles financiers des cantons latins (CCCFCL),14000.0,14000.0,
2024,056,3090,"Formations diverses (révision, informatique, construction, juridique et générale)",13400.0,13400.0,
2024,056,3090,Séminaires d'EXPERTsuisse,30100.0,30100.0,
2024,056,3090,Formation ACL (analyse des données),5000.0,5000.0,
2023,056,3090,Préparation au diplôme d'expert-comptable,10000.0,11600.0,
2023,056,3090,Séminaire de formation de la Conférence des Chefs des contrôles financiers des cantons latins (CCCFCL),14000.0,14000.0,
2023,056,3090,"Formations diverses (révision, informatique, construction, juridique et générale)",13400.0,13400.0,
2023,056,3090,Séminaires d'Expert Suisse,30100.0,28500.0,
2023,056,3090,Formation CIA (Certified Internal Auditor) 6. Formation ACL (analyse des données),5000.0,5000.0,
2022,056,3090,Préparation au diplôme d'expert-comptable,11600.0,10000.0,
2022,056,3090,Séminaire de formation de la Conférence des Chefs des contrôles financiers des cantons latins (CCCFCL),14000.0,14000.0,
2022,056,3090,"Formations diverses (révision, informatique, construction, juridique et générale)",13400.0,7500.0,
2022,056,3090,Séminaires d'Expert Suisse,28500.0,26000.0,
2022,056,3090,Formation CIA (Certified Internal Auditor) 6. Formation ACL (analyse des données),5000.0,15000.0,
2021,056,3090,Préparation au diplôme d'expert-comptable,10000.0,6700.0,
2021,056,3090,Séminaire de formation de la Conférence des Chefs des contrôles financiers des cantons latins (CCCFCL),14000.0,14000.0,
2021,056,3090,"Formations diverses (révision, informatique, construction, juridique et générale)",7500.0,15000.0,
2021,056,3090,Séminaires d'Expert Suisse,26000.0,34600.0,
2021,056,3090,Formation CIA (Certified Internal Auditor),0.0,2200.0,
2021,056,3090,Formation ACL (analyse des données),15000.0,0.0,
2020,056,3090,Préparation au diplôme d'expert-comptable,6700.0,10100.0,
2020,056,3090,Séminaire de formation de la Conférence des Chefs des contrôles financiers des cantons latins (CCCFCL),14000.0,14000.0,
2020,056,3090,"Formations diverses (révision, informatique, construction, juridique et générale)",15000.0,15000.0,
2020,056,3090,Préparation au diplôme fédéral d'expert en finance et controlling,0.0,2750.0,
2020,056,3090,Séminaires d'Expert Suisse,34600.0,30650.0,
2020,056,3090,Formation CIA (Certified Internal Auditor),2200.0,0.0,
2025,056,3130,"Frais de port, de téléphone et de représentation",5000.0,5000.0,
2025,056,3130,Emoluments divers et frais de surveillance,3000.0,3000.0,
2025,056,3130,Cotisations diverses,10500.0,11300.0,
2025,056,3130,Assistance à la révision des comptes annuels de l'Etat de Vaud (auditeurs financiers),50000.0,70000.0,
2025,056,3130,Assistance informatique à l'audit des comptes annuels de l'Etat de Vaud (analyse des données),20000.0,30000.0,
2025,056,3130,"Assistance de spécialistes (mandats ordinaires) et d'experts (mandats spéciaux). Ce budget est destiné à couvrir les besoins d'assistance pour les mandats du programme annuel du CCF, ainsi que ceux qui pourraient être confiés par le Conseil d'Etat, les commissions de surveillance du Grand-Conseil (Cofin et Coges) ou la commission de surveillance du Tribunal cantonal.",150000.0,150000.0,
2024,056,3130,"Frais de port, de téléphone et de représentation",5000.0,5000.0,
2024,056,3130,Emoluments divers et frais de surveillance,3000.0,3000.0,
2024,056,3130,Cotisations diverses,11300.0,11300.0,
2024,056,3130,Assistance à la révision des comptes annuels de l'Etat de Vaud (auditeurs financiers),70000.0,70000.0,
2024,056,3130,Assistance informatique à l'audit des comptes annuels de l'Etat de Vaud (analyse des données),30000.0,30000.0,
2024,056,3130,"Assistance de spécialistes (mandats ordinaires) et d'experts (mandats spéciaux). Ce budget est destiné à couvrir les besoins d'assistance pour les mandats du programme annuel du CCF, ainsi que ceux qui pourraient être confiés par le Conseil d'Etat, les commissions de surveillance du Grand-Conseil (Cofin et Coges) ou la commission de surveillance du Tribunal cantonal.",150000.0,150000.0,
2023,056,3130,"Frais de port, de téléphone et de représentation",5000.0,5000.0,
2023,056,3130,Emoluments divers et frais de surveillance,3000.0,3000.0,
2023,056,3130,Cotisations diverses,11300.0,11300.0,
2023,056,3130,Assistance à la révision des comptes annuels de l'Etat de Vaud (auditeurs financiers),70000.0,70000.0,
2023,056,3130,Assistance informatique à l'audit des comptes annuels de l'Etat de Vaud (analyse des données),30000.0,30000.0,
2023,056,3130,"Assistance de spécialistes (mandats ordinaires) et d'experts (mandats spéciaux). Ce budget est destiné à couvrir les besoins d'assistance pour les mandats du programme annuel du CCF, ainsi que ceux qui pourraient être confiés par le Conseil d'Etat, les commissions de surveillance du Grand-Conseil (Cofin et Coges) ou la commission de surveillance du Tribunal cantonal.",150000.0,150000.0,
2025,056,3132,Assistance à l'audit informatique,110000.0,110000.0,
2025,056,3132,Assistance à l'audit de la sécurité des systèmes d'information et de télécommunication,70000.0,70000.0,
2025,056,3132,Contrôle des comptes et de la gestion du CCF par l'auditeur externe (mandat du Conseil d'Etat),20000.0,20000.0,
2025,056,3132,Attestation NCQ1,10000.0,10000.0,
2024,056,3132,Assistance à l'audit informatique,110000.0,110000.0,
2024,056,3132,Assistance à l'audit de la sécurité des systèmes d'information et de télécommunication,70000.0,70000.0,
2024,056,3132,Contrôle des comptes et de la gestion du CCF par l'auditeur externe (mandat du Conseil d'Etat),20000.0,20000.0,
2024,056,3132,Attestation NCQ1,10000.0,10000.0,
2023,056,3132,Assistance à l'audit informatique,110000.0,110000.0,
2023,056,3132,Assistance à l'audit de la sécurité des systèmes d'information et de télécommunication,70000.0,70000.0,
2023,056,3132,Contrôle des comptes et de la gestion du CCF par l'auditeur externe (mandat du Conseil d'Etat),20000.0,20000.0,
2023,056,3132,Attestation NCQ1,10000.0,10000.0,
2020,056,3132,Assistance à l'audit informatique,110000.0,110000.0,
2020,056,3132,Assistance à l'audit de la sécurité des systèmes d'information et de télécommunication,70000.0,61900.0,
2020,056,3132,Contrôle des comptes et de la gestion du CCF par l'auditeur externe (mandat du Conseil d'Etat),20000.0,20000.0,
2020,056,3132,Attestation NCQ1,10000.0,10000.0,
2025,056,4260,,,,Conférence des Chefs des contrôles financiers des Cantons latins (CCCFCL)
2024,056,4260,,,,Conférence des Chefs des contrôles financiers des Cantons latins (CCCFCL)
2023,056,4260,,,,Conférence des Chefs des contrôles financiers des Cantons latins (CCCFCL)
2020,056,4260,Part privée aux frais de natel,600.0,600.0,
2020,056,4260,Conférence des Chefs des contrôles financiers des Cantons latins (CCCFCL),400.0,400.0,
2027,057,3000,,,,Rétribution des juges cantonaux
2026,057,3000,,,,Rétribution des juges cantonaux
2025,057,3000,,,,Rétribution des juges cantonaux
2024,057,3000,,,,Rétribution des juges cantonaux
2023,057,3000,,,,Rétribution des juges cantonaux
2022,057,3000,,,,Rétribution des juges cantonaux
2021,057,3000,,,,Rétribution des juges cantonaux
2020,057,3000,,,,Rétribution des juges cantonaux
2027,057,3010,,,,Pérennisation de 12.9 ETP d'auxiliaires auparavant budgetés sur le compte 3030
2025,057,3010,,,,Création de 3.0 ETP au Tribunal cantonal en lien avec la création de 1.0 ETP de juge cantonal
2024,057,3010,,,,"Création de 15.65 ETP, dont 3.10 ETP de magistrats et 7.05 ETP de postes fixes pour le projet de Renforcement de la protection de l'enfant (sur 8 mois), 4.50 ETP de postes fixes pérennisés dans les tribunaux d'arrondissement, et 1.00 ETP de poste fixe au Secrétariat général."
2023,057,3010,,,,"Création de 27.15 ETP, dont 4.00 ETP de magistrats et 8.00 ETP postes fixes pour le centre de compétence des poursuites et faillites créés sur 6 mois, les autres postes étant créés sur 12 mois."
2022,057,3010,,,,"Création de 20.2 ETP, budget équivalent à 7 mois de salaires, pour la mise en œuvre du projet Renforcement de la protection de l'enfant."
2027,057,3030,"Personnel auxiliaire, interprètes et magistrats ad hoc avec missions particulières. Renforts supplémentaires pour la chaîne des faillites, les justices de paix et le Tribunal des mineurs",6404200.0,5443700.0,
2027,057,3030,"Rétribution du personnel rémunéré par indemnité (vice-présidents, vice-juges, juges, juges suppléants, assesseurs, greffiers ad hoc) 2.1. Greffe du Tribunal cantonal",440000.0,520000.0,
2027,057,3030,2. Tribunaux d'arrondissement,1947000.0,1957000.0,
2027,057,3030,3. Tribunal des mineurs,79000.0,79000.0,
2027,057,3030,4. Tribunal des baux,128000.0,118000.0,
2027,057,3030,5. Justices de paix,3101600.0,2600000.0,
2027,057,3030,Rémunération des apprentis,720000.0,720000.0,
2026,057,3030,"Personnel auxiliaire, interprètes et magistrats ad hoc avec missions particulières. Renforts supplémentaires dans les justices de paix, les offices des poursuites et des faillites et à l'Office cantonal du registre du commerce",5443700.0,3857100.0,
2026,057,3030,"Rétribution du personnel rémunéré par indemnité (vice-présidents, juges, juges suppléants, assesseurs, greffiers ad hoc) 2.1. Greffe du Tribunal cantonal",520000.0,520000.0,
2026,057,3030,2. Tribunaux d'arrondissement,1957000.0,1994500.0,
2026,057,3030,3. Tribunal des mineurs,79000.0,59000.0,
2026,057,3030,4. Tribunal des baux,118000.0,118000.0,
2026,057,3030,5. Justices de paix,2600000.0,2400000.0,
2026,057,3030,Rémunération des apprentis,720000.0,860000.0,
2025,057,3030,"Personnel auxiliaire, interprètes et magistrats ad hoc avec missions particulières.",3857100.0,3671100.0,
2025,057,3030,"Rétribution du personnel rémunéré par indemnité (vice-présidents, juges, juges suppléants, assesseurs, greffiers ad hoc) 2.1. Greffe du Tribunal cantonal",520000.0,420000.0,
2025,057,3030,2. Tribunaux d'arrondissement,1994500.0,2068500.0,
2025,057,3030,3. Tribunal des mineurs,59000.0,60000.0,
2025,057,3030,4. Tribunal des baux,118000.0,128000.0,
2025,057,3030,5. Justices de paix,2400000.0,2295100.0,
2025,057,3030,Rémunération des apprentis,860000.0,860000.0,
2024,057,3030,"Personnel auxiliaire, interprètes et magistrats ad hoc avec missions particulières. Renforts prévus dans les tribunaux, notamment pour la réforme du Code de procédure pénale.",3671100.0,2638200.0,
2024,057,3030,"Rétribution du personnel rémunéré par indemnité (vice-présidents, juges, juges suppléants, assesseurs, greffiers ad hoc) 2.1. Greffe du Tribunal cantonal",420000.0,450000.0,
2024,057,3030,2. Tribunaux d'arrondissement,2068500.0,1995500.0,
2024,057,3030,3. Tribunal des mineurs,60000.0,60000.0,
2024,057,3030,4. Tribunal des baux,128000.0,128000.0,
2024,057,3030,5. Justices de paix,2295100.0,2131000.0,
2024,057,3030,Rémunération des apprentis,860000.0,880200.0,
2023,057,3030,"Personnel auxiliaire, interprètes et magistrats ad hoc avec missions particulières. Divers renforts prévus dans les tribunaux.",2638200.0,2113200.0,
2023,057,3030,"Rétribution du personnel rémunéré par indemnité (vice-présidents, juges, juges suppléants, assesseurs, greffiers ad hoc) 2.1. Greffe du Tribunal cantonal",450000.0,450000.0,
2023,057,3030,2. Tribunaux d'arrondissement,1995500.0,2002500.0,
2023,057,3030,3. Tribunal des mineurs,60000.0,60000.0,
2023,057,3030,4. Tribunal des baux,128000.0,128000.0,
2023,057,3030,5. Justices de paix,2131000.0,1883400.0,
2023,057,3030,Rémunération des apprentis,880200.0,820500.0,
2022,057,3030,"Personnel auxiliaire, interprètes et magistrats ad hoc avec missions particulières",2113200.0,1951700.0,
2022,057,3030,"Rétribution du personnel rémunéré par indemnité (vice-présidents, juges, juges suppléants, assesseurs, greffiers ad hoc) 2.1. Greffe du Tribunal cantonal",450000.0,450000.0,
2022,057,3030,2. Tribunaux d'arrondissement,2002500.0,2002500.0,
2022,057,3030,3. Tribunal des mineurs,60000.0,50000.0,
2022,057,3030,4. Tribunal des baux,128000.0,128000.0,
2022,057,3030,5. Justices de paix,1883400.0,1883400.0,
2022,057,3030,Rémunération des apprentis,820500.0,760800.0,
2021,057,3030,"Personnel auxiliaire, interprètes et magistrats ad hoc avec missions particulières",1951700.0,1951700.0,
2021,057,3030,"Rétribution du personnel rémunéré par indemnité (vice-présidents, juges, juges suppléants, assesseurs, greffiers ad hoc) 2.1. Greffe du Tribunal cantonal",450000.0,450000.0,
2021,057,3030,2. Tribunaux d'arrondissement,2002500.0,1985000.0,
2021,057,3030,3. Tribunal des mineurs,50000.0,50000.0,
2021,057,3030,4. Tribunal des baux,128000.0,128000.0,
2021,057,3030,5. Justices de paix,1883400.0,1883400.0,
2021,057,3030,"Rémunération des apprentis (jusqu'en 2020, sur le compte 3010)",760800.0,0.0,
2020,057,3030,"Personnel auxiliaire, interprètes et magistrats ad hoc avec missions particulières (renfort auxiliaires supplémentaires pour les offices de faillites)",1951700.0,1418300.0,
2020,057,3030,"Rétribution du personnel rémunéré par indemnité (vice-présidents, juges, juges suppléants, assesseurs, greffiers ad hoc) 2.1. Greffe du Tribunal cantonal",450000.0,446100.0,
2020,057,3030,2. Tribunaux d'arrondissement,1985000.0,1957700.0,
2020,057,3030,3. Tribunal des mineurs,50000.0,70000.0,
2020,057,3030,4. Tribunal des baux,128000.0,130000.0,
2020,057,3030,5. Justices de paix,1883400.0,2010000.0,
2027,057,3049,Indemnités forfaitaires pour frais professionnels des apprentis,54100.0,55000.0,
2027,057,3049,Autres indemnités,24000.0,24000.0,
2026,057,3049,Indemnités forfaitaires pour frais professionnels des apprentis,55000.0,56700.0,
2026,057,3049,Autres indemnités,24000.0,8000.0,
2025,057,3049,Indemnités forfaitaires pour frais professionnels des apprentis,56700.0,56300.0,
2025,057,3049,Autres indemnités,8000.0,8400.0,
2024,057,3049,Indemnités forfaitaires pour frais professionnels des apprentis,56300.0,56300.0,
2024,057,3049,Autres indemnités,8400.0,8400.0,
2023,057,3049,Indemnités forfaitaires pour frais professionnels des apprentis,56300.0,46600.0,
2023,057,3049,Autres indemnités,8400.0,8400.0,
2022,057,3049,Indemnités forfaitaires pour frais professionnels des apprentis,46600.0,46600.0,
2022,057,3049,"Autres indemnités (dès 2022, certaines indemnités sont portées sur le compte 3010)",8400.0,111400.0,
2021,057,3049,Indemnités forfaitaires pour frais professionnels des apprentis,46600.0,46600.0,
2021,057,3049,Autres indemnités,111400.0,111400.0,
2020,057,3049,Indemnités forfaitaires pour frais professionnels des apprentis,46600.0,46700.0,
2020,057,3049,Autres indemnités,111400.0,111400.0,
2027,057,3059,,,,Cotisations pour prestations complémentaires familles
2026,057,3059,,,,Cotisations pour prestations complémentaires familles
2025,057,3059,,,,Cotisations pour prestations complémentaires familles
2024,057,3059,,,,Cotisations pour prestations complémentaires familles
2023,057,3059,,,,Cotisations pour prestations complémentaires familles
2022,057,3059,,,,Cotisations pour prestations complémentaires familles
2021,057,3059,,,,Cotisations pour prestations complémentaires familles
2020,057,3059,,,,Cotisations pour prestations complémentaires familles
2027,057,3060,,,,Pensions de retraite versées aux anciens juges cantonaux ou à leurs conjoints
2026,057,3060,,,,Pensions de retraite versées aux anciens juges cantonaux ou à leurs conjoints
2025,057,3060,,,,Pensions de retraite versées aux anciens juges cantonaux ou à leurs conjoints
2024,057,3060,,,,Pensions de retraite versées aux anciens juges cantonaux ou à leurs conjoints
2023,057,3060,,,,Pensions de retraite versées aux anciens juges cantonaux ou à leurs conjoints
2022,057,3060,,,,Pensions de retraite versées aux anciens juges cantonaux ou à leurs conjoints
2021,057,3060,,,,Pensions de retraite versées aux anciens juges cantonaux ou à leurs conjoints
2020,057,3060,,,,Pensions de retraite versées aux anciens juges cantonaux ou à leurs conjoints
2027,057,3062,,,,Allocation renchérissement pour pensions versées aux anciens juges cantonaux ou à leurs conjoints
2026,057,3062,,,,Allocation renchérissement pour pensions versées aux anciens juges cantonaux ou à leurs conjoints
2025,057,3062,,,,Allocation renchérissement pour pensions versées aux anciens juges cantonaux ou à leurs conjoints
2024,057,3062,,,,Allocation renchérissement pour pensions versées aux anciens juges cantonaux ou à leurs conjoints
2023,057,3062,,,,Allocation renchérissement pour pensions versées aux anciens juges cantonaux ou à leurs conjoints
2022,057,3062,,,,Allocation renchérissement pour pensions versées aux anciens juges cantonaux ou à leurs conjoints
2021,057,3062,,,,Allocation renchérissement pour pensions versées aux anciens juges cantonaux ou à leurs conjoints
2020,057,3062,,,,Allocation renchérissement pour pensions versées aux anciens juges cantonaux ou à leurs conjoints
2027,057,3090,,,,"Formations particulières en matière judiciaire hors CEP (commission de formation continue, séminaires, formations au brevet et au certificat de formation générale à l'exécution forcée des offices de poursuites et de faillites, formations métier spécialisées) et participation à des congrès"
2026,057,3090,,,,"Formations particulières en matière judiciaire hors CEP (commission de formation continue, séminaires, formations au brevet et au certificat de formation générale à l'exécution forcée des offices de poursuites et de faillites, formations métier spécialisées) et participation à des congrès"
2025,057,3090,,,,"Formations particulières en matière judiciaire hors CEP (commission de formation continue, séminaires, formations au brevet et au certificat de formation générale à l'exécution forcée des offices de poursuites et de faillites, formations métier spécialisées) et participation à des congrès"
2024,057,3090,,,,"Formations particulières en matière judiciaire hors CEP (commission de formation continue, séminaires, formations au brevet et au certificat de formation générale à l'exécution forcée des offices de poursuites et de faillites, formations métier spécialisées) et participation à des congrès"
2023,057,3090,,,,"Formations particulières en matière judiciaire hors CEP (commission de formation continue, séminaires, formations au brevet et au certificat de formation générale à l'exécution forcée des offices de poursuites et de faillites, formations métier spécialisées) et participation à des congrès"
2022,057,3090,,,,"Formations particulières en matière judiciaire hors CEP (commission de formation continue, séminaires, formations au brevet et au certificat de formation générale à l'exécution forcée des offices de poursuites et de faillites, formations métier spécialisées) et participation à des congrès"
2021,057,3090,,,,"Formations particulières en matière judiciaire hors CEP (commission de formation continue, séminaires, formations au brevet et au certificat de formation générale à l'exécution forcée des offices de poursuites et de faillites, formations métier spécialisées) et participation à des congrès"
2020,057,3090,,,,"Formations particulières en matière judiciaire hors CEP (commission de formation continue, séminaires, formations au brevet et au certificat de formation générale à l'exécution forcée des offices de poursuites et de faillites, formations métier spécialisées) et participation à des congrès"
2027,057,3100,,,,"Fournitures courantes, économat, dossiers judiciaires"
2026,057,3100,,,,"Fournitures courantes, économat, dossiers judiciaires"
2025,057,3100,,,,"Fournitures courantes, économat, dossiers judiciaires"
2024,057,3100,,,,"Fournitures courantes, économat, dossiers judiciaires. Equilibrage avec le compte 3102 en fonction des modification d'imputations du système LaPlace de commande de fournitures."
2023,057,3100,,,,"Fournitures courantes, économat, dossiers judiciaires, reliures"
2022,057,3100,,,,"Fournitures courantes, économat, dossiers judiciaires, reliures"
2021,057,3100,,,,"Fournitures courantes, économat, dossiers judiciaires, reliures"
2020,057,3100,,,,"Fournitures courantes, économat, dossiers judiciaires, reliures"
2027,057,3102,,,,"Frais d'annonce (affaires), reliures, fourniture de matériel imprimé et impression centralisée (DAL) pour les offices des poursuites"
2026,057,3102,,,,"Frais d'annonce (affaires), reliures, fourniture de matériel imprimé et impression centralisée (DAL) pour les offices des poursuites"
2025,057,3102,,,,"Frais d'annonce (affaires), reliures, fourniture de matériel imprimé et impression centralisée (DAL) pour les offices des poursuites"
2024,057,3102,,,,"Frais d'annonce (affaires), reliures, fourniture de matériel imprimé et impression centralisée (DAL) pour les offices des poursuites"
2023,057,3102,,,,Frais d'annonce (affaires) et impression centralisée (DAL) pour les offices des poursuites
2022,057,3102,,,,Frais d'annonce (affaires) et impression centralisée (DAL) pour les offices des poursuites
2021,057,3102,,,,Frais d'annonce (affaires) et impression centralisée (DAL) pour les offices des poursuites
2020,057,3102,,,,Frais d'annonce (affaires) et impression centralisée (DAL) pour les offices des poursuites
2027,057,3103,,,,"Abonnements, codes annotés, documentation et bibliothèques des offices"
2026,057,3103,,,,"Abonnements, codes annotés, documentation et bibliothèques des offices"
2025,057,3103,,,,"Abonnements, codes annotés, documentation et bibliothèques des offices"
2023,057,3103,,,,"Abonnements, codes annotés, documentation et bibliothèques des offices"
2022,057,3103,,,,"Abonnements, codes annotés, documentation et bibliothèques des offices"
2021,057,3103,,,,"Abonnements, codes annotés, documentation et bibliothèques des offices"
2020,057,3103,,,,"Abonnements, codes annotés, documentation et bibliothèques des offices"
2026,057,3120,,,,Frais d'élimination d'archives et des documents confidentiels
2025,057,3120,,,,Frais d'élimination d'archives et des documents confidentiels
2022,057,3120,,,,Frais d'élimination d'archives et des documents confidentiels
2021,057,3120,,,,Frais d'élimination d'archives et des documents confidentiels
2020,057,3120,,,,Frais d'élimination d'archives et des documents confidentiels
2027,058,3000,Indemnités pour les séances plénières,2952000.0,2952000.0,
2027,058,3000,Indemnités pour les séances de commissions,1248000.0,1160500.0,
2027,058,3000,,,,Le budget des indemnités a été réduit de manière importante au budget 2026; les indemnités ont atteint un montant record aux comptes 2025; il convient de réadapter partiellement à la hausse cette rubrique.
2026,058,3000,Indemnités pour les séances plénières,2952000.0,2952000.0,
2026,058,3000,Indemnités pour les séances de commissions,1160500.0,1420500.0,
2026,058,3000,,,,"Le budget des indemnités des séances de commissions est réduit de CHF 200'000.- pour tenir compte de l'évolution des deux derniers exercices et de la situation financière du Canton. Par ailleurs, CHF 60'000.- sont utilisés pour doter à nouveau le service d'un compte 3030 ""travailleurs temporaires"" permettant de faire face à des situations particulières, comme par exemple le besoin en expertise et secrétariat d'une délégation des commissions de surveillance."
2025,058,3000,Indemnités pour les séances plénières,2952000.0,2952000.0,
2025,058,3000,Indemnités pour les séances de commissions,1420500.0,1420500.0,
2024,058,3000,Indemnités pour les séances plénières,2952000.0,2714900.0,
2024,058,3000,Indemnités pour les séances de commissions,1420500.0,1270500.0,
2024,058,3000,,,,"En raison de la hausse constante de l'activité du Grand Conseil (plénum et commissions), le budget des indemnités a été adapté."
2023,058,3000,Indemnités pour les séances plénières,2714900.0,2689900.0,
2023,058,3000,Indemnités pour les séances de commissions,1270500.0,1270500.0,
2022,058,3000,Indemnités pour les séances plénières,2689900.0,2689900.0,
2022,058,3000,Indemnités pour les séances de commissions,1270500.0,1270500.0,
2022,058,3000,,,,Salaires des autorités et juges comprenant :
2021,058,3000,Indemnités séances plénières,2689900.0,2689900.0,
2021,058,3000,Indemnités séances de commissions,1270500.0,1270500.0,
2021,058,3000,,,,Salaires des autorités et juges comprenant :
2020,058,3000,Jetons de présences séances plénières,2689900.0,2689900.0,
2020,058,3000,Jetons de présences séances de commissions,1270500.0,1270500.0,
2020,058,3000,,,,Salaires des autorités et juges comprenant :
2027,058,3001,Indemnités de déplacement,415100.0,415100.0,
2027,058,3001,Indemnités pour frais administratifs et informatiques,120000.0,120000.0,
2027,058,3001,Indemnités de formation,50000.0,50000.0,
2027,058,3001,Indemnités aux groupes politiques,330000.0,330000.0,
2026,058,3001,Indemnités de déplacement,415100.0,415100.0,
2026,058,3001,Indemnités pour frais administratifs et informatiques,120000.0,120000.0,
2026,058,3001,Indemnités de formation,50000.0,50000.0,
2026,058,3001,Indemnités aux groupes politiques,330000.0,330000.0,
2025,058,3001,Indemnités de déplacement,415100.0,415100.0,
2025,058,3001,Indemnités pour frais administratifs et informatiques,120000.0,120000.0,
2025,058,3001,Indemnités de formation,50000.0,50000.0,
2025,058,3001,Indemnités aux groupes politiques,330000.0,330000.0,
2024,058,3001,Indemnités de déplacement,415100.0,415100.0,
2024,058,3001,Indemnités pour frais administratifs et informatiques,120000.0,120000.0,
2024,058,3001,Indemnités de formation,50000.0,50000.0,
2024,058,3001,Indemnités aux groupes politiques,330000.0,330000.0,
2023,058,3001,Indemnités de déplacement,415100.0,415100.0,
2023,058,3001,Indemnités pour frais administratifs et informatiques,120000.0,120000.0,
2023,058,3001,Indemnités de formation,50000.0,50000.0,
2023,058,3001,Indemnités aux groupes politiques,330000.0,355000.0,
2022,058,3001,Indemnités de déplacement,415100.0,415100.0,
2022,058,3001,Indemnités pour frais administratifs et informatiques,120000.0,120000.0,
2022,058,3001,Indemnités de formation,50000.0,50000.0,
2022,058,3001,Indemnités aux groupes politiques,355000.0,355000.0,
2022,058,3001,Frais des commissions,0.0,39000.0,
2022,058,3001,Frais du Bureau du Grand Conseil,0.0,19800.0,
2022,058,3001,Frais réception Présidence,0.0,32500.0,
2022,058,3001,Assemblée parlementaire de la Francophonie,0.0,25000.0,
2022,058,3001,Frais de déplacement de la Présidence du Grand Conseil,0.0,10000.0,
2022,058,3001,,,,"Paiements aux autorités et juges comprenant : Dès 2022, tout ce qui ne relève pas du décret sur les indemnités doit être déplacé du 3001 vers d'autres rubriques budgétaires (3130 et 3170), en conformité avec le MCH2. Cela concerne les rubriques 5 à 9 ci-dessus."
2021,058,3001,Frais de déplacement des députés,415100.0,415100.0,
2021,058,3001,Indemnités pour frais administratifs,120000.0,120000.0,
2021,058,3001,Indemnités de formation,50000.0,50000.0,
2021,058,3001,Indemnités aux groupes politiques,355000.0,355000.0,
2021,058,3001,Frais des commissions,39000.0,39000.0,
2021,058,3001,Frais du Bureau du Grand Conseil,19800.0,19800.0,
2021,058,3001,Frais réception Présidence,32500.0,32500.0,
2021,058,3001,Assemblée parlementaire de la Francophonie,25000.0,25000.0,
2021,058,3001,Frais de déplacement de la Présidence du Grand Conseil,10000.0,10000.0,
2021,058,3001,,,,Paiements aux autorités et juges comprenant :
2020,058,3001,Frais de déplacement des députés,415100.0,420100.0,
2020,058,3001,Indemnités pour frais administratifs,120000.0,120000.0,
2020,058,3001,Indemnités de formation,50000.0,50000.0,
2020,058,3001,Indemnités aux groupes politiques,355000.0,355000.0,
2020,058,3001,Frais des commissions,39000.0,39000.0,
2020,058,3001,Frais du Bureau du Grand Conseil,19800.0,14800.0,
2020,058,3001,Frais réception Présidence,32500.0,32500.0,
2020,058,3001,Assemblée parlementaire de la Francophonie,25000.0,25000.0,
2020,058,3001,Frais de déplacement de la présidence du Grand Conseil,10000.0,10000.0,
2020,058,3001,,,,Paiements aux autorités et juges comprenant :
2027,058,3010,,,,La croissance continue et exponentielle de l'activité parlementaire depuis quelques années rend nécessaire la création de 1.0 ETP supplémentaire. Décision du Bureau du Grand Conseil du 23 avril 2026.
2025,058,3010,,,,Pérennisation d'un poste à 50% sous CDD au secrétariat des commissions (3010). Compensation financière intégrale par baisse du budget auxiliaire (3030). Décision du Bureau du Grand Conseil du 18.04.2024.
2023,058,3010,,,,"Le Bureau du Grand Conseil a décidé de créer un poste de délégué à la communication à 100% pour les besoins variés et nombreux de communication des commissions et du Grand Conseil, afin de mieux faire connaître leur travail, activités et décisions."
2027,058,3030,,,,"Comme tous les 5 ans, un budget supplémentaire est nécessaire pour faire face à la charge de l'année de changement de législature. Il sera retiré en 2028."
2026,058,3030,,,,"Par la réaffectation de CHF 60'000.- en provenance de la rubrique budgétaire 3000, le service est à nouveau doté d'une rubrique budgétaire ""travailleurs temporaires"" permettant de faire face à des situations particulières, comme par exemple le besoin en expertise et secrétariat d'une délégation des commissions de surveillance."
2025,058,3030,,,,"Pérennisation d'un poste à 50% sous CDD au secrétariat des commissions (3010). Compensation financière intégrale par baisse du budget auxiliaire (3030). Décision du Bureau du Grand Conseil du 18.04.2024. Ajout du budget pour un second ""stage UNIL"" de six mois par année."
2021,058,3030,,,,"Modification du mode de comptabilisation du salaire de l’apprenti et du stagiaire UNIL (CHF25’500), précédemment budgétisés au compte 3010. En outre, transfert de ressources du 3153 (CHF 7'000.-) en vue des besoins à l'occasion de la période chargée du changement de législature (2021-2022-2023)."
2020,058,3050,,,,"Suite à une nouvelle manière, définie par les services transversaux, d'imputer dans les comptes les charges sociales liées aux indemnités des députés, leurs allocations familiales et PC familles ne sont désormais plus comptabilisées sous 3050, mais sous 3054 et 3059."
2021,058,3052,,,,Adaptation du taux moyen de cotisation à la caisse de pension à celui du personnel du service.
2021,058,3054,,,,Adaptation au montant des comptes 2019 pour les allocations familiales liées aux indemnités des députés.
2020,058,3054,,,,Voir commentaire sous 3050.
2020,058,3059,,,,Voir commentaire sous 3050.
2021,058,3100,,,,Voir commentaire sous 3130.
2021,058,3102,,,,Voir commentaire sous 3130.
2024,058,3110,,,,Diminution équivalente au montant demandé uniquement en 2023 pour la sécurisation du Parlement.
2023,058,3110,,,,Une analyse de la Police cantonale portant sur le concept de sécurité du Parlement a mis en évidence la nécessité d’acheter des nouveaux équipements. Cette dépense concerne le budget 2023 uniquement.
2024,058,3111,,,,Diminution équivalente au montant demandé uniquement en 2023 pour le remplacement du système de contrôle d'accès SPIAC par SALTO.
2023,058,3111,,,,"La DGNSI a annoncé le remplacement du système de contrôle d’accès SPIAC par SALTO et l’obligation pour les services de prévoir le budget nécessaire à ce remplacement. En collaboration étroite avec la DGIP, un devis de CHF 32'400 a été établi. Cette dépense concerne le budget 2023 uniquement."
2027,058,3130,,,,"Trois manifestations importantes auront lieu en 2027 (journée d'assermentation des autorités, réunion des Bureaux des Grands Conseils des cantons latins, Assises transfrontalières franco-valdo-genevoises). Un budget supplémentaire est nécessaire; il sera retiré en 2028."
2024,058,3130,,,,Réallocation interne de ressources du 3153 au 3130.
2022,058,3130,,,,"Voir commentaire sous 3001. Déplacement des CHF 32'500.- ""Frais réception Présidence"". Augmentation ponctuelle en vue de l'organisation de la cérémonie et de la journée d'assermentation des nouvelles autorités cantonales."
2021,058,3130,,,,Augmentation par transfert de ressources du 3100 et du 3102 pour faire face à diverses augmentations de charges.
2020,058,3130,,,,"1.Diminution du budget nécessaire pour l'organisation d'assemblées exceptionnelles, le calendrier 2020 étant plus léger que le 2019 (Conférence des secrétaires des parlements - COSEC). 2. Réallocation interne de ressources du 3130 au 3170 pour tenir compte de la nouvelle manière, définie par les services transversaux, d'imputer les notes de frais du personnel."
2023,058,3132,,,,"Le projet SIEL étant terminé, les nécessaires évolutions à venir devront être financées par les diverses parties prenantes, dont le Grand Conseil. Cet outil étant capital pour le Législatif, le Bureau a décidé d’inscrire au budget un montant pérenne pour participer à sa maintenance évolutive."
2020,058,3132,,,,"Transfert des dépenses liées à la gestion des installations audiovisuelles du Parlement du 3132 au 3150, à la demande du Contrôle cantonale des finances."
2027,058,3150,,,,"Après 10 ans d'utilisation intensive, de nombreux équipements techniques ont vieilli et doivent être remis à niveau. Cela concerne des composants des systèmes de vote, audio et vidéo. Le budget nécessaire sera retiré de la rubrique en 2028."
2020,058,3150,,,,Voir commentaire sous 3132.
2024,058,3153,,,,Réallocation interne de ressources du 3153 au 3130.
2021,058,3153,,,,Voir commentaire sous 3030.
2020,058,3153,,,,"Dans le cadre de la mise en service de Siel courant 2020, le service doit économiser 5'000 francs sur cette première année partielle. Ils le sont sur ce compte; l'équivalent se trouvera à la DSI sur le compte 3158."
2022,058,3170,,,,"Voir commentaire sous 3001. Déplacement des CHF 39'000.- ""Frais des commissions"", des CHF 19'800.- ""Frais du Bureau du Grand Conseil"", des CHF 25'000.- ""Assemblée parlementaire de la Francophonie"" et des CHF 10'000.- ""Frais de déplacement de la Présidence du Grand Conseil""."
2020,058,3170,,,,Voir second commentaire sous 3130.
2020,058,4250,,,,Vente du Bulletin du Grand Conseil.
2021,058,4472,,,,"Les recettes des locations des salles du Parlement s'avèrent, au terme des premiers exercices, moins élevées qu'imaginé."
2020,058,4472,,,,"Les recettes des locations des salles du Parlement s'avèrent, au terme du premier exercice complet (2018), moins élevées qu'imaginé."
2027,059,3000,,,,Magistrats: 3 ETP
2026,059,3000,,,,Magistrats: 3 ETP
2025,059,3000,,,,Magistrats: 3 ETP
2024,059,3000,,,,Magistrats: 3 ETP
2023,059,3000,,,,Magistrats: 3 ETP
2022,059,3000,,,,Magistrats: 3 ETP
2021,059,3000,,,,Magistrats: 3 ETP
2020,059,3000,,,,Juges cantonaux 2020: 3 ETP
2027,059,3010,,,,Chef·fe·s de mandat d'audit: 7 ETP Administration (secrétariat): 1 ETP
2026,059,3010,,,,Chef·fe·s de mandat d'audit: 7 ETP Administration (secrétariat): 1 ETP
2025,059,3010,,,,Chef-fes de mandat d'audit: 7 ETP Administration (secrétariat): 1 ETP
2024,059,3010,,,,Chef-fes de mandat d'audit: 7 ETP Administration (secrétariat): 1 ETP
2023,059,3010,,,,Chef-fes de mandat d'audit: 7 ETP Administration (secrétariat): 1 ETP
2022,059,3010,,,,Chef-fes de mandat d'audit: 7 ETP Administration (secrétariat): 1 ETP
2021,059,3010,,,,Chef-fes de mandat d'audit: 7 ETP Administration (secrétariat): 1 ETP
2020,059,3010,,,,Chef-fes de mandat d'audit: 7 ETP (de 70% à 90%) Administration (secrétariat): 1 ETP
2027,059,3090,,,,Formation continue des chef·fe·s de mandat et des magistrats
2026,059,3090,,,,Formation continue des chef·fe·s de mandat et des magistrats
2025,059,3090,,,,Formation continue des chef.fe.s de mandat et des magistrats
2024,059,3090,,,,Formation continue des chef.fe.s de mandat et des magistrats
2023,059,3090,,,,Formation continue des chef.fes de mandat et des magistrats
2022,059,3090,,,,Formation continue des chef.fes de mandat et des magistrats
2021,059,3090,,,,Formation continue de l'ensemble des collaborateurs et des magistrats
2020,059,3090,,,,Formation nécessitée par le renouvellement complet des 3 juges cantonaux et formation continue de l'ensemble des collaborateurs
2021,059,3103,,,,"Achat d'ouvrages spécifiquement dédiés aux audits effectués par la Cour. Abonnements (Swisslex, journaux etc.)"
2020,059,3103,,,,"Achat d'ouvrages spécifiquement dédiés aux audits effectués par la Cour. Abonnements (Swisslex, journaux etc.)"
2021,059,3110,,,,Remplacements
2027,059,3130,Frais liés à la présentation des audits,4000.0,4000.0,
2027,059,3130,Frais de port et de téléphone,3000.0,3000.0,
2027,059,3130,Cotisations à des institutions reconnues d'audit (dont EURORAI et Fondation canadienne pour l'audit et la responsabilisation),6000.0,6000.0,
2026,059,3130,Frais liés à la présentation des audits,4000.0,4000.0,
2026,059,3130,Frais de port et de téléphone,3000.0,3000.0,
2026,059,3130,Cotisations à des institutions reconnues d'audit (dont EURORAI et Fondation canadienne pour l'audit et la responsabilisation),6000.0,6000.0,
2025,059,3130,Frais liés à la présentation des audits,4000.0,4000.0,
2025,059,3130,Frais de port et de téléphone,3000.0,3000.0,
2025,059,3130,Cotisations à des institutions reconnues d'audit (dont EURORAI et Fondation canadienne pour l'audit et la responsabilisation),6000.0,6000.0,
2024,059,3130,Frais liés à la présentation des audits,4000.0,4000.0,
2024,059,3130,Frais de port et de téléphone,3000.0,8500.0,
2024,059,3130,canadienne pour l'audit et la responsabilisation),6000.0,6000.0,
2024,059,3130,,,,Cotisations à des institutions reconnues d'audit (dont EURORAI et Fondation
2023,059,3130,Frais liés à la présentation des audits,4000.0,4000.0,
2023,059,3130,Frais de port et de téléphone,8500.0,8500.0,
2023,059,3130,canadienne pour l'audit et la responsabilisation),6000.0,6000.0,
2023,059,3130,,,,Cotisations à des institutions reconnues d'audit (dont EURORAI et Fondation
2022,059,3130,Frais liés à la présentation des audits,4000.0,4000.0,
2022,059,3130,Frais de port et de téléphone,8500.0,8500.0,
2022,059,3130,pour l'audit et la responsabilisation),6000.0,6000.0,
2022,059,3130,,,,Cotisations à des institutions reconnues d'audit (dont EURORAI et Fondation canadienne
2021,059,3130,collations etc,4000.0,5000.0,
2021,059,3130,Frais de port et de téléphone,8500.0,6000.0,
2021,059,3130,pour l'audit et la responsabilisation),6000.0,7000.0,
2021,059,3130,,,,"Frais liés à la présentation des audits et de représentation (location de salles, Cotisations à des institutions reconnues d'audit (dont; EURORAI et Fondation canadienne"
2020,059,3130,collations etc,5000.0,5000.0,
2020,059,3130,Frais de port et de téléphone,6000.0,6000.0,
2020,059,3130,pour l'audit et la responsabilisation),7000.0,7000.0,
2020,059,3130,,,,"Frais liés à la présentation des audits et de représentation (location de salles, Cotisations à des institutions reconnues d'audit (dont; EURORAI et Fondation canadienne"
2027,059,3132,,,,Honoraires d'experts consultés sur des aspects spécifiques en lien avec les audits
2026,059,3132,,,,Honoraires d'experts consultés sur des aspects spécifiques en lien avec les audits
2025,059,3132,,,,Honoraires d'experts consultés sur des aspects spécifiques en lien avec les audits
2024,059,3132,,,,Honoraires d'experts consultés sur des aspects spécifiques en lien avec les audits
2023,059,3132,,,,Honoraires d'experts consultés sur des aspects spécifiques en lien avec les audits
2022,059,3132,,,,Honoraires d'experts consultés sur des aspects spécifiques en lien avec les audits
2021,059,3132,,,,Honoraires d'experts consultés sur des aspects spécifiques relatifs aux audits
2020,059,3132,,,,Honoraires d'experts consultés sur des aspects spécifiques relatifs aux audits
2021,059,3158,,,,Logiciels nécessaires à la réalisation des audits (Sphinx etc.)
2020,059,3158,,,,Logiciels nécessaires à la réalisation des audits (Sphinx etc.)
2027,059,3161,,,,Location de l'imprimante-photocopieuse
2026,059,3161,,,,Location de l'imprimante-photocopieuse
2025,059,3161,,,,Location de l'imprimante-photocopieuse
2024,059,3161,,,,Location de l'imprimante-photocopieuse
2023,059,3161,,,,Location de l'imprimante-photocopieuse
2022,059,3161,,,,Location de l'imprimante-photocopieuse
2021,059,3161,,,,Location imprimante-photocopieuse
2020,059,3161,,,,Location imprimante-photocopieuse
2027,059,3170,,,,"Frais de représentation des magistrats et frais liés aux déplacements dans le cadre des audits, des séminaires et des formations continues (transport, repas, hôtel)"
2026,059,3170,,,,"Frais de représentation des magistrats et frais liés aux déplacements dans le cadre des audits, des séminaires et des formations continues (transport, repas, hôtel)"
2025,059,3170,,,,"Frais liés aux déplacements dans le cadre des audits, des séminaires et des formations continues (transport, repas, hôtel)"
2024,059,3170,,,,"Frais liés aux déplacements dans le cadre des audits, des séminaires et des formations continues (transport, repas, hôtel)"
2023,059,3170,,,,"Frais liés aux déplacements dans le cadre des audits, des séminaires et des formations continues (transport, repas, hôtel)"
2022,059,3170,,,,"Frais liés aux déplacements dans le cadre des audits, des séminaires et des formations continues (transport, repas, hôtel)"
2021,059,3170,,,,"Frais liés aux déplacements dans le cadre des audits (transport, repas, hôtel)"
2020,059,3170,,,,"Frais liés aux déplacements dans le cadre des audits (transport, repas, hôtel)"
2020,064,3132,,,,"Mandats et audits externes, notamment dans les domaines médicaux, juridiques et IT. Transfert à la rubrique 037.3132 selon la nouvelle structure comptable de la DGS"
2027,064,3511,Alimentation directe du Fonds pour le développement de la prévention et de la promotion de la santé (N° 3005).,550000.0,550000.0,
2027,064,3511,"Excédent de revenus viré à compte capital, écriture de bouclement du fonds de la dîme de l'alcool (N° 3015)",399400.0,399400.0,
2026,064,3511,Alimentation directe du Fonds pour le développement de la prévention et de la promotion de la santé (N° 3005).,550000.0,550000.0,
2026,064,3511,"Excédent de revenus viré à compte capital, écriture de bouclement du fonds de la dîme de l'alcool (N° 3015)",399400.0,399400.0,
2025,064,3511,Alimentation directe du Fonds pour le développement de la prévention et de la promotion de la santé (N° 3005). Suspension ponctuelle uniquement en 2024 de la dotation au fonds selon la décision du CE du 14.08.2023,550000.0,0.0,
2025,064,3511,"Excédent de revenus viré à compte capital, écriture de bouclement du fonds de la dîme de l'alcool (N° 3015)",399400.0,399400.0,
2024,064,3511,Alimentation directe du Fonds pour le développement de la prévention et de la promotion de la santé (N° 3005). Suspension ponctuelle en 2024 de la dotation au fonds selon la décision du CE du 14.08.2023,0.0,550000.0,
2024,064,3511,"Excédent de revenus viré à compte capital, écriture de bouclement du fonds de la dîme de l'alcool (N° 3015)",399400.0,399400.0,
2023,064,3511,Alimentation directe du Fonds pour le développement de la prévention et de la promotion de la santé (N° 3005).,550000.0,550000.0,
2023,064,3511,"Excédent de revenus viré à compte capital, écriture de bouclement du fonds de la dîme de l'alcool (N° 3015)",399400.0,399400.0,
2022,064,3511,Alimentation directe du Fonds pour le développement de la prévention et de la promotion de la santé (N° 3005).,550000.0,550000.0,
2022,064,3511,"Excédent de revenus viré à compte capital, écriture de bouclement du fonds de la dîme de l'alcool (N° 3015)",399400.0,399400.0,
2021,064,3511,Alimentation directe du Fonds pour le développement de la prévention et de la promotion de la santé (N° 3005).,550000.0,550000.0,
2021,064,3511,"Excédent de revenus viré à compte capital, écriture de bouclement du fonds de la dîme de l'alcool (N° 3015)",399400.0,399400.0,
2020,064,3511,Alimentation directe du Fonds pour le développement de la prévention et de la promotion de la santé (N° 3005).,550000.0,550000.0,
2020,064,3511,"Excédent de revenus viré à compte capital, écriture de bouclement du fonds de la dîme de l'alcool (N° 3015)",399400.0,399400.0,
2027,064,3630,Observatoire suisse de la santé,82900.0,82900.0,
2027,064,3630,Système d'information et d'intervention Accord de coopération concernant l'exploitation et l'utilisation du SII de la Confédération,45000.0,45000.0,
2026,064,3630,Observatoire suisse de la santé,82900.0,82900.0,
2026,064,3630,Système d'information et d'intervention Accord de coopération concernant l'exploitation et l'utilisation du SII de la Confédération,45000.0,45000.0,
2025,064,3630,Observatoire suisse de la santé,82900.0,82900.0,
2025,064,3630,Système d'information et d'intervention Accord de coopération concernant l'exploitation et l'utilisation du SII de la Confédération,45000.0,45000.0,
2024,064,3630,Observatoire suisse de la santé,82900.0,82900.0,
2024,064,3630,Système d'information et d'intervention Accord de coopération concernant l'exploitation et l'utilisation du SII de la Confédération,45000.0,50000.0,
2023,064,3630,Observatoire suisse de la santé,82900.0,82900.0,
2023,064,3630,"Organisation en cas de catastrophe (ORCA) Participation au financement des interventions, des exercices et du matériel en cas d'événements particuliers.",50000.0,50000.0,
2022,064,3630,Observatoire suisse de la santé,82900.0,82900.0,
2022,064,3630,"Organisation en cas de catastrophe (ORCA) Participation au financement des interventions, des exercices et du matériel en cas d'événements particuliers.",50000.0,50000.0,
2021,064,3630,Observatoire suisse de la santé,82900.0,82900.0,
2021,064,3630,"Organisation en cas de catastrophe (ORCA) Participation au financement des interventions, des exercices et du matériel en cas d'événements particuliers.",50000.0,50000.0,
2020,064,3630,Observatoire suisse de la santé,82900.0,82900.0,
2020,064,3630,"Organisation en cas de catastrophe (ORCA) Participation au financement des interventions, des exercices et du matériel en cas d'événements particuliers.",50000.0,0.0,
2020,064,3630,,,,Transfert de la rubrique 037.3630 selon la nouvelle structure comptable de la DGS
2026,064,3631,Association CARA Mise à disposition des prestataires de soins et de la population de Suisse occidentale d'une plateforme de cybersanté sécurisée.,2271500.0,4543000.0,
2026,064,3631,Diverses subventions,83200.0,148200.0,
2025,064,3631,Association CARA Mise à disposition des prestataires de soins et de la population de Suisse occidentale d'une plateforme de cybersanté sécurisée.,4543000.0,4543000.0,
2025,064,3631,Diverses subventions,148200.0,148200.0,
2024,064,3631,Association CARA Mise à disposition des prestataires de soins et de la population de Suisse occidentale d'une plateforme de cybersanté sécurisée. Adaptation du budget à la cotisation intercantonale pour le déploiement du dossier électronique du patient (DEP),4543000.0,3583000.0,
2024,064,3631,Diverses subventions Besoins supplémentaires en lien avec le maintien du dispositif Ebola,148200.0,118200.0,
2023,064,3631,Association CARA Mise à disposition des prestataires de soins et de la population de Suisse occidentale d'une plateforme de cybersanté sécurisée. Transferts techniques entre différentes rubriques du service publié 064 (neutralité financière),3583000.0,3133000.0,
2023,064,3631,Diverses subventions Transferts techniques depuis le service publié 037 (neutralité financière),118200.0,98200.0,
2022,064,3631,Association CARA Mise à disposition des prestataires de soins et de la population de Suisse occidentale d'une plateforme de cybersanté sécurisée. Besoins supplémentaires en lien avec l'ajustement de la participation cantonale.,3133000.0,2873000.0,
2022,064,3631,Diverses subventions,98200.0,98200.0,
2021,064,3631,Association CARA Mise à disposition des prestataires de soins et de la population de Suisse occidentale d'une plateforme de cybersanté sécurisée.,2873000.0,2873000.0,
2021,064,3631,Diverses subventions,98200.0,45000.0,
2024,064,3632,Chaîne des urgences Subventions aux services d'ambulances Besoins supplémentaires liés à la pérennisation de l’indexation des salaires 2023,3914900.0,3802700.0,
2024,064,3632,Organisation en cas de catastrophe (ORCA) Transfert de la subvention au Service de la Sécurité civile et militaire (SSCM) dans le cadre de la reprise partielle des activités d'ORCA San,0.0,683700.0,
2024,064,3632,"Infirmières scolaires de la Ville de Lausanne Besoins supplémentaires en lien avec le renfort des activités de santé scolaire, ainsi que la pérennisation de l’indexation des salaires 2023",2503800.0,2266700.0,
2024,064,3632,Projet santé bucco-dentaire,330000.0,330000.0,
2024,064,3632,Financement de projets ponctuels par les: - fonds de la dîme de l'alcool (N° 3015) - fonds pour la prévention et la lutte contre les addictions (N° 3016) - fonds pour le développement de la prévention et de la promotion de la santé (N° 3005),285000.0,285000.0,
2023,064,3632,Chaîne des urgences Subventions aux services d'ambulances,3802700.0,3802700.0,
2023,064,3632,Organisation en cas de catastrophe (ORCA) Besoins supplémentaires liés notamment au véhicule de soutien sanitaire (+0.09mio) et transferts techniques entre différentes rubriques du service publié 064 (neutralité financière) (+0.06mio),683700.0,533700.0,
2023,064,3632,Infirmières scolaires de la Ville de Lausanne,2266700.0,2266700.0,
2023,064,3632,Projet santé bucco-dentaire Transferts techniques entre différentes rubriques du service publié 064 (neutralité financière),330000.0,0.0,
2023,064,3632,Financement de projets ponctuels par les: - fonds de la dîme de l'alcool (N° 3015) - fonds pour la prévention et la lutte contre les addictions (N° 3016) - fonds pour le développement de la prévention et de la promotion de la santé (N° 3005),285000.0,285000.0,
2021,064,3632,Chaîne des urgences Subventions aux services d'ambulances,3700000.0,3700000.0,
2021,064,3632,Organisation en cas de catastrophe (ORCA) Réallocations et transferts techniques entre différentes rubriques du service publié 064 (neutralité financière),533700.0,443700.0,
2021,064,3632,Infirmières scolaires de la Ville de Lausanne,2266700.0,2266700.0,
2021,064,3632,Financement de projets ponctuels par les: - fonds de la dîme de l'alcool (N° 3015) - fonds pour la prévention et la lutte contre les addictions (N° 3016) - fonds pour le développement de la prévention et de la promotion de la santé (N° 3005),285000.0,270000.0,
2022,064,4612,,,,Participation à la cohésion sociale par les communes pour la consultation en santé sexuelle et reproductive
2027,065,3010,Salaires du personnel fixe (hors CSIR).,31207000.0,28334100.0,
2027,065,3010,Salaire du personnel fixe du CSIR.,9578300.0,9952200.0,
2026,065,3010,Salaires du personnel fixe (hors CSIR).,28334100.0,26499500.0,
2026,065,3010,Salaire du personnel fixe du CSIR.,9952200.0,9633700.0,
2025,065,3010,Salaires du personnel fixe (hors CSIR).,26499500.0,26303000.0,
2025,065,3010,Salaire du personnel fixe du CSIR.,9633700.0,8866900.0,
2024,065,3010,Salaires du personnel fixe (hors CSIR).,26303000.0,23886700.0,
2024,065,3010,Salaire du personnel fixe du CSIR.,8866900.0,7578900.0,
2023,065,3010,Salaires du personnel fixe (hors CSIR).,23886700.0,23077600.0,
2023,065,3010,Personnel fixe du CSIR.,7578900.0,6717800.0,
2022,065,3010,Salaires du personnel fixe (hors CSIR).,23077600.0,20786300.0,
2022,065,3010,Personnel fixe du CSIR.,6717800.0,6666700.0,
2022,065,3010,,,,Pérennisation de postes auxiliaires et création de 11.8 postes nouveaux. Certains postes sont liés aux recommandations de la Commission de gestion ou consécutifs à des obligations nouvelles telles que l'Ordonnance sur l'aide au recouvrement (OAiR)
2021,065,3010,"Salaires du personnel fixe (hors OCBE, CSIR)",19212900.0,17379600.0,
2021,065,3010,Personnel fixe de l'OCBE.,1573400.0,1050600.0,
2021,065,3010,subvention du Secrétariat d'Etat aux migrations (066.4630),6666700.0,4900900.0,
2021,065,3010,,,,"Le budget prévoit 19.8 ETP octroyés le 11 mars 2020 par le Conseil d'Etat, dont 16.3 ETP pour le CSIR et 3.5 ETP de fonctions transverses pour la DGCS et l'OCBE. Personnel fixe du CSIR. Les charges de personnel du CSIR sont entièrement financées par la"
2020,065,3010,déterminée),17379600.0,16127200.0,
2020,065,3010,Personnel fixe de l'OCBE.,1050600.0,1060200.0,
2020,065,3010,entièrement compensées par le financement fédéral (066.4630),4900900.0,1950900.0,
2020,065,3010,,,,"Salaires du personnel fixe (hors OCBE, CSIR). Pérennisation de 7.1 EPT (contrats à durée Personnel fixe du CSIR. En 2020, le budget du CSIR intègre les charges réelles qui sont"
2026,065,3030,,,,Salaires du personnel auxiliaire (hors CSIR).
2025,065,3030,,,,Salaires du personnel auxiliaire (hors CSIR).
2024,065,3030,Salaires du personnel auxiliaire (hors CSIR).,2566300.0,3268700.0,
2024,065,3030,Salaires du personnel auxiliaire du CSIR.,0.0,418400.0,
2023,065,3030,Salaires du personnel auxiliaire (hors CSIR).,3268700.0,3268700.0,
2023,065,3030,Salaires du personnel auxiliaire du CSIR.,418400.0,501100.0,
2022,065,3030,Salaires du personnel auxiliaire (hors CSIR).,3268700.0,3196800.0,
2022,065,3030,Salaires du personnel auxiliaire du CSIR.,501100.0,501100.0,
2021,065,3030,"Salaires du personnel auxiliaire (hors OCBE, CSIR).",2807200.0,3125100.0,
2021,065,3030,Salaires du personnel auxiliaire OCBE.,501100.0,428200.0,
2021,065,3030,Salaires du personnel auxiliaire du CSIR.,389600.0,1938000.0,
2020,065,3030,"Salaires du personnel auxiliaire (hors OCBE, CSIR).",3125100.0,2728200.0,
2020,065,3030,Salaires du personnel auxiliaire OCBE.,428200.0,283600.0,
2020,065,3030,Salaires du personnel auxiliaire du CSIR.,1938000.0,181100.0,
2021,065,3102,Imprimés et publications hors OVAM,19000.0,19000.0,
2021,065,3102,Informations ciblées OVAM.,54100.0,54100.0,
2020,065,3102,Imprimés et publications hors OVAM,19000.0,11000.0,
2020,065,3102,Informations ciblées OVAM.,54100.0,54100.0,
2027,065,3110,,,,Équipement mobilier. Entretien et renouvellement des postes de travail.
2026,065,3110,,,,Équipement mobilier. Entretien et renouvellement des postes de travail.
2025,065,3110,,,,Équipement mobilier. Entretien et renouvellement des postes de travail.
2023,065,3110,,,,Équipement mobilier. Entretien et renouvellement des postes de travail.
2022,065,3110,,,,Équipement mobilier. Entretien et renouvellement des postes de travail et aménagements de la réception BAP 2022.
2027,065,3130,,,,"Frais de téléphone, cotisations à des institutions, indemnités des commissions extraparlementaires et frais de transports effectués par des tiers."
2026,065,3130,,,,"Frais de téléphone, cotisations à des institutions, indemnités des commissions extraparlementaires et frais de transports effectués par des tiers."
2025,065,3130,,,,"Frais de téléphone, cotisations à des institutions, indemnités des commissions extraparlementaires et frais de transports effectués par des tiers."
2023,065,3130,,,,"Frais de port, de téléphone, cotisations à des institutions, indemnités des commissions extraparlementaires et frais de transports effectués par des tiers."
2022,065,3130,,,,"Frais de port, de téléphone, cotisations à des institutions, indemnités des commissions extraparlementaires et frais de transports effectués par des tiers."
2027,065,3132,,,,"Mandats d'appui à la DGCS,"
2026,065,3132,,,,"Mandats d'appui à la DGCS,"
2025,065,3132,,,,"Mandats d'appui à la DGCS,"
2022,065,3132,,,,Mandat d'appui à la DGCS.
2027,065,3160,,,,"Loyers des succursales du Centre social d'intégration des réfugiés (CSIR) à Montreux et Yverdon. Depuis 2023, l'Office vaudois de l'assurance maladie (OVAM) est situé dans les locaux du Bâtiment administratif de la Pontaise."
2026,065,3160,,,,"Loyers des succursales du Centre social d'intégration des réfugiés (CSIR) à Montreux et Yverdon. Depuis 2023, l'Office vaudois de l'assurance maladie (OVAM) est situé dans les locaux du Bâtiment administratif de la Pontaise."
2022,065,3160,,,,Loyers de l'Office vaudois de l'assurance maladie (OVAM) à Lausanne et du Centre social d'intégration des réfugiés (CSIR) à Montreux.
2021,065,3161,,,,Frais de locations des imprimantes.
2020,065,3161,,,,Frais de locations des imprimantes.
2027,065,3169,,,,Abonnement Swisslex
2026,065,3169,,,,Abonnement Swisslex
2026,065,3637,,,,Fonds de lutte contre la précarité (Fonds 3031) : montant des prêts accordés aux personnes surendettées suivies par un organisme spécialisé.
2022,065,3637,,,,Fonds de lutte contre la précarité (Fonds 3037) : montant des prêts accordés aux bénéficiaires du Revenu d'insertion (RI) endettés.
2026,065,4612,,,,Participation à la cohésion sociale sur les frais de fonctionnement du Centre social d'intégration des réfugiés (CSIR) et sur l'information ciblée aux bénéficiaires de subsides LAMal
2022,065,4612,,,,Participation à la cohésion sociale sur les frais de fonctionnement du Centre social d'intégration des réfugiés (CSIR) et sur l'information ciblée aux bénéficiaires de subsides LAMal
2026,065,4637,,,,Fonds de lutte contre la précarité (Fonds 3031) : montant des prêts accordés aux personnes surendettées suivies par un organisme spécialisé
2027,066,3130,,,,"Frais de contentieux et de poursuites et frais de traduction pour les Bourses d'études, le RI et le BRAPA"
2025,066,3130,,,,"Frais de contentieux et de poursuites et frais de traduction pour les Bourses d'études, le RI et le BRAPA"
2024,066,3130,,,,"Frais de contentieux et de poursuites et frais de traduction pour les Bourses d'études, le RI et le BRAPA"
2023,066,3130,,,,"Frais de contentieux et de poursuites et frais de traduction pour les bourses, le RI et le BRAPA"
2027,066,3181,,,,"Amortissement de créances sur les Bourses, le RI, le BRAPA et les Prestations complémentaires pour familles"
2025,066,3181,,,,"Amortissement de créances sur les Bourses, le RI, le BRAPA et les Prestations complémentaires pour familles"
2024,066,3181,,,,"Amortissement de créances sur les Bourses, le RI, le BRAPA et les Prestations complémentaires pour familles"
2023,066,3181,,,,"Amortissement de créances sur les bourses, le RI et le BRAPA. Réévaluation pour 2023 des pertes sur créances du BRAPA."
2022,066,3181,,,,"Amortissement de créances sur les bourses, le RI et le BRAPA. Réévaluation pour 2022 des pertes sur créances du RI."
2027,066,3610,,,,Participation au régime fédéral des allocations familiales dans l'agriculture (LFA)
2025,066,3610,,,,Participation au régime fédéral des allocations familiales dans l'agriculture (LFA)
2024,066,3610,,,,Participation au régime fédéral des allocations familiales dans l'agriculture (LFA)
2023,066,3610,,,,Participation au régime fédéral des allocations familiales dans l'agriculture (LFA)
2022,066,3610,,,,Participation au régime fédéral des allocations familiales dans l'agriculture (LFA)
2021,066,3610,,,,Participation cantonale aux allocations familiales dans l'agriculture (LFA)
2020,066,3610,,,,Participation cantonale aux allocations familiales dans l'agriculture (LFA)
2027,066,3612,"Frais de fonctionnement des Centres sociaux régionaux (CSR) et des unités communes CSR-ORP. Depuis 2022, le financement est entièrement à charge du Canton.",93983300.0,90721600.0,
2027,066,3612,"Frais de fonctionnement des Agences d'assurances sociales (AAS). Depuis 2022, ces frais sont à charge du Canton.",18241200.0,17940000.0,
2025,066,3612,"Frais de fonctionnement des Centres sociaux régionaux (CSR) et des unités communes CSR-ORP. Depuis 2022, le financement est entièrement à charge du Canton.",88116200.0,87883100.0,
2025,066,3612,Convention de délégation à la Ville de Lausanne pour les tâches de contentieux (hors participation à la cohésion sociale).,0.0,100000.0,
2025,066,3612,"Frais de fonctionnement des Agences d'assurances sociales (AAS). Depuis 2022, ces frais sont à charge du Canton.",17365800.0,16414300.0,
2024,066,3612,"Frais de fonctionnement des Centres sociaux régionaux (CSR) et des unités communes CSR-ORP. Depuis 2022, le financement est entièrement à charge du Canton.",87883100.0,89012000.0,
2024,066,3612,Convention de délégation à la Ville de Lausanne pour les tâches de contentieux (hors participation à la cohésion sociale).,100000.0,100000.0,
2024,066,3612,"Frais de fonctionnement des Agences d'assurances sociales (AAS). Depuis 2022, ces frais sont à charge du Canton.",16414300.0,16732600.0,
2023,066,3612,"Frais de fonctionnement des Centres sociaux régionaux (CSR) et des unités communes CSR-ORP. Depuis 2022, le financement est entièrement à charge du Canton.",89012000.0,90100400.0,
2023,066,3612,Convention de délégation à la Ville de Lausanne pour les tâches de contentieux (hors participation à la cohésion sociale). Rapatriement d'une partie des actvités à la DGCS en 2023.,100000.0,390000.0,
2023,066,3612,"Frais de fonctionnement des Agences d'assurances sociales (AAS). Dès 2022, ces frais sont à charge du Canton.",16732600.0,16407000.0,
2022,066,3612,"Frais de fonctionnement des Centres sociaux régionaux (CSR) et des unités communes CSR-ORP. Dès 2022, le financement est entièrement à charge du Canton.",90100400.0,87987000.0,
2022,066,3612,Convention de délégation à la Ville de Lausanne pour les tâches de contentieux (hors participation à la cohésion sociale),390000.0,700000.0,
2022,066,3612,"Frais de fonctionnement des Agences d'assurances sociales (AAS). Dès 2022, ces frais sont à charge du Canton.",16407000.0,0.0,
2021,066,3612,Subventions pour les frais de fonctionnement des CSR et des unités communes CSR-ORP,87987000.0,86141500.0,
2021,066,3612,Convention de délégation à la Ville de Lausanne pour les tâches de contentieux. Part non soumise à la facture sociale (tâche cantonale déléguée).,700000.0,829000.0,
2020,066,3612,"Subventions pour les frais de fonctionnement des CSR. En 2020, le budget inclut le financement des unités communes ORP-CSR, entièrement compensé par la diminution du revenu d'insertion.",86141500.0,82054600.0,
2020,066,3612,Convention de délégation à la Ville de Lausanne pour les tâches de contentieux. Part non soumise à la facture sociale (tâche cantonale déléguée).,829000.0,500000.0,
2027,066,3634,Frais de gérance de l'Office vaudois d'assurance maladie (OVAM) et antennes subsides de Lausanne et Yverdon.,1532300.0,1532300.0,
2027,066,3634,Frais de gérance pour les PC AVS/AI par la Caisse cantonale vaudoise de compensation (CCVD).,17320700.0,16256300.0,
2027,066,3634,Frais de gérance pour l'Allocation maternité cantonale par la CCVD,817700.0,743100.0,
2027,066,3634,Frais de gérance pour les Allocations familiales des personnes sans activité lucrative (PSA) par la CCVD,1827400.0,1821400.0,
2027,066,3634,Frais de gérance pour l'Allocation en faveur des familles s'occupant d'un mineur handicapé à domicile (AMINH) par l'Office AI (OAI),260000.0,260000.0,
2027,066,3634,Frais de gérance pour les PC Familles et la Rente-Pont par la Caisse cantonale vaudoise de compensation (CCVD) et les centres régionaux de décisions (CRD) et frais informatiques.,7247300.0,6842400.0,
2027,066,3634,Frais de gérance pour les Prestations transitoires pour les chômeurs âgés (Ptra) par la CCVD,115600.0,57700.0,
2027,066,3634,Charte sociale agricole (LCSA) & mesures sociales ou d'entraide,2700000.0,2500000.0,
2027,066,3634,Complément cantonal à la Loi fédérale sur les allocations familiales dans l'agriculture (LFA),1150000.0,1150000.0,
2025,066,3634,Frais de gérance de l'Office vaudois d'assurance maladie (OVAM) et antennes subsides de Lausanne et Yverdon.,1500000.0,1520000.0,
2025,066,3634,Frais de gérance pour les PC AVS/AI par la Caisse cantonale vaudoise de compensation (CCVD).,15195200.0,14451600.0,
2025,066,3634,Frais de gérance pour l'Allocation maternité cantonale par la CCVD,759000.0,831200.0,
2025,066,3634,Frais de gérance pour les Allocations familiales des personnes sans activité lucrative (PSA) par la CCVD,1297300.0,1222800.0,
2025,066,3634,Frais de gérance pour l'Allocation en faveur des familles s'occupant d'un mineur handicapé à domicile (AMINH) par l'Office AI (OAI),230000.0,290000.0,
2025,066,3634,Frais de gérance pour les PC Familles et la Rente-Pont par la Caisse cantonale vaudoise de compensation (CCVD) et les centres régionaux de décisions (CRD) et frais informatiques.,6847600.0,7004900.0,
2025,066,3634,Frais de gérance pour les Prestations transitoires pour les chômeurs âgés (Ptra) par la CCVD,45600.0,130300.0,
2025,066,3634,Charte sociale agricole (LCSA) et complément cantonal à la Loi fédérale sur les allocations familiales dans l'agriculture (LFA),3650000.0,3650000.0,
2024,066,3634,Frais de gérance de l'Office vaudois d'assurance maladie (OVAM) et antennes subsides de Lausanne et Yverdon.,1520000.0,1520000.0,
2024,066,3634,Frais de gérance pour les PC AVS/AI par la Caisse cantonale vaudoise de compensation (CCVD).,14451600.0,12928000.0,
2024,066,3634,Frais de gérance pour l'Allocation maternité cantonale par la CCVD,831200.0,777000.0,
2024,066,3634,Frais de gérance pour les Allocations familiales des personnes sans activité lucrative (PSA) par la CCVD,1222800.0,1246000.0,
2024,066,3634,Frais de gérance pour l'Allocation en faveur des familles s'occupant d'un mineur handicapé à domicile (AMINH) par l'Office AI (OAI),290000.0,290000.0,
2024,066,3634,Frais de gérance pour les PC Familles et la Rente-Pont par la Caisse cantonale vaudoise de compensation (CCVD) et les centres régionaux de décisions (CRD) et frais informatiques.,7004900.0,7010000.0,
2024,066,3634,Frais de gérance pour les Prestations transitoires pour les chômeurs âgés (Ptra) par la CCVD,130300.0,0.0,
2024,066,3634,Charte sociale agricole (LCSA) et complément cantonal à la Loi fédérale sur les allocations familiales dans l'agriculture (LFA),3650000.0,3650000.0,
2023,066,3634,Frais de gérance de l'Office vaudois d'assurance maladie (OVAM) et antennes subsides de Lausanne et Yverdon.,1520000.0,1520000.0,
2023,066,3634,Frais de gérance pour les PC AVS/AI par la Caisse cantonale vaudoise de compensation (CCVD).,12928000.0,13243000.0,
2023,066,3634,Subvention Association vaudoise des agents d'assurances sociales (AVDAAS),0.0,20000.0,
2023,066,3634,Frais de gérance pour l'Allocation maternité cantonale par la CCVD,777000.0,783000.0,
2023,066,3634,Frais de gérance pour les Allocations familiales des personnes sans activité lucrative (PSA) par la CCVD,1246000.0,1215000.0,
2023,066,3634,Frais de gérance pour l'Allocation en faveur des familles s'occupant d'un mineur handicapé à domicile (AMINH) par l'Office AI (OAI),290000.0,290000.0,
2023,066,3634,Frais de gérance pour les PC Familles et la Rente-Pont par la Caisse cantonale vaudoise de compensation (CCVD) et les centres régionaux de décisions (CRD) et frais informatiques.,7010000.0,6800000.0,
2023,066,3634,Charte sociale agricole (LCSA) et complément cantonal à la Loi fédérale sur les allocations familiales dans l'agriculture (LFA),3650000.0,3650000.0,
2022,066,3634,Frais de gérance de l'Office vaudois d'assurance maladie (OVAM) et antennes subsides de Lausanne et Yverdon.,1520000.0,1511300.0,
2022,066,3634,Frais de gérance pour les PC AVS/AI par la Caisse cantonale vaudoise de compensation (CCVD).,13243000.0,13198000.0,
2022,066,3634,Subvention Association vaudoise des agents d'assurances sociales (AVDAAS),20000.0,20200.0,
2022,066,3634,Frais de gérance pour l'Allocation maternité cantonale par la CCVD,783000.0,690000.0,
2022,066,3634,Frais de gérance pour les Allocations familiales des personnes sans activité lucrative (PSA) par la CCVD,1215000.0,1226000.0,
2022,066,3634,Frais de gérance pour l'Allocation en faveur des familles s'occupant d'un mineur handicapé à domicile (AMINH) par l'Office AI (OAI),290000.0,220000.0,
2022,066,3634,Frais de gérance pour les PC Familles et la Rente-Pont par la Caisse cantonale vaudoise de compensation (CCVD) et les centres régionaux de décisions (CRD) et frais informatiques.,6800000.0,6800000.0,
2022,066,3634,Charte sociale agricole (LCSA) et complément cantonal à la Loi fédérale sur les allocations familiales dans l'agriculture (LFA),3650000.0,3650000.0,
2021,066,3634,Frais de gérance de l'Office vaudois d'assurance maladie (OVAM) et antennes subsides de Lausanne et Yverdon.,1511300.0,1511300.0,
2021,066,3634,Frais de gérance pour les PC AVS/AI par la Caisse cantonale vaudoise de compensation (CCVD). Augmentation liée à la mise en œuvre de la loi fédérale sur les prestations complémentaires en 2021.,13198000.0,10190000.0,
2021,066,3634,Subvention Association vaudoise des agents d'assurances sociales (AVDAAS),20200.0,20200.0,
2021,066,3634,Frais de gérance pour l'Allocation maternité cantonale par la CCVD,690000.0,1180000.0,
2021,066,3634,Frais de gérance pour les Allocations familiales des personnes sans activité lucrative (PSA) par la CCVD,1226000.0,1207000.0,
2021,066,3634,Frais de gérance pour l'Allocation en faveur des familles s'occupant d'un mineur handicapé à domicile (AMINH) par l'Office AI (OAI),220000.0,179300.0,
2021,066,3634,Frais de gérance pour les PC Familles et la Rente-Pont par la Caisse cantonale vaudoise de compensation (CCVD) et les centres régionaux de décisions (CRD) et frais informatiques.,6800000.0,6500000.0,
2021,066,3634,Charte sociale agricole (LCSA) et complément cantonal à la Loi fédérale sur les allocations familiales dans l'agriculture (LFA),3650000.0,3000000.0,
2020,066,3634,Lausanne et Yverdon.,1511300.0,71300.0,
2020,066,3634,Frais de gérance pour les PC AVS/AI,10190000.0,9816000.0,
2020,066,3634,Subvention Association vaudois des agents d'assurances sociales (AVDAAS),20200.0,20200.0,
2020,066,3634,Frais de gérance Allocation maternité,1180000.0,1226000.0,
2020,066,3634,Frais de gérance Allocations familiales personnes sans activité lucrative (PSA),1207000.0,1168000.0,
2020,066,3634,domicile (AMINH),179300.0,179300.0,
2020,066,3634,frais informatiques.,6500000.0,6000000.0,
2020,066,3634,Charte sociale agricole et complément cantonal à la LFA (CCVD),3000000.0,2500000.0,
2020,066,3634,,,,"Frais de gérance de l'Office vaudois d'assurance maladie (OVAM) et antennes subsides de Frais de gérance Allocation en faveur des familles s'occupant d'un mineur handicapé à Frais de gérance PC Familles et Rente-Pont Caisse cantonale vaudoise de compensation (CCVD), Centres régionaux de décisions (CRD) et"
2021,066,3635,Subventions aux ateliers à vocation productive (transfert au compte 066.3636),0.0,18655600.0,
2021,066,3635,Subvention de la Fondation vaudoise de probation (FVP) (Transfert au compte 066.3636).,0.0,691600.0,
2021,066,3635,subventions du Maintien Social),0.0,202000.0,
2021,066,3635,,,,Subventions aux organismes Arcade et Quart-Monde (Transfert au compte 066.3636 dans les
2020,066,3635,Subventions aux ateliers à vocation productive (transfert de CHF 4'286'400.- du 067.3637),18655600.0,14100000.0,
2020,066,3635,Subvention de la Fondation vaudoise de probation (FVP).,691600.0,691600.0,
2020,066,3635,Subventions aux organismes Arcade et Quart-Monde,202000.0,202000.0,
2022,066,3636,Intégration sociale des personnes âgées ou en situation de handicap à domicile.,9760500.0,9184500.0,
2022,066,3636,"Soutien aux proches aidants, de relève à domicile et groupes d'entraide",6073400.0,5907800.0,
2022,066,3636,Transports des personnes à mobilité réduite,4551200.0,4128700.0,
2022,066,3636,Conseil social aux personnes handicapées,2326200.0,2217000.0,
2022,066,3636,Promotion du bénévolat,2293700.0,2296400.0,
2022,066,3636,Gestion de budget spécialisé,2151200.0,1888400.0,
2022,066,3636,Politique du logement,4942000.0,4224800.0,
2022,066,3636,Politique de la famille,1781200.0,1731800.0,
2022,066,3636,Subsidiarité et maintien du lien social,2114900.0,2065100.0,
2022,066,3636,Subsidiarité RI et défenses des droits,2124100.0,1843200.0,
2022,066,3636,Informations et orientations,850400.0,467300.0,
2022,066,3636,Violence,4379500.0,4054900.0,
2022,066,3636,Handicap,865900.0,827900.0,
2022,066,3636,ateliers en 2022.,21360000.0,18866800.0,
2022,066,3636,Subvention de la Fondation vaudoise de probation (FVP),665100.0,601700.0,
2022,066,3636,compte 3612.,650000.0,0.0,
2022,066,3636,Médecin conseil du Revenu d'insertion. Transfert du compte 3612.,372000.0,0.0,
2022,066,3636,,,,SUBVENTIONS AUX ORGANISMES EN MILIEU OUVERT AUTRES SUBVENTIONS Subventions aux ateliers à vocation productive. Augmentation du nombre de places dans deux Prévention du surendettement : subventions à des programmes de prévention. Transfert du
2021,066,3636,Fondation La Solution à la DGS (subvention OSAD),9184500.0,10064500.0,
2021,066,3636,"Soutien aux proches aidants, de relève à domicile et groupes d'entraide",5907800.0,5669000.0,
2021,066,3636,Transports des personnes à mobilité réduite,4128700.0,4005800.0,
2021,066,3636,Conseil social aux personnes handicapées,2217000.0,2149300.0,
2021,066,3636,Promotion du bénévolat,2296400.0,2133000.0,
2021,066,3636,Gestion de budget spécialisé,1888400.0,1883200.0,
2021,066,3636,Politique du logement,4224800.0,3463800.0,
2021,066,3636,Politique de la famille,1731800.0,1684800.0,
2021,066,3636,(transfert de CHF 1'830'700 du SG-DSAS),2065100.0,79400.0,
2021,066,3636,Subsidiarité RI,1843200.0,1703400.0,
2021,066,3636,Informations et orientations,467300.0,467300.0,
2021,066,3636,Violence,4054900.0,3659000.0,
2021,066,3636,Handicap,827900.0,809400.0,
2021,066,3636,Subventions aux ateliers à vocation productive (Transfert du compte 066.3635),18866800.0,0.0,
2021,066,3636,Subvention de la Fondation vaudoise de probation (FVP) (Transfert du compte 066.3635).,601700.0,0.0,
2021,066,3636,,,,SUBVENTIONS AUX ORGANISMES EN MILIEU OUVERT Intégration sociale des personnes âgées ou en situation de handicap à domicile : transfert de CHF 1'100'000.- de la subvention pour des prestations sociales délivrées par la Subsidiarité et maintien du lien social : transfert du 066.3635 des Subventions aux organismes Arcade et Quart-Monde et reprise en 2021 de la subvention à Appartenances
2020,066,3636,Intégration sociale des personnes âgées ou en situation de handicap à domicile,10064500.0,8381800.0,
2020,066,3636,"Soutien aux proches aidants, de relève à domicile et groupes d'entraide",5669000.0,5380100.0,
2020,066,3636,Transports des personnes à mobilité réduite,4005800.0,2820200.0,
2020,066,3636,Conseil social aux personnes handicapées,2149300.0,2138000.0,
2020,066,3636,Promotion du bénévolat,2133000.0,2027500.0,
2020,066,3636,Gestion de budget spécialisé,1883200.0,1786100.0,
2020,066,3636,Politique du logement,3463800.0,3402600.0,
2020,066,3636,Politique de la famille,1684800.0,1616100.0,
2020,066,3636,Subsidiarité et maintien du lien social,79400.0,73400.0,
2020,066,3636,Subsidiarité RI,1703400.0,1664200.0,
2020,066,3636,Informations et orientations,467300.0,463400.0,
2020,066,3636,Violence,3659000.0,3429300.0,
2020,066,3636,Handicap,809400.0,809400.0,
2020,066,3636,,,,"SUBVENTIONS AUX ORGANISMES EN MILIEU OUVERT Reprise en 2020 de la participation des communes pour les prestations de l'AVASAD (Proches-aidants, TMR, biotélévigilance : CHF 2'556'000.-)"
2021,067,3634,,,,Frais de gérance Centrale d'encaissement des établissements sanitaires vaudois (CEESV)
2020,067,3634,,,,Frais de gérance Centrale d'encaissement des établissements sanitaires vaudois (CEESV)
2021,067,3635,Subventions ateliers Handicap,0.0,36132500.0,
2021,067,3635,Subventions ateliers Psychiatrie adulte et addictions,0.0,10940200.0,
2021,067,3635,Subventions Lutte contre la violence,0.0,795800.0,
2021,067,3635,,,,Transferts des subventions aux ateliers et centres de jours des établissements socio-éducatifs (ESE) dans le 067.3636
2020,067,3635,Subventions ateliers Handicap,36132500.0,43094300.0,
2020,067,3635,Subventions ateliers Psychiatrie adulte et addictions,10940200.0,2444800.0,
2020,067,3635,Subventions Lutte contre la violence,795800.0,687700.0,
2027,067,3636,Subventions aux investissements des établissements médico-sociaux (EMS),32922900.0,27085000.0,
2027,067,3636,Subventions aux investissements des établissements psycho-sociaux médicalisés (EPSM),6115100.0,6266200.0,
2027,067,3636,Subventions ateliers et centres de jour Psychiatrie adulte et addictions,18273000.0,16493000.0,
2027,067,3636,Subventions ateliers et centres de jour Handicap,41713700.0,41531400.0,
2027,067,3636,Subventions ex-OFAS (Plein Soleil et Soleil Levant),8059900.0,8027900.0,
2027,067,3636,(CEESV),158000.0,268000.0,
2027,067,3636,Formation infirmières praticiennes spécialisées (IPS) en EMS,401100.0,399500.0,
2027,067,3636,difficulté (AVOP),500000.0,0.0,
2027,067,3636,,,,CONSTRUCTIONS Service de la dette et redevances immobilières pour les établissements médico-sociaux. ATELIERS NON PRODUCTIFS ET ACCUEIL DE JOUR AUTRES SUBVENTIONS Subvention de la Centrale d'encaissements des établissements sanitaires vaudois Subvention de l'Association vaudoise des organisations privées pour personnes en
2026,067,3636,Subventions aux investissements des établissements médico-sociaux (EMS),27085000.0,25641800.0,
2026,067,3636,Subventions aux investissements des établissements psycho-sociaux médicalisés (EPSM),6266200.0,6456500.0,
2026,067,3636,Subventions ateliers et centres de jour Psychiatrie adulte et addictions,16493000.0,14375000.0,
2026,067,3636,Subventions ateliers et centres de jour Handicap,41531400.0,41812300.0,
2026,067,3636,(Transfert sur la rubrique 066/3637 - Aides individuelles LAVI),0.0,1840500.0,
2026,067,3636,Subventions ex-OFAS (Plein Soleil et Soleil Levant),8027900.0,7711600.0,
2026,067,3636,(CEESV),268000.0,120000.0,
2026,067,3636,Formation infirmières praticiennes spécialisées (IPS) en EMS,399500.0,622000.0,
2026,067,3636,,,,CONSTRUCTIONS Service de la dette et redevances immobilières pour les établissements médico-sociaux. ATELIERS NON PRODUCTIFS ET ACCUEIL DE JOUR Subventions consultation Malley-Prairie AUTRES SUBVENTIONS Subvention de la Centrale d'encaissements des établissements sanitaires vaudois
2025,067,3636,Subventions aux investissements des établissements médico-sociaux (EMS),25641800.0,26380000.0,
2025,067,3636,Subventions aux investissements des établissements psycho-sociaux médicalisés (EPSM),6456500.0,5600000.0,
2025,067,3636,Subventions ateliers et centres de jour Psychiatrie adulte et addictions,14375000.0,13324000.0,
2025,067,3636,Subventions ateliers et centres de jour Handicap,41812300.0,40842800.0,
2025,067,3636,Subventions consultation Malley-Prairie,1840500.0,1642800.0,
2025,067,3636,Subventions ex-OFAS (Plein Soleil et Soleil Levant),7711600.0,7496000.0,
2025,067,3636,(CEESV),120000.0,350000.0,
2025,067,3636,Formation infirmières praticiennes spécialisées (IPS) en EMS,622000.0,0.0,
2025,067,3636,,,,CONSTRUCTIONS Service de la dette et redevances immobilières pour les établissements médico-sociaux. ATELIERS NON PRODUCTIFS ET ACCUEIL DE JOUR AUTRES SUBVENTIONS Subvention de la Centrale d'encaissements des établissements sanitaires vaudois
2024,067,3636,Subventions aux investissements des établissements médico-sociaux (EMS),26380000.0,21350000.0,
2024,067,3636,Subventions aux investissements des établissements psycho-sociaux médicalisés (EPSM),5600000.0,5943000.0,
2024,067,3636,Subventions ateliers et centres de jour Psychiatrie adulte et addictions,13324000.0,12643000.0,
2024,067,3636,Subventions ateliers et centres de jour Handicap,40842800.0,39977400.0,
2024,067,3636,Subventions consultation Malley-Prairie,1642800.0,1465700.0,
2024,067,3636,Subventions ex-OFAS (Plein Soleil et Soleil Levant),7496000.0,7480000.0,
2024,067,3636,(CEESV),350000.0,350000.0,
2024,067,3636,,,,CONSTRUCTIONS Service de la dette et redevances immobilières pour les établissements médico-sociaux. ATELIERS NON PRODUCTIFS ET ACCUEIL DE JOUR AUTRES SUBVENTIONS Subvention de la Centrale d'encaissements des établissements sanitaires vaudois
2023,067,3636,Subventions aux investissements des établissements médico-sociaux (EMS),21350000.0,22940000.0,
2023,067,3636,Subventions aux investissements des établissements psycho-sociaux médicalisés (EPSM),5943000.0,4880000.0,
2023,067,3636,Subventions ateliers et centres de jour Psychiatrie adulte et addictions,12643000.0,11949000.0,
2023,067,3636,Subventions ateliers et centres de jour Handicap,39977400.0,39998800.0,
2023,067,3636,Subventions consultation Malley-Prairie,1465700.0,1370000.0,
2023,067,3636,Subventions ex-OFAS (Plein Soleil et Soleil Levant),7480000.0,7510300.0,
2023,067,3636,(CEESV),350000.0,650000.0,
2023,067,3636,,,,CONSTRUCTIONS Service de la dette et redevances immobilières pour les établissements médico-sociaux. ATELIERS NON PRODUCTIFS ET ACCUEIL DE JOUR AUTRES SUBVENTIONS Subvention de la Centrale d'encaissements des établissements sanitaires vaudois
2022,067,3636,Subventions aux investissements des établissements médico-sociaux (EMS),22940000.0,20846300.0,
2022,067,3636,Subventions aux investissements des établissements psycho-sociaux médicalisés (EPSM),4880000.0,6123600.0,
2022,067,3636,Subventions ateliers et centres de jour Psychiatrie adulte et addictions,11949000.0,11207000.0,
2022,067,3636,Subventions ateliers et centres de jour Handicap,39998800.0,38633400.0,
2022,067,3636,Subventions consultation Malley-Prairie,1370000.0,800000.0,
2022,067,3636,Subventions ex-OFAS (Plein Soleil et Soleil Levant),7510300.0,7420000.0,
2022,067,3636,Transfert du compte 067.3634,650000.0,0.0,
2022,067,3636,,,,CONSTRUCTIONS Service de la dette et redevances immobilières pour les établissements médico-sociaux. ATELIERS NON PRODUCTIFS ET ACCUEIL DE JOUR SOINS HEBERGEMENT Subvention de la Centrale d'encaissements des établissements sanitaires vaudois (CEESV).
2021,067,3636,Subventions aux investissements établissements médico-sociaux (EMS),20846300.0,25499200.0,
2021,067,3636,Subventions aux investissements établissements psycho-sociaux médicalisés (EPSM),6123600.0,4753200.0,
2021,067,3636,Subventions ateliers psychiatrie adulte et addiction - transfert du 067.3635,11207000.0,0.0,
2021,067,3636,Subventions ateliers handicap - transfert du 067.3635,38633400.0,0.0,
2021,067,3636,Subventions lutte contre la violence - transfert du 067.3635,800000.0,0.0,
2021,067,3636,Subventions ex-OFAS (Plein Soleil et Soleil Levant),7420000.0,7355000.0,
2021,067,3636,,,,CONSTRUCTIONS Service de la dette et redevances immobilières pour les établissements médico-sociaux. Diminution en 2021 suite aux remboursements d'emprunts de plusieurs institutions. ATELIERS NON PRODUCTIFS ET ACCUEIL DE JOUR
2020,067,3636,Subventions aux investissements établissements médico-sociaux (EMS),25499200.0,25910000.0,
2020,067,3636,Subventions aux investissements établissements psycho-sociaux médicalisés (EPSM),4753200.0,7111100.0,
2020,067,3636,Subventions ex-OFAS (Plein Soleil et Soleil Levant),7355000.0,7156800.0,
2020,067,3637,Financement résiduel des soins Etablissements médico-sociaux (EMS),76955000.0,100123000.0,
2020,067,3637,Financement résiduel des soins Etablissements psychiatriques (EPS),7679000.0,10443000.0,
2020,067,3637,Financement résiduel des soins Centres d'accueil temporaire (CAT),3000000.0,2660000.0,
2020,067,3637,Financement résiduel des soins Hors-canton,750000.0,360000.0,
2020,067,3637,PC en homes (EMS).,157470000.0,154780000.0,
2020,067,3637,PC en homes (EPSM).,36621000.0,30920000.0,
2020,067,3637,PC en homes (ESE).,62520000.0,62900000.0,
2020,067,3637,Longs-séjours EMS,4720000.0,3485000.0,
2020,067,3637,Garanties particulières EMS,800000.0,700000.0,
2020,067,3637,Longs-séjours EPSM,13890000.0,12905200.0,
2020,067,3637,Garanties particulières EPSM,2600000.0,2000000.0,
2020,067,3637,Quotités disponibles épuisées,400000.0,400000.0,
2020,067,3637,de placement ESE et transfert de CHF 4'286'400.- sur les ateliers productifs (066.3635),0.0,169386700.0,
2020,067,3637,Frais de placement Handicap,148045300.0,0.0,
2020,067,3637,Frais de placements Addiction,16299000.0,0.0,
2020,067,3637,Frais de placement Grandes difficultés sociales.,2698200.0,0.0,
2020,067,3637,Frais de placement Lutte contre la violence,3142900.0,0.0,
2020,067,3637,Hébergement hors-canton.,0.0,74000.0,
2020,067,3637,Courts-séjours EMS,9600000.0,10120000.0,
2020,067,3637,Courts-séjours EPSM,1300000.0,1020000.0,
2020,067,3637,Aides à domicile EMS,500000.0,350000.0,
2020,067,3637,Aides à domicile EPSM,1300000.0,883000.0,
2020,067,3637,Aides à domicile AVASAD & relève professionnelle,3080000.0,2880000.0,
2020,067,3637,Centres d'accueil temporaire et ateliers psychiatrie adulte,16950000.0,15233000.0,
2020,067,3637,Mesures d'insertion professionnelle LAIH,780800.0,559900.0,
2020,067,3637,,,,SOINS HEBERGEMENT Augmentation de la participation des assurés au coût des soins en 2020 (art. 25a LAMal) Augmentation de la participation de l'assurance obligatoire des soins en 2020 (art. 7a OPAS) AIDES INDIVIDUELLES D'HEBERGEMENT Frais de placement établisements socio-éducatifs (ESE) : réallocation du budget des frais ACTIVITES DE JOUR ET ACCOMPAGNEMENT
2020,067,4637,Remboursements longs-séjours EMS,800000.0,907000.0,
2020,067,4637,Remboursements longs-séjours EPSM,1500000.0,1500000.0,
2020,067,4637,Remboursements courts-séjours EMS,20000.0,53000.0,
2020,067,4637,Remboursements aides à domicile EMS,40000.0,40000.0,
2020,067,4637,Remboursements frais de placements ESE,2000000.0,2000000.0,
2020,067,4637,Remboursements Financement résiduel,17300000.0,0.0,
2027,068,3030,,,,"Personnel de remplacement, personnel en formation et traitement des juges du Tribunal neutre."
2026,068,3030,,,,"Personnel de remplacement, personnel en formation et traitement des juges du Tribunal neutre."
2025,068,3030,,,,"Personnel de remplacement, personnel en formation et traitement des juges du Tribunal neutre."
2024,068,3030,,,,"Personnel de remplacement, personnel en formation et traitement des juges du Tribunal neutre."
2023,068,3030,,,,"Personnel de remplacement, personnel en formation et traitement des juges du Tribunal neutre."
2022,068,3030,,,,"Personnel de remplacement, personnel en formation et traitement des juges du Tribunal neutre."
2021,068,3030,,,,"Personnel de remplacement, personnel en formation et traitement des juges du Tribunal neutre."
2027,068,3102,,,,Votations fédérales et cantonales ainsi que les élections cantonales et fédérales 2027
2026,068,3102,,,,Votations fédérales et cantonales ainsi que les élections communales générales 2026
2025,068,3102,,,,Votations fédérales et cantonales.
2024,068,3102,,,,Votations fédérales et cantonales.
2023,068,3102,,,,Elections fédérales 2023 et votations (fédérales et cantonales).
2022,068,3102,,,,Elections cantonales 2022 et votations (fédérales et cantonales).
2021,068,3102,,,,Elections communales générales 2021 et votations (fédérales et cantonales).
2027,068,3130,Frais de justice dus au titre de l'assistance judiciaire,3500000.0,3500000.0,
2027,068,3130,Frais de poursuites des préfectures et de la Direction du recouvrement,2750000.0,2750000.0,
2027,068,3130,Frais de port (principalement pour la Direction des droits politiques),2510000.0,2398000.0,
2027,068,3130,"Indemnités aux membres de commissions (Chambre des notaires, commissions de conciliation en matière de baux à loyer, commission consultative en matière religieuse).",370000.0,370000.0,
2027,068,3130,Frais de représentation et d'organisation de congrès,155000.0,174000.0,
2027,068,3130,Divers,59800.0,82000.0,
2026,068,3130,Frais de justice dus au titre de l'assistance judiciaire,3500000.0,3500000.0,
2026,068,3130,Frais de poursuites des préfectures et de la Direction du recouvrement,2750000.0,2750000.0,
2026,068,3130,Frais de port (principalement pour la Direction des droits politiques),2398000.0,2262500.0,
2026,068,3130,"Indemnités aux membres de commissions (Chambre des notaires, commissions de conciliation en matière de baux à loyer, commission consultative en matière religieuse).",370000.0,370000.0,
2026,068,3130,Frais de représentation et d'organisation de congrès,174000.0,150000.0,
2026,068,3130,Divers,82000.0,82000.0,
2023,068,3130,Frais de justice dus au titre de l'assistance judiciaire,3450000.0,2540000.0,
2023,068,3130,Frais de port (principalement pour la Direction des droits politiques),2262500.0,2060000.0,
2023,068,3130,Frais de poursuites des préfectures et de la Direction du recouvrement,2718000.0,2008000.0,
2023,068,3130,Indemnités aux membres de commissions (Chambre des notaires et assesseurs) et indemnités en lien avec le préfinancement de la prévention de la radicalisation et l'extrémisme violent,386000.0,386000.0,
2023,068,3130,Divers,397000.0,397000.0,
2022,068,3130,Frais de justice dus au titre de l'assistance judiciaire,2540000.0,2540000.0,
2022,068,3130,Frais de port (principalement pour la Direction des droits politiques),2060000.0,2060000.0,
2022,068,3130,Frais de poursuites des préfectures et de la Direction du recouvrement,2008000.0,1448000.0,
2022,068,3130,Indemnités aux membres de commissions (Chambre des notaires et assesseurs) et indemnités en lien avec le préfinancement de la prévention de la radicalisation et l'extrémisme violent,386000.0,341000.0,
2022,068,3130,Divers,397000.0,356200.0,
2021,068,3130,Frais de justice dus au titre de l'assistance judiciaire,2540000.0,2540000.0,
2021,068,3130,Frais de port (principalement pour la direction des droits politiques),2060000.0,1830000.0,
2021,068,3130,Frais de poursuites des préfectures et de la direction du recouvrement,1448000.0,1448000.0,
2021,068,3130,Indemnités aux membres et enquêteurs de la Chambre des notaires et aux assesseurs des commissions de conciliation en matière de baux à loyer,316000.0,52000.0,
2021,068,3130,Indemnités en lien avec le préfinancement de la prévention de la radicalisation et l’extrémisme violent,25000.0,0.0,
2021,068,3130,Frais de CCP,155000.0,115000.0,
2021,068,3130,Frais de représentation,96600.0,96600.0,
2021,068,3130,"Organisation de congrès, cotisations, frais de téléphone et nettoyage",104600.0,114600.0,
2023,068,3150,,,,Transfert à la DGIP pour l'entretien de la Cathédrale de Lausanne.
2022,068,3150,,,,Entretien de la Cathédrale de Lausanne.
2021,068,3150,,,,Entretien de la Cathédrale de Lausanne.
2027,068,3181,,,,Amortissements des créances à la Direction du recouvrement
2026,068,3181,,,,Amortissements des créances à la Direction du recouvrement
2023,068,3181,,,,Amortissements des créances à la Direction du recouvrement.
2022,068,3181,,,,Amortissements des créances à la Direction du recouvrement.
2021,068,3181,,,,Amortissements des créances recouvrées au titre des frais pénaux.
2027,068,3199,Indemnités versées aux avocats d'office en procédure civile (assistance judiciaire),21723000.0,21723000.0,
2027,068,3199,"Indemnités versées aux personnes acquittées pour leurs frais de défense, ainsi qu'en cas de détention injustifiée (art. 429ss. du Code de procédure pénale)",2280000.0,2280000.0,
2027,068,3199,Indemnités aux témoins et frais divers,14000.0,14000.0,
2026,068,3199,Indemnités versées aux avocats d'office en procédure civile (assistance judiciaire),21723000.0,20600000.0,
2026,068,3199,"Indemnités versées aux personnes acquittées pour leurs frais de défense, ainsi qu'en cas de détention injustifiée (art. 429ss. du Code de procédure pénale)",2280000.0,1980000.0,
2026,068,3199,Indemnités aux témoins et frais divers,14000.0,20300.0,
2023,068,3199,Indemnités versées aux avocats d'office en procédure civile (assistance judiciaire),20455000.0,19240000.0,
2023,068,3199,"Indemnités versées aux personnes acquittées pour leurs frais de défense, ainsi qu'en cas de détention injustifiée (art. 429ss. du Code de procédure pénale)",1625000.0,850000.0,
2023,068,3199,Indemnités aux témoins et frais divers,20300.0,24300.0,
2022,068,3199,Indemnités versées aux avocats d'office en procédure civile (assistance judiciaire),19240000.0,17000000.0,
2022,068,3199,"Indemnités versées aux personnes acquittées pour leurs frais de défense, ainsi qu'en cas de détention injustifiée (art. 429ss. du Code de procédure pénale)",850000.0,850000.0,
2022,068,3199,Indemnités aux témoins et frais divers,24300.0,24300.0,
2021,068,3199,Indemnités versées aux avocats d'office en procédure civile (assistance judiciaire),17000000.0,17000000.0,
2021,068,3199,"Indemnités versées aux personnes acquittées pour leurs frais de défense, ainsi qu'en cas de détention injustifiée (art. 429ss. du Code de procédure pénale)",850000.0,850000.0,
2021,068,3199,Indemnités aux témoins et frais divers,24300.0,24300.0,
2027,068,3511,Attribution du montant des créances compensatrices encaissées (voir compte 4270) au Fonds de prévention et de lutte contre les addictions (fonds 3016).,200000.0,200000.0,
2027,068,3511,"Attribution au fonds 3027 destiné à la promotion culturelle de la Cathédrale (voir comptes 3109, 3636, 4250 et 4309).",70000.0,70000.0,
2026,068,3511,Attribution du montant des créances compensatrices encaissées (voir compte 4270) au Fonds de prévention et de lutte contre les addictions (fonds 3016).,200000.0,200000.0,
2026,068,3511,"Attribution au fonds 3027 destiné à la promotion culturelle de la Cathédrale (voir comptes 3109, 3636, 4250 et 4309).",70000.0,70000.0,
2023,068,3511,,,,Attribution du montant des créances compensatrices encaissées (voir compte 4270) au Fonds de prévention et de lutte contre les addictions (fonds 3016).
2022,068,3511,,,,Attribution du montant des créances compensatrices encaissées (voir compte 4270) au Fonds de prévention et de lutte contre les addictions (fonds 3016).
2027,068,3612,,,,Incitations financières et aides au démarrage prévues en relation avec les fusions de communes et prélevées sur le Fonds 3017 (voir compte 4511).
2026,068,3612,,,,Aucune aide financière prévue en relation avec les fusions de communes (voir compte 4511).
2023,068,3612,,,,Aides au démarrage aux fusions de communes prélevées sur le Fonds 3017 (voir compte 4511)
2027,068,3622,,,,Financement de la péréquation verticale et de la compensation transitoire selon nouvelle péréquation (NPIV).
2026,068,3622,,,,Financement de la péréquation verticale et de la compensation transitoire selon nouvelle péréquation (NPIV).
2027,068,3634,Eglise évangélique réformée du canton de Vaud,32331900.0,33052000.0,
2027,068,3634,Fédération ecclésiastique catholique romaine,30032200.0,29509000.0,
2027,068,3634,Communauté Israélite de Lausanne et du canton de Vaud,139300.0,142400.0,
2027,068,3634,Centre intercantonal d'information sur les croyances,55000.0,55000.0,
2027,068,3634,Formation aux communautés religieuses demandant la reconnaissance,16000.0,16000.0,
2026,068,3634,Eglise évangélique réformée du canton de Vaud,33052000.0,33508100.0,
2026,068,3634,Fédération ecclésiastique catholique romaine,29509000.0,29916200.0,
2026,068,3634,Communauté Israélite de Lausanne et du canton de Vaud,142400.0,141600.0,
2026,068,3634,Centre intercantonal d'information sur les croyances,55000.0,55000.0,
2026,068,3634,Formation aux communautés religieuses demandant la reconnaissance,16000.0,16000.0,
2023,068,3634,Eglise évangélique réformée du canton de Vaud,32784200.0,33008100.0,
2023,068,3634,Fédération ecclésiastique catholique romaine,28840500.0,28473300.0,
2023,068,3634,Centre intercantonal d'information sur les croyances,55000.0,55000.0,
2023,068,3634,Communauté Israélite de Lausanne et du canton de Vaud,137300.0,137300.0,
2023,068,3634,Formation aux communautés religieuses demandant la reconnaissance,82000.0,82000.0,
2027,068,3635,,,,Subventionnement de l'Ordre des avocats vaudois pour l'exploitation d'une permanence des avocats de la première heure.
2026,068,3635,,,,Subventionnement de l'Ordre des avocats vaudois pour l'exploitation d'une permanence des avocats de la première heure.
2023,068,3635,,,,Subventionnement de l'Ordre des avocats vaudois pour l'exploitation d'une permanence des avocats de la première heure.
2027,068,3637,,,,Indemnités et réparations morales servies au titre de la loi sur l'aide aux victimes d'infractions (LAVI).
2026,068,3637,,,,Indemnités et réparations morales servies au titre de la loi sur l'aide aux victimes d'infractions (LAVI).
2023,068,3637,,,,Indemnités et réparations morales servies au titre de la loi sur l'aide aux victimes d'infractions (LAVI).
2023,068,4210,Frais récupérés et émoluments divers des préfectures,2500000.0,2927000.0,
2023,068,4210,Taxe de monopole prélevée auprès des notaires vaudois,555000.0,555000.0,
2023,068,4210,Facturation des frais de gestion liés à la péréquation intercommunale,450000.0,450000.0,
2023,068,4210,Frais récupérés auprès des communes pour les scrutins communaux,100000.0,100000.0,
2023,068,4260,Montants facturés au titre des frais pénaux et encaissés au titre de l'assistance judiciaire et de l'aide aux victimes d'infractions,40900000.0,40900000.0,
2023,068,4260,Remboursement des frais de poursuites des préfectures et de la Direction du recouvrement,470000.0,470000.0,
2023,068,4260,Préfinancement de la prévention de la radicalisation et l’extrémisme violent (voir compte 3130),25000.0,25000.0,
2023,068,4260,Revenus divers,47000.0,47000.0,
2027,069,3130,Indemnités versées aux membres du Conseil de la magistrature,100000.0,100000.0,
2027,069,3130,Autres prestations de service,4700.0,4700.0,
2026,069,3130,Indemnités versées aux membres du Conseil de la magistrature,100000.0,100000.0,
2026,069,3130,Autres prestations de service,4700.0,4700.0,
2025,069,3130,Indemnités versées aux membres du Conseil de la magistrature,100000.0,100000.0,
2025,069,3130,Autres prestations de service,4700.0,4000.0,
2024,069,3130,Indemnités versées aux membres du Conseil de la magistrature,100000.0,0.0,
2024,069,3130,Autres prestations de service,4000.0,0.0,
2027,069,3199,Dépens alloués à des magistrats au titre de participation à leurs frais de procédure (art. 8 RE-CMag ; BLV 173.07.2).,10000.0,10000.0,
2027,069,3199,Indemnités versées aux témoins dans le cadre de procédures disciplinaires (art. 5 RE-CMag).,1000.0,1000.0,
2026,069,3199,Dépens alloués à des magistrats au titre de participation à leurs frais de procédure (art. 8 RE-CMag ; BLV 173.07.2).,10000.0,0.0,
2026,069,3199,Indemnités versées aux témoins dans le cadre de procédures disciplinaires (art. 5 RE-CMag).,1000.0,1000.0,
2027,069,3910,,,,Montant correspondant à la décharge pour la participation des membres de l'OJV et du MP au Conseil de la Magistrature (voir rubriques 057/4910 et 026/4910).
2026,069,3910,,,,Montant correspondant à la décharge pour la participation des membres de l'OJV et du MP au Conseil de la Magistrature (voir rubriques 057/4910 et 026/4910).
2025,069,3910,,,,Montant correspondant à la décharge pour la participation des membres de l'OJV et du MP au Conseil de la Magistrature (voir rubriques 057/4910 et 026/4910)
2027,069,4260,,,,Facturation d¶émoluments et de frais d¶enquête dans le cadre de procédures disciplinaires (art. 7 RE-CMag).
2026,069,4260,,,,Facturation d¶émoluments et de frais d¶enquête dans le cadre de procédures disciplinaires (art. 7 RE-CMag).
2027,070,3130,Frais de port et d'envoi de courrier et colis,4300.0,4000.0,
2027,070,3130,Frais de téléphone,7400.0,7400.0,
2027,070,3130,Frais de représentation,1800.0,1800.0,
2027,070,3130,Frais d'organisation de congrès,2000.0,2000.0,
2027,070,3130,Cotisations diverses,500.0,500.0,
2026,070,3130,Frais de port et d'envoi de courrier et colis,4000.0,4000.0,
2026,070,3130,Frais de téléphone,7400.0,7400.0,
2026,070,3130,Frais de représentation,1800.0,1800.0,
2026,070,3130,Frais d'organisation de congrès,2000.0,2000.0,
2026,070,3130,Cotisations diverses,500.0,500.0,
2025,070,3130,Frais de port et d'envoi de courrier et colis,4000.0,3600.0,
2025,070,3130,Frais de téléphones,7400.0,7500.0,
2025,070,3130,Frais de représentation,1800.0,2000.0,
2025,070,3130,Frais d'organisation de congrès,2000.0,1600.0,
2025,070,3130,Cotisations diverses,500.0,500.0,
2027,070,3132,,,,"Mandats d'étude (évaluation des besoins en personnel formé pour l'accueil collectif, évaluation des directives pour l'accueil familial de jour, révision LAJE)."
2026,070,3132,,,,"Mandats d'étude (évaluation des besoins en personnel formé pour l'accueil collectif, dispositif de professionnalisation de l'accueil familial de jour)."
2027,070,3160,,,,"Loyers pour l'ensemble du service (rue de la Paix 4, Lausanne)."
2026,070,3160,,,,"Loyers pour l'ensemble du service (rue de la Paix 4, Lausanne)."
2027,070,3161,Photocopieurs/imprimantes multifonctions,5000.0,9200.0,
2027,070,3161,Utilisation et réservations de véhicules en carsharing,700.0,800.0,
2026,070,3161,Photocopieurs/imprimantes multifonctions,9200.0,9200.0,
2026,070,3161,Utilisation et réservations de véhicules en carsharing,800.0,800.0,
2025,070,3161,Photocopieurs/imprimantes multifonctions,9200.0,10200.0,
2025,070,3161,Utilisation et réservations de véhicules en carsharing,800.0,800.0,
2027,070,3636,,,,Subvention à la FAJE selon art. 45 de la LAJE. Elle comprend sa contribution ordinaire et sa contribution pour l'aide au démarrage.
2026,070,3636,,,,Subvention à la FAJE selon art. 45 de la LAJE. Elle comprend sa contribution ordinaire et sa contribution pour l'aide au démarrage.
2025,070,3636,,,,"Subvention à la FAJE, contribution ordinaire de l'Etat"
2027,070,4260,,,,Retenues sur salaire des frais de téléphone.
2026,070,4260,,,,Retenues sur salaire des frais de téléphone.
