service,departement,rubrique,nature,type,libelle,extraordinaire,ligne_synthetique,budget_2019,budget_2020,budget_2021,budget_2022,budget_2023,budget_2024,budget_2025,budget_2026,budget_2027,comptes_2018,comptes_2019,comptes_2020,comptes_2021,comptes_2022,comptes_2023,comptes_2024,comptes_2025
001,DFTS,3010,30,charge,Salaires du personnel administratif et d'exploitation,0,0,3336500.0,3463300.0,2566700.0,2586800.0,3855000.0,2498100.0,2382300.0,2782100.0,2880900.0,3169190.95,2413312.38,2464967.21,3681667.1,2725428.15,2505643.75,2689654.15,2822365.9
001,DFTS,3030,30,charge,Travailleurs temporaires,0,0,268800.0,277000.0,238300.0,244000.0,419600.0,280300.0,239000.0,211300.0,211400.0,118637.53,164584.05,123977.6,272006.15,137856.05,214497.25,150457.2,199710.15
001,DFTS,3049,30,charge,Autres Indemnités,0,0,0.0,0.0,0.0,0.0,0.0,400.0,400.0,0.0,0.0,0.0,0.0,0.0,18.5,365.35,606.55,0.0,0.0
001,DFTS,3050,30,charge,"Cotisations patronales AVS, APG, AC, frais administratifs",0,0,225100.0,240300.0,181300.0,188600.0,278700.0,182000.0,171800.0,196100.0,202600.0,205032.12,158570.04,171755.83,255777.82,185282.03,177937.44,184163.65,197202.14
001,DFTS,3052,30,charge,Cotisations patronales aux caisses de pension,0,0,404700.0,427200.0,326700.0,331100.0,500000.0,322700.0,304500.0,347900.0,361900.0,409350.25,319882.89,306042.72,461773.1,343095.75,323480.85,345745.6,372217.95
001,DFTS,3053,30,charge,Cotisations patronales aux assurances-accidents,0,0,4400.0,4500.0,4500.0,4300.0,6700.0,4200.0,4000.0,4300.0,4500.0,3921.9,2972.26,3842.98,5791.63,4342.03,4288.37,4299.7,4178.02
001,DFTS,3054,30,charge,Cotisations patronales aux caisses d'allocations familiales,0,0,98000.0,102400.0,76800.0,78000.0,117500.0,73700.0,69500.0,76300.0,78700.0,72327.78,70548.91,71243.8,108799.96,79149.58,72474.41,75872.35,77900.25
001,DFTS,3059,30,charge,Autres cotisations patronales,0,0,2200.0,2600.0,1800.0,1800.0,2500.0,1800.0,1500.0,1800.0,2900.0,1958.99,1538.22,1581.2,2370.01,1729.9,1641.43,1718.25,1841.92
001,DFTS,3091,30,charge,Recrutement du personnel,0,0,0.0,0.0,0.0,0.0,0.0,0.0,0.0,0.0,0.0,0.0,0.0,0.0,0.0,0.0,0.0,0.0,27025.0
001,DFTS,3099,30,charge,Autres charges de personnel,0,0,8600.0,9300.0,6800.0,7900.0,12100.0,8800.0,6300.0,4400.0,4600.0,8155.2,3833.65,3013.65,5806.5,4613.65,3743.2,4276.73,3786.0
001,DFTS,3100,31,charge,Matériel de bureau,0,0,12100.0,12100.0,8600.0,8600.0,16200.0,13400.0,8500.0,6000.0,6000.0,9680.4,6823.65,8345.8,8329.15,6977.82,10453.94,3051.69,4283.19
001,DFTS,3101,31,charge,"Matériel d'exploitation, fournitures",0,0,0.0,0.0,0.0,0.0,0.0,200.0,200.0,200.0,500.0,0.0,0.0,0.0,0.0,109.75,326.25,76.57,49.32
001,DFTS,3102,31,charge,"Imprimés, publications",0,0,93600.0,81900.0,17200.0,18400.0,36900.0,20400.0,20400.0,17000.0,17000.0,35963.2,10717.45,7834.6,28240.89,15711.9,21376.9,10504.43,8850.2
001,DFTS,3103,31,charge,"Littérature spécialisée, magazines",0,0,11300.0,10300.0,7100.0,7100.0,17600.0,16800.0,14800.0,16100.0,24500.0,7793.9,4890.38,5596.35,12513.8,12714.0,12922.3,21018.74,15832.73
001,DFTS,3104,31,charge,Matériel didactique,0,0,0.0,0.0,0.0,0.0,0.0,200.0,200.0,100.0,100.0,0.0,0.0,0.0,0.0,73.7,75.24,22.86,43.99
001,DFTS,3106,31,charge,Matériel médical et de laboratoire,0,0,0.0,0.0,0.0,1500.0,1500.0,1500.0,500.0,100.0,100.0,1650.8,0.0,1270.7,330.5,0.0,101.25,0.0,0.0
001,DFTS,3110,31,charge,Meubles et appareils de bureau,0,0,0.0,0.0,4000.0,6000.0,7000.0,6000.0,4600.0,2500.0,2500.0,0.0,14518.1,19376.6,5363.8,2654.65,3744.58,2143.35,29684.25
001,DFTS,3111,31,charge,"Machines, appareils et véhicules",0,0,1500.0,1500.0,1500.0,1000.0,1000.0,1000.0,500.0,500.0,500.0,357.35,329.1,535.35,0.0,136.8,29.1,949.9,60.4
001,DFTS,3112,31,charge,"Vêtements, linge, rideaux",0,0,0.0,0.0,0.0,0.0,0.0,0.0,0.0,100.0,100.0,0.0,0.0,0.0,0.0,22.6,0.0,552.1,0.0
001,DFTS,3113,31,charge,Matériel informatique,0,0,0.0,0.0,0.0,0.0,0.0,0.0,500.0,300.0,300.0,0.0,0.0,0.0,0.0,37.8,370.45,117.35,0.0
001,DFTS,3120,31,charge,Alimentation et élimination des biens-fonds PA,0,0,800.0,800.0,300.0,300.0,2000.0,2800.0,2800.0,2200.0,1900.0,118.35,0.0,0.0,317.75,525.55,1524.95,1324.7,844.15
001,DFTS,3130,31,charge,Prestations de services de tiers,0,0,188000.0,210900.0,77800.0,84500.0,917900.0,889300.0,908500.0,960500.0,962700.0,106379.23,42308.81,45026.7,746356.24,755308.7,980416.41,881670.97,882100.86
001,DFTS,3132,31,charge,"Honoraires Conseillers externes, experts, spécialistes, etc.",0,0,388500.0,435600.0,153700.0,153700.0,250700.0,94200.0,82200.0,97200.0,97200.0,240001.36,177113.83,125085.79,366132.01,52768.21,46652.59,73007.68,47020.14
001,DFTS,3144,31,charge,"Entretien des bâtiments, immeubles",0,0,0.0,0.0,0.0,0.0,0.0,0.0,0.0,0.0,0.0,0.0,0.0,0.0,0.0,0.0,0.0,5621.2,1621.5
001,DFTS,3150,31,charge,Entretien de meubles et appareils de bureau,0,0,3600.0,3600.0,3100.0,1000.0,1000.0,1000.0,1000.0,800.0,800.0,0.0,0.0,351.0,45.25,0.0,301.55,0.0,0.0
001,DFTS,3151,31,charge,"Entretien de machines, appareils, véhicules",0,0,1200.0,1200.0,1200.0,1200.0,700.0,700.0,700.0,500.0,500.0,0.0,0.0,0.0,0.0,27.6,1033.95,423.35,0.0
001,DFTS,3160,31,charge,Loyer et bail à ferme des biens-fonds,0,0,45000.0,45100.0,0.0,0.0,0.0,30400.0,30400.0,30400.0,0.0,45035.05,0.0,0.0,0.0,12084.3,26568.6,30420.0,30420.0
001,DFTS,3161,31,charge,"Loyers, frais d'utilisation des immobilisations",0,0,14100.0,14100.0,6500.0,6500.0,12000.0,12000.0,11000.0,10000.0,10000.0,11540.31,4643.0,4872.6,7912.45,5430.1,7347.35,7121.75,8218.2
001,DFTS,3170,31,charge,Dédommagements - Frais de déplacement et autres frais,0,0,20700.0,19700.0,12800.0,12800.0,39800.0,35700.0,28600.0,23500.0,23500.0,10458.55,8614.49,4725.7,12250.4,14329.9,16850.15,17046.59,14369.05
001,DFTS,3199,31,charge,Autres charges d'exploitation,0,0,600.0,600.0,300.0,300.0,1300.0,1300.0,1000.0,500.0,500.0,0.0,4100.0,0.0,5000.0,0.0,0.0,0.0,0.0
001,DFTS,3419,34,charge,Autres pertes réalisées à partir du patrimoine financier,0,0,0.0,0.0,0.0,0.0,0.0,0.0,0.0,0.0,0.0,0.0,12.27,0.0,0.0,4.83,23.47,5.31,8.23
001,DFTS,3499,34,charge,Autres charges financières,0,0,0.0,0.0,0.0,0.0,0.0,0.0,500.0,200.0,200.0,0.0,0.0,0.0,0.0,0.0,0.0,0.0,169.26
001,DFTS,3511,35,charge,Attributions aux fonds sous capital propre,0,0,0.0,0.0,0.0,0.0,300000.0,0.0,0.0,0.0,300000.0,0.0,0.0,0.0,300000.0,300000.0,300000.0,0.0,0.0
001,DFTS,3631,36,charge,Subventions accordées aux cantons et aux concordats,0,0,0.0,0.0,0.0,0.0,300000.0,30000.0,30000.0,30000.0,30000.0,0.0,0.0,0.0,0.0,15300.0,15088.32,13960.0,0.0
001,DFTS,3632,36,charge,Subventions accordées aux communes et ass intercommunales,0,0,0.0,0.0,0.0,0.0,0.0,35000.0,35000.0,35000.0,35000.0,0.0,0.0,0.0,32300.0,0.0,30700.0,0.0,0.0
001,DFTS,3634,36,charge,Subventions accordées aux entreprises publiques,0,0,17500.0,17500.0,0.0,0.0,0.0,150000.0,150000.0,150000.0,150000.0,1500.0,0.0,0.0,146220.82,149442.58,134749.1,30349.22,38332.0
001,DFTS,3635,36,charge,Subventions accordées aux entreprises privées,0,0,0.0,0.0,0.0,0.0,0.0,60000.0,60000.0,60000.0,60000.0,0.0,0.0,0.0,14410.95,60020.82,10398.48,16460.0,6780.0
001,DFTS,3636,36,charge,Subventions accordées aux org privées à but non lucratif,0,0,112500.0,109300.0,50000.0,50000.0,50000.0,75000.0,75000.0,75000.0,75000.0,95122.0,0.0,50000.0,70840.0,0.0,209901.0,116851.94,187910.0
001,DFTS,4250,42,revenu,Ventes,0,0,3400.0,3600.0,0.0,0.0,0.0,0.0,0.0,0.0,0.0,4116.0,0.0,0.0,0.0,0.0,0.0,0.0,0.0
001,DFTS,4260,42,revenu,Remboursements et participations de tiers,0,0,2400.0,290700.0,223000.0,230200.0,888700.0,4500.0,4200.0,2500.0,2900.0,9177.2,2100.0,1500.0,38558.15,186714.95,2688.6,4719.15,2663.0
001,DFTS,4309,43,revenu,Autres revenus d'exploitation,0,0,7800.0,12000.0,0.0,0.0,0.0,0.0,0.0,0.0,0.0,7115.0,0.0,0.0,0.0,0.0,0.0,0.0,0.0
001,DFTS,4419,44,revenu,Autres gains réalisés à partir du patrimoine financier,0,0,0.0,0.0,0.0,0.0,0.0,0.0,0.0,0.0,0.0,0.0,61.52,0.0,0.0,145.32,4.98,416.92,0.0
001,DFTS,4429,44,revenu,Autres revenus de participations,0,0,0.0,0.0,0.0,0.0,0.0,0.0,0.0,0.0,0.0,0.0,100.0,0.0,0.0,0.0,0.0,0.0,0.0
001,DFTS,4440,44,revenu,Réévaluation autres placements financiers PF,0,0,0.0,0.0,0.0,0.0,0.0,0.0,0.0,0.0,0.0,0.0,0.0,0.0,195.19,-127.66,-67.53,0.0,0.0
001,DFTS,4511,45,revenu,Prélèvements sur les fonds sous capital propre,0,0,0.0,0.0,0.0,0.0,300000.0,300000.0,300000.0,300000.0,300000.0,0.0,0.0,0.0,213771.77,224763.4,250836.9,127621.16,183022.0
001,DFTS,4610,46,revenu,Dédommagements de la Confédération,0,0,0.0,0.0,0.0,0.0,0.0,0.0,0.0,0.0,0.0,0.0,0.0,0.0,100000.0,23300.0,12950.0,0.0,0.0
002,DJES,3010,30,charge,Salaires du personnel administratif et d'exploitation,0,0,122723200.0,123579100.0,124638900.0,124270000.0,126643000.0,130606900.0,131591800.0,132605900.0,133745800.0,120020818.5,122000644.7,121249872.04,119941106.7,120528250.2,122865439.2,127768292.4,130824220.65
002,DJES,3030,30,charge,Travailleurs temporaires,0,0,3638300.0,3738100.0,4421900.0,5348900.0,7150900.0,6626800.0,8865600.0,8741500.0,7915200.0,3530927.74,3236698.0,3207136.4,4212054.7,5590464.15,6515204.55,7986125.1,8741795.8
002,DJES,3049,30,charge,Autres Indemnités,0,0,16553100.0,16468400.0,16650500.0,16690500.0,16487400.0,14165300.0,17131900.0,17211900.0,17491300.0,16293251.0,16556965.95,16393967.1,15977283.95,15832936.0,16095803.5,16790984.65,17075806.09
002,DJES,3050,30,charge,"Cotisations patronales AVS, APG, AC, frais administratifs",0,0,9022100.0,9353400.0,9321400.0,9567900.0,9642600.0,10011000.0,10264200.0,10355400.0,10458400.0,8822910.71,8962117.17,9129440.9,9121319.97,9239611.04,9518571.9,9974947.59,10243280.68
002,DJES,3052,30,charge,Cotisations patronales aux caisses de pension,0,0,17154200.0,17005600.0,17566600.0,17587100.0,17725900.0,17805200.0,18334300.0,18520300.0,18447700.0,16810159.58,16929066.83,16992744.62,16882040.8,16985144.03,17372962.68,18211160.88,18591618.3
002,DJES,3053,30,charge,Cotisations patronales aux assurances-accidents,0,0,196500.0,175400.0,239800.0,226600.0,268700.0,245000.0,250200.0,230900.0,226100.0,175863.75,175064.02,222469.49,222114.6,220932.35,222984.44,232850.45,223139.91
002,DJES,3054,30,charge,Cotisations patronales aux caisses d'allocations familiales,0,0,3977800.0,3986000.0,3960500.0,3985900.0,4055500.0,4056300.0,4167900.0,4018400.0,4031700.0,3117010.68,3902218.97,3875113.71,3862336.76,3910174.76,3862665.92,4045968.65,3987104.12
002,DJES,3059,30,charge,Autres cotisations patronales,0,0,88500.0,87400.0,86700.0,84200.0,89100.0,91100.0,92600.0,93700.0,139900.0,83855.09,85237.81,84659.48,84360.31,85452.21,87556.83,91708.72,94281.47
002,DJES,3090,30,charge,Formation et perfectionnement du propre personnel,0,0,2650400.0,2402400.0,2226800.0,2364000.0,2199200.0,2604900.0,2528200.0,2643500.0,2643500.0,2472042.47,2185811.69,1720402.09,1685981.48,1887826.18,2016821.53,2316630.24,2319191.94
002,DJES,3099,30,charge,Autres charges de personnel,0,0,461500.0,438900.0,393700.0,407900.0,376700.0,409400.0,369000.0,343900.0,339300.0,393336.4,376068.23,353476.75,386188.08,399694.67,268304.21,316694.2,296355.89
002,DJES,3100,31,charge,Matériel de bureau,0,0,346900.0,279600.0,297300.0,288600.0,265500.0,200900.0,217100.0,203200.0,199700.0,243157.46,258968.31,217093.54,216607.89,136798.04,222853.61,142959.65,132399.09
002,DJES,3101,31,charge,"Matériel d'exploitation, fournitures",0,0,1889100.0,1936500.0,1899600.0,1974800.0,2177500.0,2092900.0,1892200.0,1683400.0,1760400.0,1853477.08,1853943.11,1711852.52,1770277.63,1983827.73,1721020.61,1687655.8,1598147.57
002,DJES,3102,31,charge,"Imprimés, publications",0,0,167000.0,192100.0,186600.0,192600.0,183600.0,164500.0,142500.0,116500.0,109200.0,107294.6,122840.19,183972.07,160494.76,145741.31,133353.01,155305.49,108214.76
002,DJES,3103,31,charge,"Littérature spécialisée, magazines",0,0,128600.0,75800.0,76500.0,80500.0,55900.0,64800.0,59800.0,42900.0,44900.0,76046.47,84670.9,30438.3,21814.65,30282.45,43711.69,37082.9,32179.28
002,DJES,3104,31,charge,Matériel didactique,0,0,0.0,0.0,0.0,0.0,0.0,0.0,0.0,0.0,0.0,0.0,0.0,0.0,0.0,155.3,0.0,3.47,0.0
002,DJES,3106,31,charge,Matériel médical et de laboratoire,0,0,40100.0,41300.0,54300.0,41500.0,52500.0,37600.0,39700.0,44800.0,46600.0,43967.03,26336.77,78048.09,35385.22,23554.33,36333.57,33115.28,37278.4
002,DJES,3109,31,charge,Autres charges de matériel et de marchandises,0,0,906200.0,776500.0,730400.0,806600.0,984800.0,993300.0,1288400.0,1090200.0,1377500.0,710305.15,660930.56,558153.74,690610.15,796851.9,1797868.67,968172.84,1095271.64
002,DJES,3110,31,charge,Meubles et appareils de bureau,0,0,256800.0,420500.0,381500.0,381500.0,575800.0,589400.0,400400.0,283600.0,290600.0,117537.75,225927.59,414775.55,355548.75,354677.3,569607.16,402058.63,334659.17
002,DJES,3111,31,charge,"Machines, appareils et véhicules",0,0,3078100.0,3125100.0,2983900.0,4317700.0,4605900.0,4321500.0,4363700.0,4231100.0,4533900.0,3876635.33,2813102.61,3207888.59,2723752.07,4508933.93,4086961.06,4482082.48,4432120.38
002,DJES,3112,31,charge,"Vêtements, linge, rideaux",0,0,2299000.0,2211100.0,2114200.0,2107200.0,2766900.0,2922100.0,2939200.0,3220900.0,3495700.0,1730959.92,1764366.19,1838477.43,1748238.58,1870912.4,2656534.3,2813535.93,2665715.95
002,DJES,3119,31,charge,Autres immobilisations ne pouvant être portées à l'actif,0,0,20000.0,20000.0,20000.0,20000.0,20000.0,9000.0,17000.0,17000.0,20000.0,15320.9,9893.6,13260.25,7529.15,960.89,9164.15,5000.0,12782.7
002,DJES,3120,31,charge,Alimentation et élimination des biens-fonds PA,0,0,936500.0,1068500.0,1020500.0,941000.0,1094000.0,114000.0,113000.0,130500.0,139000.0,982547.01,1044152.93,1001465.64,832273.24,861316.4,1203562.54,115970.06,99287.47
002,DJES,3130,31,charge,Prestations de services de tiers,0,0,6028800.0,5515500.0,5262000.0,5019200.0,5103000.0,5207800.0,5380700.0,4760500.0,6942800.0,6688814.28,5343142.36,4464133.61,4065232.94,4983324.05,5668228.0,7593205.9,6168255.27
002,DJES,3131,31,charge,Planifications et projections de tiers,0,0,0.0,0.0,0.0,0.0,0.0,0.0,0.0,0.0,0.0,226842.12,0.0,0.0,0.0,0.0,0.0,146771.21,0.0
002,DJES,3132,31,charge,"Honoraires Conseillers externes, experts, spécialistes, etc.",0,0,927500.0,927000.0,1004000.0,969000.0,951400.0,944000.0,904000.0,705500.0,774600.0,844834.65,749045.31,935599.49,871626.66,619218.2,689404.45,862080.62,752353.39
002,DJES,3134,31,charge,Primes d'assurances choses,0,0,119900.0,112500.0,115000.0,132400.0,126500.0,130700.0,124700.0,133100.0,147500.0,97587.08,99787.41,95391.59,106459.49,108917.62,97028.91,114122.46,113564.8
002,DJES,3135,31,charge,Charges de prestations de service pour personnes en garde,0,0,655600.0,662000.0,622000.0,624000.0,622000.0,670500.0,672500.0,798000.0,797000.0,618218.83,589004.95,579888.7,587697.7,621372.6,574947.2,697688.65,666515.65
002,DJES,3137,31,charge,Impôts et taxes,0,0,94900.0,92900.0,90300.0,60300.0,148200.0,182800.0,279000.0,224000.0,310000.0,98447.31,83879.09,53492.6,74292.45,629679.42,219317.42,176661.27,231987.04
002,DJES,3138,31,charge,"Cours, examens et conseils",0,0,23100.0,30100.0,26600.0,26600.0,26600.0,44600.0,52100.0,52500.0,22500.0,23073.2,19584.75,2924.85,6598.5,24724.75,25815.75,42394.01,33702.1
002,DJES,3140,31,charge,Entretien des terrains,0,0,61000.0,61000.0,66000.0,71000.0,81000.0,80500.0,80500.0,70000.0,70000.0,61457.75,59733.85,75383.05,87805.4,69127.2,69408.95,64002.2,60186.85
002,DJES,3144,31,charge,"Entretien des bâtiments, immeubles",0,0,0.0,0.0,0.0,0.0,0.0,0.0,0.0,0.0,635000.0,0.0,161.55,0.0,0.0,0.0,0.0,0.0,0.0
002,DJES,3150,31,charge,Entretien de meubles et appareils de bureau,0,0,84900.0,84000.0,87000.0,101000.0,93000.0,96000.0,42000.0,36000.0,36000.0,50622.98,44450.06,69855.65,56511.3,88441.72,84972.03,68563.23,33536.55
002,DJES,3151,31,charge,"Entretien de machines, appareils, véhicules",0,0,2213500.0,2396400.0,2215400.0,2392500.0,2698500.0,2555600.0,2786300.0,2762600.0,2906200.0,2020318.94,1750508.19,2136308.8,2157143.23,2286984.57,2225403.42,2167201.77,2523113.93
002,DJES,3160,31,charge,Loyer et bail à ferme des biens-fonds,0,0,3225000.0,3305700.0,3362600.0,3592500.0,3682200.0,3659900.0,3581800.0,3638800.0,3748600.0,3186856.62,3147462.81,3181145.18,3207150.28,3515894.77,3845147.23,3405122.63,3523153.4
002,DJES,3161,31,charge,"Loyers, frais d'utilisation des immobilisations",0,0,458000.0,480000.0,526400.0,427400.0,333400.0,353700.0,361800.0,260100.0,318000.0,416747.75,393086.36,478238.09,386501.39,327504.99,364167.36,274577.04,268205.68
002,DJES,3169,31,charge,Autres loyers et frais d'utilisation,0,0,0.0,0.0,0.0,0.0,0.0,0.0,0.0,4000.0,4000.0,0.0,0.0,0.0,0.0,0.0,0.0,2892.8,3627.06
002,DJES,3170,31,charge,Dédommagements - Frais de déplacement et autres frais,0,0,3357500.0,3420500.0,3346000.0,3391500.0,3466400.0,3512500.0,3480500.0,3613300.0,3564600.0,3212462.57,3235774.9,3265063.14,3234966.68,3282537.06,3444799.68,3691509.78,3483763.89
002,DJES,3171,31,charge,"Dédommagements - Excursions, voyages scolaires et camps",0,0,18000.0,5000.0,5000.0,5000.0,5000.0,5000.0,5000.0,5000.0,5000.0,4843.95,0.0,136.0,1800.0,1946.5,3905.82,1019.6,0.0
002,DJES,3180,31,charge,Réévaluations sur créances,0,0,0.0,0.0,0.0,0.0,0.0,0.0,0.0,0.0,0.0,-29000.0,1067760.0,-1142760.0,306000.0,3278000.0,800000.0,-297977.05,-652060.32
002,DJES,3181,31,charge,Pertes sur créance effectives,0,0,5000.0,5000.0,5000.0,5000.0,5000.0,5000.0,5000.0,5000.0,5000.0,44478.6,100891.79,27567.25,92557.0,1219340.11,2399033.14,3166946.43,3809808.09
002,DJES,3199,31,charge,Autres charges d'exploitation,0,0,1484000.0,1581000.0,1406000.0,1433500.0,1415700.0,1594500.0,1241500.0,1457100.0,1459500.0,1489907.78,1259922.92,1285792.63,1287100.65,1356208.77,1588680.03,1813683.18,1050683.84
002,DJES,3400,34,charge,Intérêts passifs des engagements courants,0,0,0.0,0.0,0.0,0.0,0.0,0.0,0.0,0.0,0.0,0.0,0.0,0.0,0.0,66042.3,20726.3,0.0,0.0
002,DJES,3419,34,charge,Autres pertes réalisées à partir du patrimoine financier,0,0,0.0,0.0,0.0,0.0,0.0,0.0,0.0,0.0,0.0,12953.92,17701.23,16527.22,63289.69,115066.54,46466.83,25124.14,11284.8
002,DJES,3440,34,charge,Réévaluations des placements financiers PF,0,0,0.0,0.0,0.0,0.0,0.0,0.0,0.0,0.0,0.0,0.0,4.25,-1.07,-3.18,0.0,0.0,0.0,10.03
002,DJES,3499,34,charge,Autres charges financières,0,0,0.0,0.0,0.0,0.0,0.0,0.0,74500.0,75000.0,68000.0,-53.45,-98.13,-246.99,-223.3,-82.1,-40.0,-1.14,78664.84
002,DJES,3610,36,charge,Dédommagements à la Confédération,0,0,1957400.0,2189300.0,2271200.0,2603600.0,2426300.0,2311400.0,2441000.0,2713000.0,2663900.0,1495094.55,1718079.94,1976600.84,2053444.77,1298930.53,2196844.45,2873163.68,2464776.42
002,DJES,3611,36,charge,Dédommagements aux cantons et aux concordats,0,0,1605700.0,1834600.0,1847100.0,1990100.0,2014500.0,2060200.0,2083900.0,2084700.0,2064800.0,1264644.65,1481037.08,1095503.67,1915022.85,3409348.65,3159513.65,2835362.1,2681138.4
002,DJES,3612,36,charge,Dédommagements aux communes et associations intercommunales,0,0,1570000.0,1692000.0,1390000.0,1395000.0,1136500.0,1136500.0,1131500.0,1131500.0,1131500.0,1792243.7,1629547.93,648639.77,1269253.7,1506367.0,1801954.35,1708227.1,1990294.9
002,DJES,3636,36,charge,Subventions accordées aux org privées à but non lucratif,0,0,154000.0,154000.0,134000.0,135000.0,215000.0,214000.0,215000.0,215000.0,217000.0,131720.0,131960.0,132196.0,212564.0,212772.0,213208.0,213208.0,214196.0
002,DJES,4120,41,revenu,Concessions,0,0,724000.0,729000.0,725000.0,768000.0,757000.0,790000.0,864000.0,949000.0,879500.0,722309.81,866019.26,717521.92,756817.89,871000.28,921456.33,909906.65,886592.84
002,DJES,4231,42,revenu,Taxes de cours,0,0,300000.0,300000.0,200000.0,100000.0,100000.0,100000.0,100000.0,100000.0,4500.0,207422.9,173438.0,38500.0,76014.7,116046.35,127335.35,135145.35,49752.15
002,DJES,4240,42,revenu,Taxes d'utilisation et prestations de service,0,0,70000.0,140000.0,140000.0,150000.0,200000.0,180000.0,180000.0,180000.0,180000.0,135114.0,187940.0,143700.0,230890.0,170560.0,183934.15,189403.2,261150.0
002,DJES,4250,42,revenu,Ventes,0,0,250000.0,230000.0,202500.0,182500.0,181500.0,201500.0,1500.0,1500.0,1500.0,218490.69,201557.18,162805.79,179494.83,224780.54,191898.42,194457.28,33252.4
002,DJES,4260,42,revenu,Remboursements et participations de tiers,0,0,1197800.0,1199700.0,1245100.0,1000100.0,905100.0,927800.0,950900.0,1336100.0,1328000.0,1135369.22,1377842.73,927535.01,1026661.64,1510201.38,1400667.34,1336800.43,1430149.87
002,DJES,4270,42,revenu,Amendes,0,0,21010000.0,19250000.0,17027000.0,11002000.0,12117000.0,18500000.0,17250000.0,18520000.0,17907000.0,17580343.8,15330345.58,13099074.94,14831967.03,20297971.76,16240646.0,16501981.74,20659150.0
002,DJES,4309,43,revenu,Autres revenus d'exploitation,0,0,1302000.0,1351000.0,1829000.0,2154000.0,2068000.0,2088000.0,1935000.0,1989000.0,1736000.0,1300208.2,3104479.64,100947.28,1904790.7,1999920.3,1929237.95,1507276.62,1529882.02
002,DJES,4320,43,revenu,"Variations de stocks, produits semi-finis et finis",0,0,0.0,0.0,0.0,0.0,0.0,0.0,0.0,0.0,0.0,3269.29,-670.32,291.05,-5646.91,6032.48,-1607.57,5961.03,-2287.14
002,DJES,4390,43,revenu,Autres revenus,0,0,0.0,0.0,0.0,0.0,0.0,0.0,0.0,0.0,0.0,0.0,10000.0,0.0,20000.0,3500.0,0.0,205000.0,0.0
002,DJES,4401,44,revenu,Intérêts des créances et comptes courants,0,0,500.0,500.0,500.0,500.0,500.0,500.0,1000.0,1000.0,1000.0,710.85,519.3,168.63,227.78,896.74,1273.65,1350.35,628.14
002,DJES,4419,44,revenu,Autres gains réalisés à partir du patrimoine financier,0,0,0.0,0.0,0.0,0.0,0.0,0.0,0.0,0.0,0.0,0.0,6659.34,19348.38,32352.78,10303.95,13740.59,21415.44,304.97
002,DJES,4440,44,revenu,Réévaluation autres placements financiers PF,0,0,0.0,0.0,0.0,0.0,0.0,0.0,0.0,0.0,0.0,0.0,513.33,610.26,194.65,3852.31,-2858.84,-647.44,-1379.34
002,DJES,4470,44,revenu,Loyers et fermages des biens-fonds PA,0,0,12000.0,14000.0,14000.0,14000.0,15500.0,17000.0,14000.0,10000.0,10000.0,14794.3,12753.1,8130.05,14531.65,16742.85,13540.0,10308.6,9479.85
002,DJES,4471,44,revenu,Paiement pour appartements de service PA,0,0,35000.0,0.0,35000.0,37000.0,0.0,0.0,0.0,0.0,0.0,0.0,0.0,0.0,0.0,0.0,0.0,0.0,0.0
002,DJES,4472,44,revenu,Paiement pour utilisations des immeubles PA,0,0,0.0,35000.0,0.0,0.0,37000.0,21800.0,0.0,0.0,0.0,35040.0,35040.0,36950.0,37440.0,37440.0,23140.0,21840.0,21840.0
002,DJES,4480,44,revenu,Loyers des immeubles loués,0,0,0.0,0.0,0.0,0.0,0.0,0.0,0.0,42000.0,42000.0,0.0,0.0,0.0,0.0,0.0,0.0,0.0,0.0
002,DJES,4511,45,revenu,Prélèvements sur les fonds sous capital propre,0,0,0.0,0.0,0.0,0.0,0.0,0.0,0.0,479500.0,441200.0,0.0,0.0,0.0,0.0,0.0,0.0,0.0,293900.0
002,DJES,4610,46,revenu,Dédommagements de la Confédération,0,0,2749500.0,2120000.0,2360000.0,2308000.0,2438000.0,2428600.0,2592100.0,2853700.0,2595100.0,1488825.8,2046153.5,2637709.95,1471557.55,2782661.1,2773354.25,3068947.8,1693911.95
002,DJES,4611,46,revenu,Dédommagements des cantons et des concordats,0,0,4773200.0,5367800.0,4707000.0,4017700.0,4016700.0,4084000.0,3936000.0,3927000.0,3957000.0,4641840.7,4633502.7,4971977.35,6310644.22,4362213.68,5098549.84,5369525.18,5074555.51
002,DJES,4612,46,revenu,Dédommagements des communes et associations intercommunales,0,0,71707300.0,72514100.0,72908200.0,74014300.0,75415400.0,76998000.0,78114000.0,81869300.0,84030100.0,70928246.0,71643554.2,71037015.45,73486095.68,75220868.57,76511477.7,78507732.52,80365469.64
002,DJES,4614,46,revenu,Indemnités des entreprises publiques,0,0,20000.0,5000.0,5000.0,0.0,0.0,0.0,0.0,0.0,0.0,4200.0,9231.4,0.0,0.0,0.0,80785.4,-548.6,0.0
002,DJES,4630,46,revenu,Subventions de la Confédération,0,0,1950000.0,1850000.0,3050000.0,2850000.0,2050000.0,2150000.0,2230000.0,2110000.0,2110000.0,1647406.2,1805981.6,2508604.2,2542936.4,2759868.35,2231053.65,2103466.8,2107068.6
002,DJES,4990,49,revenu,Autres imputations internes,0,0,1418300.0,1423300.0,403300.0,737100.0,733500.0,763800.0,841800.0,1043800.0,1128800.0,1382425.9,1224714.65,712292.8,684158.85,779153.53,865296.65,1057896.62,1053646.31
003,DICIRH,3010,30,charge,Salaires du personnel administratif et d'exploitation,0,0,19481900.0,19421200.0,19527200.0,19857300.0,19951300.0,20286200.0,20728100.0,20962600.0,21239600.0,18822936.9,19375046.3,19576878.25,19470091.55,19382870.95,20259637.7,20494802.9,20814639.7
003,DICIRH,3030,30,charge,Travailleurs temporaires,0,0,270000.0,270000.0,501000.0,479900.0,527400.0,661200.0,647700.0,565200.0,615100.0,138621.5,196465.95,220539.15,513204.8,478524.4,558518.85,588955.05,609533.95
003,DICIRH,3049,30,charge,Autres Indemnités,0,0,20200.0,20000.0,20000.0,20000.0,20000.0,20000.0,30000.0,30000.0,30000.0,13223.65,12651.6,14389.95,17370.3,18384.35,21209.95,22188.65,21913.0
003,DICIRH,3050,30,charge,"Cotisations patronales AVS, APG, AC, frais administratifs",0,0,1248200.0,1273700.0,1299400.0,1355100.0,1333700.0,1372100.0,1400100.0,1410300.0,1431500.0,1198097.33,1238482.31,1287705.16,1303283.57,1293992.66,1362301.43,1380068.09,1402464.19
003,DICIRH,3052,30,charge,Cotisations patronales aux caisses de pension,0,0,2269900.0,2240800.0,2320800.0,2356900.0,2373600.0,2415800.0,2466400.0,2483100.0,2521200.0,2180321.1,2248931.5,2283891.25,2299847.45,2275537.3,2333813.15,2363541.73,2408810.9
003,DICIRH,3053,30,charge,Cotisations patronales aux assurances-accidents,0,0,24000.0,23800.0,32000.0,32500.0,32300.0,33300.0,33900.0,31400.0,30700.0,25387.51,25791.68,32831.78,33490.1,33118.47,34561.9,35189.51,32776.18
003,DICIRH,3054,30,charge,Cotisations patronales aux caisses d'allocations familiales,0,0,541700.0,540200.0,550900.0,559700.0,563300.0,555500.0,566700.0,547000.0,555000.0,419673.28,539554.54,548471.37,551345.85,548027.82,551674.75,550037.91,556389.17
003,DICIRH,3059,30,charge,Autres cotisations patronales,0,0,11900.0,12000.0,12200.0,12500.0,12600.0,12800.0,12900.0,13000.0,19900.0,11576.33,11804.41,11983.42,12050.46,11974.5,12516.84,12685.32,12917.32
003,DICIRH,3099,30,charge,Autres charges de personnel,0,0,87400.0,105700.0,105700.0,107200.0,116400.0,109200.0,107300.0,106300.0,111300.0,89454.4,83221.46,61090.65,50731.49,73661.91,96695.33,107629.54,87350.22
003,DICIRH,3100,31,charge,Matériel de bureau,0,0,307000.0,290000.0,262000.0,302500.0,262500.0,263600.0,264000.0,224000.0,204000.0,216719.37,255540.65,273339.75,233108.67,245040.02,255758.39,222390.63,184853.85
003,DICIRH,3101,31,charge,"Matériel d'exploitation, fournitures",0,0,65000.0,85000.0,87000.0,70000.0,73000.0,87000.0,77000.0,70000.0,54000.0,64230.65,66547.83,65426.61,66249.36,67963.76,65459.85,68896.06,67834.47
003,DICIRH,3102,31,charge,"Imprimés, publications",0,0,667800.0,670600.0,655900.0,824800.0,1060600.0,1131200.0,1101200.0,1019800.0,898000.0,626746.8,544097.85,607112.9,614888.25,698829.7,880798.97,933913.96,796846.94
003,DICIRH,3103,31,charge,"Littérature spécialisée, magazines",0,0,80800.0,90600.0,81100.0,100200.0,100800.0,79000.0,78000.0,66400.0,69400.0,65869.06,63185.22,78620.45,76591.3,42480.95,71366.6,43868.4,47075.75
003,DICIRH,3104,31,charge,Matériel didactique,0,0,0.0,0.0,0.0,0.0,0.0,2000.0,4000.0,2200.0,8200.0,0.0,0.0,0.0,0.0,553.15,1904.03,963.64,1822.37
003,DICIRH,3106,31,charge,Matériel médical et de laboratoire,0,0,0.0,0.0,0.0,0.0,0.0,2500.0,5000.0,2600.0,2600.0,0.0,0.0,0.0,0.0,1231.85,4160.71,1956.1,2432.01
003,DICIRH,3110,31,charge,Meubles et appareils de bureau,0,0,0.0,0.0,50000.0,80000.0,61000.0,0.0,50000.0,40000.0,40000.0,67177.85,39624.85,44087.9,110248.76,79795.83,55140.52,49127.95,49036.55
003,DICIRH,3111,31,charge,"Machines, appareils et véhicules",0,0,1041300.0,1022800.0,821800.0,943100.0,954600.0,1019400.0,1044600.0,870700.0,1001300.0,1022401.78,793946.3,797661.49,697430.99,754408.26,953482.97,965095.2,954249.68
003,DICIRH,3112,31,charge,"Vêtements, linge, rideaux",0,0,0.0,0.0,0.0,0.0,0.0,3000.0,4000.0,1100.0,1100.0,0.0,0.0,0.0,0.0,339.15,835.9,1389.35,419.8
003,DICIRH,3113,31,charge,Matériel informatique,0,0,0.0,0.0,0.0,0.0,0.0,22000.0,22000.0,15100.0,15100.0,0.0,0.0,0.0,0.0,2389.75,7495.65,9484.77,6248.1
003,DICIRH,3120,31,charge,Alimentation et élimination des biens-fonds PA,0,0,210000.0,207000.0,175000.0,173000.0,191200.0,199300.0,224800.0,224800.0,224800.0,166431.35,154534.3,134151.79,150505.8,169666.7,188615.09,206223.94,190886.19
003,DICIRH,3130,31,charge,Prestations de services de tiers,0,0,3823200.0,3643900.0,3450300.0,3506200.0,3488000.0,3339300.0,2851100.0,2735500.0,2788800.0,3424787.13,3156954.15,3304628.77,3454133.76,3037587.82,2739040.15,3186540.17,2700755.79
003,DICIRH,3132,31,charge,"Honoraires Conseillers externes, experts, spécialistes, etc.",0,0,603500.0,635000.0,573000.0,605500.0,596800.0,645000.0,732400.0,688900.0,771400.0,691162.78,538477.04,296754.41,394308.97,390534.26,366685.24,594923.06,502111.52
003,DICIRH,3134,31,charge,Primes d'assurances choses,0,0,360000.0,400000.0,400000.0,395000.0,400000.0,400000.0,350000.0,350000.0,300000.0,377473.29,358234.76,289450.55,388240.81,301405.27,301253.4,167437.04,219442.22
003,DICIRH,3137,31,charge,Impôts et taxes,0,0,83600.0,73600.0,74100.0,65500.0,67100.0,67000.0,67000.0,54000.0,54000.0,63416.82,63855.38,61876.79,58831.8,61854.97,57861.37,45857.79,38834.62
003,DICIRH,3140,31,charge,Entretien des terrains,0,0,62000.0,60000.0,77000.0,72000.0,72000.0,70000.0,74000.0,64000.0,64000.0,46476.2,79079.95,37363.25,75628.8,48871.1,66083.6,63381.75,32527.7
003,DICIRH,3150,31,charge,Entretien de meubles et appareils de bureau,0,0,5000.0,5000.0,5000.0,5000.0,5000.0,5000.0,5000.0,5000.0,25000.0,5856.75,4643.99,3361.35,3076.7,4714.8,4712.95,4502.35,3829.55
003,DICIRH,3151,31,charge,"Entretien de machines, appareils, véhicules",0,0,129500.0,122600.0,159400.0,145600.0,182200.0,174200.0,181700.0,190100.0,211100.0,72859.04,107977.93,86656.46,110271.92,137636.33,181757.77,152844.73,157767.72
003,DICIRH,3160,31,charge,Loyer et bail à ferme des biens-fonds,0,0,610400.0,614200.0,592900.0,573000.0,577400.0,540000.0,484000.0,514000.0,524000.0,584004.85,571981.64,548471.14,572210.21,563307.13,465277.6,473769.01,497322.01
003,DICIRH,3161,31,charge,"Loyers, frais d'utilisation des immobilisations",0,0,63800.0,57800.0,57800.0,67800.0,67800.0,67800.0,39800.0,39800.0,41800.0,48320.58,39170.49,30244.97,35396.27,28581.96,28788.11,19917.03,32831.85
003,DICIRH,3170,31,charge,Dédommagements - Frais de déplacement et autres frais,0,0,391800.0,403600.0,407100.0,412600.0,408900.0,406900.0,402100.0,373100.0,415600.0,373562.45,376100.35,320965.35,342114.1,336236.85,357817.8,370486.95,371104.95
003,DICIRH,3180,31,charge,Réévaluations sur créances,0,0,0.0,0.0,0.0,0.0,0.0,0.0,0.0,0.0,0.0,80000.0,-290000.0,-65000.0,-45000.0,-10000.0,256000.0,-112000.0,123000.0
003,DICIRH,3181,31,charge,Pertes sur créance effectives,0,0,2620000.0,2450000.0,2600000.0,2100000.0,2100000.0,1976000.0,1904400.0,1611700.0,1509500.0,2387073.75,2577789.78,2088152.61,1876636.88,1754916.73,1866181.33,1711413.79,1469394.04
003,DICIRH,3199,31,charge,Autres charges d'exploitation,0,0,34000.0,52000.0,54300.0,46800.0,46800.0,56800.0,61800.0,67300.0,68300.0,33005.22,11008.1,14033.7,14158.1,16151.9,42116.3,15833.2,41813.1
003,DICIRH,3419,34,charge,Autres pertes réalisées à partir du patrimoine financier,0,0,0.0,0.0,0.0,0.0,0.0,0.0,0.0,0.0,0.0,-11.08,2.08,0.9,0.0,0.0,0.0,0.0,0.0
003,DICIRH,3499,34,charge,Autres charges financières,0,0,0.0,0.0,0.0,0.0,0.0,0.0,417000.0,322000.0,317000.0,0.0,0.0,0.0,0.0,0.0,0.0,0.0,244513.46
003,DICIRH,4030,40,revenu,Taxes routières,0,0,245300000.0,250150000.0,252800000.0,255324900.0,258374000.0,231410000.0,232906000.0,243018000.0,236844600.0,245243948.25,248379326.85,251695594.05,255765422.55,254189738.2,251918976.1,231510671.2,228451070.3
003,DICIRH,4031,40,revenu,Impôts sur les bateaux,0,0,5100000.0,5100000.0,5200000.0,5300000.0,5300000.0,5400000.0,5400000.0,5400000.0,5400000.0,5299520.75,5342846.55,5431605.35,5536533.5,5599566.55,5681455.02,5663342.0,5664622.5
003,DICIRH,4210,42,revenu,Emoluments pour actes administratifs,0,0,46966000.0,46880000.0,46070000.0,45650000.0,45635000.0,45790000.0,46365000.0,47305200.0,47400000.0,45541895.62,46411340.25,42424322.55,45756400.85,45362618.72,46075555.85,48026988.6,47765711.01
003,DICIRH,4250,42,revenu,Ventes,0,0,16600.0,31600.0,34700.0,34700.0,34700.0,34800.0,37500.0,35000.0,35000.0,31107.35,29512.35,27806.5,22219.25,27954.35,32970.3,36281.25,32480.85
003,DICIRH,4260,42,revenu,Remboursements et participations de tiers,0,0,1224000.0,1222000.0,1070000.0,1095000.0,1070000.0,910500.0,710500.0,710500.0,712500.0,1061145.65,965856.16,1160504.13,1275620.55,810620.48,637255.36,659640.08,651769.94
003,DICIRH,4309,43,revenu,Autres revenus d'exploitation,0,0,150000.0,153600.0,157000.0,157000.0,157000.0,25000.0,114000.0,114000.0,114000.0,228991.65,231231.2,248834.4,241638.2,196650.2,184005.55,149735.6,119126.6
003,DICIRH,4419,44,revenu,Autres gains réalisés à partir du patrimoine financier,0,0,0.0,0.0,0.0,0.0,0.0,0.0,0.0,0.0,0.0,0.0,0.0,24.06,6.25,0.0,0.0,0.0,0.0
003,DICIRH,4429,44,revenu,Autres revenus de participations,0,0,0.0,0.0,0.0,0.0,0.0,0.0,0.0,0.0,0.0,0.0,300.0,0.0,0.0,0.0,0.0,0.0,0.0
003,DICIRH,4600,46,revenu,Part aux revenus de la Confédération,0,0,39383000.0,39632100.0,39790300.0,39002700.0,39360200.0,37897800.0,37194200.0,37644900.0,37253300.0,39500989.0,39213900.5,38141928.0,39487322.17,39182720.5,37715287.0,40109215.5,37811721.0
003,DICIRH,4610,46,revenu,Dédommagements de la Confédération,0,0,1100000.0,1100000.0,1100000.0,1100000.0,1100000.0,430000.0,235000.0,235000.0,235000.0,1216391.95,1211605.75,1195929.35,1172005.35,1189730.3,1251045.0,998321.45,974122.4
004,DJES,3010,30,charge,Salaires du personnel administratif et d'exploitation,0,0,8648100.0,8722600.0,8640400.0,8864700.0,9228100.0,10072000.0,10799600.0,11329100.0,11511100.0,8467893.25,8548453.65,8948397.0,8694902.36,8589757.36,8948899.39,10348007.11,10988841.44
004,DJES,3030,30,charge,Travailleurs temporaires,0,0,221600.0,221600.0,327900.0,326000.0,375800.0,488800.0,421800.0,492200.0,427200.0,711306.0,487360.4,895830.25,1745595.4,1701074.18,1711021.55,1048055.59,842964.35
004,DJES,3042,30,charge,Indemnités de repas,0,0,0.0,2500.0,1400.0,0.0,0.0,0.0,0.0,0.0,0.0,2482.95,1438.3,0.0,0.0,0.0,0.0,0.0,0.0
004,DJES,3049,30,charge,Autres Indemnités,0,0,110600.0,91100.0,161100.0,273800.0,154600.0,192400.0,189800.0,271900.0,267700.0,85834.0,157887.42,191156.95,168063.46,261727.95,220722.0,228942.15,219306.75
004,DJES,3050,30,charge,"Cotisations patronales AVS, APG, AC, frais administratifs",0,0,599500.0,569700.0,620700.0,646100.0,623900.0,691700.0,735200.0,774200.0,782100.0,586924.27,578605.18,638672.11,688792.81,684192.36,702613.14,755395.11,784609.58
004,DJES,3052,30,charge,Cotisations patronales aux caisses de pension,0,0,1000100.0,1017300.0,1007900.0,1037600.0,1110000.0,1220200.0,1297200.0,1365700.0,1377700.0,1083301.5,1068722.7,1113188.8,1190177.45,1199644.45,1229969.02,1339020.06,1386605.6
004,DJES,3053,30,charge,Cotisations patronales aux assurances-accidents,0,0,12000.0,10800.0,13600.0,15100.0,15200.0,16700.0,17800.0,17000.0,16800.0,134009.51,107981.49,128654.42,141482.1,90393.42,85014.39,89432.88,87313.28
004,DJES,3054,30,charge,Cotisations patronales aux caisses d'allocations familiales,0,0,235400.0,244400.0,239300.0,247500.0,263600.0,279900.0,297100.0,300400.0,303200.0,206199.7,252141.82,272226.09,292655.49,291896.3,286598.89,307938.6,307274.65
004,DJES,3059,30,charge,Autres cotisations patronales,0,0,5200.0,5300.0,5400.0,5400.0,5600.0,6700.0,6800.0,7100.0,10800.0,5611.85,5476.91,5942.88,6388.85,6375.08,6498.12,6982.88,7260.43
004,DJES,3090,30,charge,Formation et perfectionnement du propre personnel,0,0,4600.0,10000.0,6700.0,2000.0,0.0,8600.0,6100.0,29100.0,28100.0,9953.1,6471.4,3912.1,16223.8,8767.25,12461.65,0.0,8197.75
004,DJES,3091,30,charge,Recrutement du personnel,0,0,0.0,0.0,0.0,0.0,0.0,0.0,0.0,0.0,0.0,0.0,0.0,0.0,4242.0,69266.5,29432.26,10810.0,0.0
004,DJES,3099,30,charge,Autres charges de personnel,0,0,50500.0,38800.0,42300.0,40600.0,48900.0,45100.0,76900.0,20300.0,29500.0,36603.0,42296.95,11065.0,31133.3,42179.34,62019.35,43788.01,25554.5
004,DJES,3100,31,charge,Matériel de bureau,0,0,47000.0,30700.0,34200.0,26500.0,40300.0,36300.0,38100.0,30100.0,30100.0,31145.45,35006.15,32864.0,90638.1,27911.13,51800.54,46555.58,32331.46
004,DJES,3101,31,charge,"Matériel d'exploitation, fournitures",0,0,945500.0,635800.0,931500.0,1488300.0,1072000.0,559400.0,347200.0,1374100.0,1940200.0,895941.84,1010030.36,502313.94,620433.92,1203128.77,722246.04,205335.42,173222.13
004,DJES,3102,31,charge,"Imprimés, publications",0,0,122200.0,159900.0,145900.0,141400.0,229500.0,128400.0,189700.0,86800.0,140600.0,142511.2,100291.86,116842.99,218679.04,131579.09,204488.9,107269.37,94191.36
004,DJES,3103,31,charge,"Littérature spécialisée, magazines",0,0,5300.0,9800.0,4800.0,11800.0,11600.0,6100.0,7200.0,5400.0,5400.0,7885.92,4575.18,5838.3,7492.48,7636.94,12954.33,5270.68,6017.53
004,DJES,3104,31,charge,Matériel didactique,0,0,1400.0,1000.0,400.0,0.0,0.0,0.0,6700.0,3500.0,5500.0,1439.7,350.0,0.0,28.56,215.9,4759.54,1568.78,1418.5
004,DJES,3106,31,charge,Matériel médical et de laboratoire,0,0,100.0,100.0,100.0,100.0,0.0,100000.0,4700.0,5200.0,2000.0,27.65,39.65,1202252.6,495344.95,8456.95,4773.9,6111.55,3699.87
004,DJES,3109,31,charge,Autres charges de matériel et de marchandises,0,0,33500.0,102000.0,200.0,22200.0,20700.0,20400.0,70400.0,15400.0,400.0,23135.13,2650.15,56455.05,219.3,19983.05,745.71,18203.5,20220.0
004,DJES,3110,31,charge,Meubles et appareils de bureau,0,0,0.0,0.0,0.0,0.0,0.0,0.0,85000.0,141000.0,99000.0,0.0,0.0,0.0,0.0,4412.21,15144.08,100061.8,116643.55
004,DJES,3111,31,charge,"Machines, appareils et véhicules",0,0,315600.0,240000.0,383000.0,766400.0,546300.0,493900.0,1449100.0,2927000.0,1620000.0,249659.87,400169.97,309473.9,448112.01,788472.35,970049.52,418047.1,431789.12
004,DJES,3112,31,charge,"Vêtements, linge, rideaux",0,0,331300.0,401800.0,406800.0,287800.0,410800.0,391000.0,339000.0,134200.0,175000.0,1358319.69,284516.75,224756.5,296259.83,336736.85,388783.55,391082.74,291052.84
004,DJES,3113,31,charge,Matériel informatique,0,0,0.0,0.0,0.0,0.0,0.0,0.0,0.0,0.0,0.0,0.0,0.0,0.0,0.0,575.7,872.43,1244.83,0.0
004,DJES,3116,31,charge,Appareils médicaux et de laboratoire,0,0,0.0,900.0,0.0,0.0,0.0,0.0,0.0,0.0,0.0,877.65,0.0,0.0,0.0,0.0,0.0,0.0,0.0
004,DJES,3119,31,charge,Autres immobilisations ne pouvant être portées à l'actif,0,0,18200.0,9600.0,18000.0,18000.0,18000.0,28000.0,30000.0,20000.0,20000.0,9632.85,18593.33,8998.42,11900.0,17950.0,17860.0,34112.2,14422.0
004,DJES,3120,31,charge,Alimentation et élimination des biens-fonds PA,0,0,171000.0,169600.0,157000.0,170800.0,169000.0,124700.0,159000.0,175100.0,182800.0,165164.36,158903.88,170060.2,149619.1,135366.0,163408.6,165801.26,149655.11
004,DJES,3130,31,charge,Prestations de services de tiers,0,0,938500.0,967300.0,1167700.0,1034900.0,1046300.0,1396500.0,1065700.0,870700.0,1015900.0,1212474.34,1203056.99,1272993.75,2639824.43,1447555.29,1147167.97,1473732.77,1485597.6
004,DJES,3132,31,charge,"Honoraires Conseillers externes, experts, spécialistes, etc.",0,0,807100.0,705600.0,442600.0,871200.0,1039800.0,991500.0,1286600.0,485300.0,532800.0,349232.57,538852.13,735989.0,514641.57,833819.2,906583.16,779852.67,644741.56
004,DJES,3133,31,charge,Charges d'utilisations informatiques,0,0,0.0,0.0,0.0,0.0,0.0,0.0,0.0,306300.0,297400.0,0.0,0.0,0.0,0.0,0.0,0.0,16384.29,15284.2
004,DJES,3134,31,charge,Primes d'assurances choses,0,0,21700.0,25900.0,19800.0,19500.0,17400.0,16500.0,23200.0,17700.0,17700.0,18996.2,18140.58,27374.63,16554.1,16444.42,18978.04,18823.8,18369.1
004,DJES,3137,31,charge,Impôts et taxes,0,0,2700.0,1900.0,1900.0,2200.0,2000.0,2900.0,2700.0,2500.0,2900.0,1040.0,7998.07,1919.99,1960.0,5272.73,2200.0,3140.0,2480.0
004,DJES,3140,31,charge,Entretien des terrains,0,0,43900.0,55000.0,46200.0,25000.0,94200.0,31400.0,23000.0,31500.0,29500.0,24840.25,42365.6,23015.56,34288.82,21368.3,21517.8,21678.65,22821.0
004,DJES,3141,31,charge,Entretien des routes,0,0,0.0,0.0,0.0,0.0,0.0,0.0,0.0,0.0,0.0,0.0,0.0,0.0,0.0,121.0,0.0,0.0,0.0
004,DJES,3144,31,charge,"Entretien des bâtiments, immeubles",0,0,8548600.0,8114800.0,4738600.0,2385000.0,1990100.0,2303000.0,2755800.0,2453700.0,3272400.0,567213.33,3826996.11,1979131.81,984332.38,1101907.26,1173017.32,2136263.75,1096473.52
004,DJES,3145,31,charge,Entretien des forêts,0,0,6100.0,5000.0,0.0,5000.0,8000.0,4500.0,6500.0,2000.0,6500.0,6540.1,0.0,4500.0,0.0,4500.0,4500.0,4500.0,4500.0
004,DJES,3150,31,charge,Entretien de meubles et appareils de bureau,0,0,2600.0,131700.0,21800.0,2000.0,2000.0,30000.0,2000.0,197000.0,197000.0,23816.6,1782.1,44642.75,1055.55,711.95,0.0,0.0,0.0
004,DJES,3151,31,charge,"Entretien de machines, appareils, véhicules",0,0,2677600.0,2553500.0,2263500.0,2004900.0,2268500.0,1393400.0,1271200.0,1208400.0,1896900.0,1366325.04,1210551.19,1287827.18,1060151.13,1095256.0,623954.67,430029.16,350224.24
004,DJES,3153,31,charge,Entretien informatique (matériel),0,0,0.0,0.0,0.0,0.0,0.0,0.0,0.0,0.0,0.0,0.0,107533.35,0.0,0.0,0.0,0.0,0.0,0.0
004,DJES,3158,31,charge,Entretien des immobilisations incorporelles,0,0,0.0,245000.0,318200.0,391700.0,393600.0,373300.0,429300.0,347700.0,364900.0,0.0,0.0,204200.0,265530.35,297500.0,323873.65,381015.6,313713.0
004,DJES,3159,31,charge,Entretien d'autres biens meubles,0,0,7800.0,9000.0,4500.0,20300.0,12300.0,33700.0,27500.0,5000.0,6000.0,9383.0,3774.1,9992.55,5560.4,20123.75,9369.45,6376.0,3286.22
004,DJES,3160,31,charge,Loyer et bail à ferme des biens-fonds,0,0,132000.0,131900.0,131900.0,233300.0,298600.0,3528500.0,3630900.0,3444500.0,3757000.0,131880.0,131880.0,131880.0,131880.0,247711.5,320024.14,3475934.0,3537215.1
004,DJES,3161,31,charge,"Loyers, frais d'utilisation des immobilisations",0,0,26800.0,7800.0,30500.0,24600.0,78900.0,77300.0,93700.0,351500.0,60000.0,25835.25,63321.67,122163.69,948392.35,1300535.98,121364.77,103645.7,105719.0
004,DJES,3169,31,charge,Autres loyers et frais d'utilisation,0,0,0.0,0.0,600.0,0.0,0.0,0.0,0.0,0.0,0.0,0.0,521.45,0.0,0.0,2000.0,0.0,0.0,808.2
004,DJES,3170,31,charge,Dédommagements - Frais de déplacement et autres frais,0,0,172600.0,177300.0,161300.0,149900.0,189500.0,165500.0,221900.0,189700.0,222000.0,130485.3,358525.02,398869.2,953901.06,346538.08,190980.64,228721.81,216361.64
004,DJES,3171,31,charge,"Dédommagements - Excursions, voyages scolaires et camps",0,0,0.0,0.0,0.0,0.0,0.0,0.0,0.0,0.0,0.0,0.0,0.0,0.0,0.0,0.0,19.0,0.0,0.0
004,DJES,3180,31,charge,Réévaluations sur créances,0,0,0.0,0.0,0.0,0.0,0.0,0.0,0.0,0.0,0.0,0.0,0.0,0.0,0.0,0.0,0.0,0.0,138402.0
004,DJES,3181,31,charge,Pertes sur créance effectives,0,0,0.0,0.0,0.0,0.0,0.0,0.0,0.0,0.0,0.0,0.0,0.0,0.0,0.0,12752.6,4563.64,40082.5,221.0
004,DJES,3192,31,charge,Indemnisation de droits,0,0,0.0,0.0,0.0,0.0,0.0,0.0,0.0,0.0,0.0,0.0,0.0,0.0,0.0,0.0,0.0,0.0,362.4
004,DJES,3199,31,charge,Autres charges d'exploitation,0,0,23900.0,23000.0,22000.0,51000.0,47000.0,22000.0,33500.0,27000.0,27000.0,21189.4,1048242.16,-94187.86,21741.79,31726.99,20939.74,40925.38,21516.13
004,DJES,3400,34,charge,Intérêts passifs des engagements courants,0,0,0.0,0.0,0.0,0.0,0.0,0.0,0.0,0.0,0.0,0.0,0.0,0.0,0.0,253.25,0.0,0.0,0.0
004,DJES,3419,34,charge,Autres pertes réalisées à partir du patrimoine financier,0,0,0.0,0.0,0.0,0.0,0.0,0.0,0.0,0.0,0.0,151.73,80.65,134.71,21.83,83.23,107.2,157.53,1061.54
004,DJES,3499,34,charge,Autres charges financières,0,0,0.0,0.0,0.0,0.0,0.0,0.0,7300.0,7400.0,6800.0,-1773.62,-670.96,-216.2,-2220.72,-1181.73,-822.25,-483.25,4998.67
004,DJES,3500,35,charge,Attributions aux financements spéciaux sous capitaux de tier,0,0,1292900.0,0.0,1721200.0,0.0,0.0,0.0,0.0,0.0,0.0,5520328.81,6813072.56,2248048.78,3665506.96,2687018.79,3131413.05,1011384.74,24584201.59
004,DJES,3611,36,charge,Dédommagements aux cantons et aux concordats,0,0,0.0,0.0,0.0,4050000.0,4050000.0,6250000.0,6350000.0,5176000.0,5500000.0,0.0,0.0,0.0,0.0,0.0,323735.4,934650.0,3138600.0
004,DJES,3632,36,charge,Subventions accordées aux communes et ass intercommunales,0,0,0.0,0.0,0.0,0.0,0.0,750000.0,0.0,0.0,0.0,0.0,0.0,0.0,0.0,0.0,0.0,706340.0,-88414.7
004,DJES,3634,36,charge,Subventions accordées aux entreprises publiques,0,0,0.0,0.0,0.0,0.0,0.0,165200.0,0.0,0.0,0.0,0.0,0.0,0.0,0.0,0.0,0.0,68530.85,439.25
004,DJES,3636,36,charge,Subventions accordées aux org privées à but non lucratif,0,0,1552400.0,1877800.0,1885800.0,1875800.0,1811600.0,1131900.0,1395000.0,1387000.0,1626000.0,1467347.16,2601137.71,4002949.38,2183132.54,2349120.97,1647753.37,1641668.85,1199448.82
004,DJES,3637,36,charge,Subventions accordées aux ménages privés,0,0,0.0,0.0,0.0,0.0,0.0,4400.0,4400.0,0.0,0.0,0.0,0.0,0.0,0.0,4369.45,0.0,0.0,0.0
004,DJES,3702,37,charge,Subventions redistribuées aux comm et assoc intercommunales,0,0,0.0,0.0,0.0,0.0,0.0,343200.0,395000.0,395000.0,435000.0,0.0,0.0,0.0,0.0,353576.4,394406.9,361794.1,539853.7
004,DJES,3704,37,charge,Subventions redistribuées aux entreprises publiques,0,0,0.0,0.0,0.0,0.0,0.0,14500.0,14500.0,14500.0,14500.0,0.0,0.0,0.0,0.0,14500.0,14500.0,14500.0,14500.0
004,DJES,3705,37,charge,Subventions redistribuées aux entreprises privées,0,0,0.0,0.0,0.0,0.0,0.0,5800.0,5800.0,5800.0,5800.0,0.0,0.0,0.0,0.0,12313.1,5800.0,5800.0,5800.0
004,DJES,3706,37,charge,Subventions redistribuées aux org privées à but non lucratif,0,0,0.0,0.0,0.0,0.0,0.0,15100.0,18100.0,18100.0,15500.0,0.0,0.0,0.0,0.0,15100.0,18111.3,15100.0,15100.0
004,DJES,4210,42,revenu,Emoluments pour actes administratifs,0,0,0.0,0.0,0.0,0.0,0.0,0.0,0.0,45000.0,0.0,0.0,0.0,0.0,0.0,0.0,0.0,0.0,0.0
004,DJES,4230,42,revenu,Frais d'écolage,0,0,0.0,0.0,0.0,0.0,0.0,0.0,0.0,0.0,0.0,0.0,0.0,0.0,0.0,0.0,0.0,0.0,390.0
004,DJES,4231,42,revenu,Taxes de cours,0,0,0.0,0.0,47900.0,33800.0,9800.0,0.0,41500.0,68000.0,10000.0,14250.0,47750.0,61553.0,0.0,96950.0,41481.5,14945.2,10050.0
004,DJES,4250,42,revenu,Ventes,0,0,44900.0,19600.0,9700.0,12200.0,16300.0,15900.0,74900.0,28100.0,21500.0,15974.45,16007.6,11249.15,16954.2,16786.55,88945.3,34799.4,11347.8
004,DJES,4260,42,revenu,Remboursements et participations de tiers,0,0,68000.0,62900.0,269000.0,273400.0,420300.0,317200.0,339300.0,337700.0,388700.0,118732.5,2206134.99,42246.85,427620.63,568616.0,542585.62,553538.41,314382.85
004,DJES,4270,42,revenu,Amendes,0,0,370000.0,370000.0,150000.0,280000.0,89900.0,89900.0,504500.0,480200.0,520000.0,360871.1,347821.1,272954.75,89866.85,380361.1,504147.75,480144.95,437610.7
004,DJES,4309,43,revenu,Autres revenus d'exploitation,0,0,171900.0,210700.0,100400.0,112000.0,120000.0,126800.0,119300.0,83800.0,104300.0,171371.69,193929.75,321501.57,219118.85,112505.15,117820.3,95758.9,103470.18
004,DJES,4390,43,revenu,Autres revenus,0,0,8216200.0,10750300.0,10783400.0,7830000.0,8362500.0,7832400.0,8583400.0,8133500.0,8387500.0,11681807.9,14065457.7,7411787.65,8268526.35,7712411.1,9986011.45,8182707.7,33223005.2
004,DJES,4419,44,revenu,Autres gains réalisés à partir du patrimoine financier,0,0,0.0,0.0,0.0,0.0,0.0,0.0,0.0,0.0,0.0,0.0,-30.26,126.04,158.18,380.71,6980.27,326.78,24.28
004,DJES,4430,44,revenu,"Loyers et fermages, immeubles du PF",0,0,66200.0,69200.0,81200.0,81200.0,69200.0,75200.0,21200.0,41200.0,20000.0,51888.13,65207.42,29240.0,48040.0,21240.0,21240.0,21240.0,12390.0
004,DJES,4432,44,revenu,Paiement pour utilisations des immeubles PF,0,0,7700.0,7000.0,3400.0,0.0,1600.0,0.0,0.0,0.0,0.0,450.0,5430.0,0.0,1575.0,0.0,0.0,0.0,0.0
004,DJES,4440,44,revenu,Réévaluation autres placements financiers PF,0,0,0.0,0.0,0.0,0.0,0.0,0.0,0.0,0.0,0.0,0.0,124.96,-117.5,2.76,-0.69,5.04,33.61,-48.18
004,DJES,4470,44,revenu,Loyers et fermages des biens-fonds PA,0,0,2000.0,0.0,0.0,0.0,0.0,0.0,55000.0,42000.0,42000.0,0.0,0.0,0.0,0.0,46850.0,52750.0,41465.5,42000.0
004,DJES,4471,44,revenu,Paiement pour appartements de service PA,0,0,0.0,0.0,0.0,12000.0,2300.0,0.0,0.0,0.0,0.0,0.0,0.0,0.0,0.03,-204.6,-21.25,-317.06,-432.3
004,DJES,4472,44,revenu,Paiement pour utilisations des immeubles PA,0,0,24700.0,37700.0,14300.0,16200.0,5600.0,8100.0,13200.0,3900.0,3600.0,32133.0,18630.0,5355.0,680.0,7785.01,9020.0,4005.0,2102.5
004,DJES,4479,44,revenu,"Autres revenus, biens-fonds PA",0,0,0.0,0.0,0.0,0.0,0.0,200.0,0.0,600.0,600.0,0.0,0.0,0.0,0.0,230.0,0.0,585.0,0.0
004,DJES,4489,44,revenu,Autres revenus des biens-fonds loués,0,0,0.0,0.0,0.0,0.0,0.0,0.0,0.0,0.0,0.0,0.0,0.0,0.0,0.0,0.0,500.0,0.0,0.0
004,DJES,4500,45,revenu,Prélèvements sur les fin spéciaux sous capitaux de tiers,0,0,7083300.0,2742200.0,569200.0,3097100.0,3450900.0,6498200.0,4751500.0,6690700.0,7715200.0,0.0,0.0,561364.91,0.0,0.0,0.0,0.0,487871.88
004,DJES,4600,46,revenu,Part aux revenus de la Confédération,0,0,3000000.0,3000000.0,2900000.0,3100000.0,3100000.0,3100000.0,3200000.0,3200000.0,3200000.0,2991751.24,2822049.42,3136733.95,3407794.05,3341894.7,3138491.61,3027243.07,2778431.41
004,DJES,4610,46,revenu,Dédommagements de la Confédération,0,0,1948700.0,2042200.0,2520900.0,3199000.0,2104000.0,1056000.0,3556000.0,3110600.0,3022800.0,1090732.69,2504663.15,1406711.95,2519726.7,2209582.45,915210.9,1619584.65,1054819.6
004,DJES,4611,46,revenu,Dédommagements des cantons et des concordats,0,0,0.0,0.0,100000.0,100000.0,100000.0,10000.0,2000.0,0.0,0.0,81038.6,-68527.0,10216.9,114600.0,34750.65,0.0,0.0,0.0
004,DJES,4614,46,revenu,Indemnités des entreprises publiques,0,0,0.0,0.0,0.0,0.0,0.0,0.0,0.0,0.0,0.0,0.0,0.0,0.0,0.0,308.7,0.0,0.0,0.0
004,DJES,4630,46,revenu,Subventions de la Confédération,0,0,382800.0,422800.0,382800.0,382800.0,384400.0,5800.0,5800.0,5800.0,5800.0,382800.0,82500.0,3096890.0,-99242.5,5800.0,5800.0,5800.0,5800.0
004,DJES,4700,47,revenu,Subventions à redistribuer reçues de la Confédération,0,0,0.0,0.0,0.0,0.0,0.0,378600.0,433400.0,433400.0,470800.0,0.0,0.0,0.0,0.0,378600.0,432818.2,397194.1,575253.7
004,DJES,4701,47,revenu,Subventions à redistribuer reçues des cantons et concordats,0,0,0.0,0.0,0.0,0.0,0.0,0.0,0.0,0.0,0.0,0.0,0.0,0.0,0.0,16889.5,0.0,0.0,0.0
005,DJES,3010,30,charge,Salaires du personnel administratif et d'exploitation,0,0,28654500.0,29429000.0,29128100.0,29742100.0,30488400.0,32064000.0,33095200.0,34035700.0,35362600.0,28156461.93,28333585.23,28821195.14,29241861.48,29884446.51,30722225.49,32158413.14,33045870.16
005,DJES,3020,30,charge,Salaires des enseignants,0,0,1287800.0,1291600.0,1369800.0,1328800.0,1340200.0,1211200.0,1502400.0,1522800.0,1537000.0,1276663.05,1162153.65,1280689.05,1202370.55,1303436.0,1266426.5,1240039.35,1520985.06
005,DJES,3030,30,charge,Travailleurs temporaires,0,0,871800.0,871800.0,1452900.0,1662700.0,3064800.0,2992100.0,4267600.0,4057300.0,4603200.0,1438636.25,1145437.76,1324381.58,2269594.41,3153967.88,4162553.5,4786623.2,4785348.9
005,DJES,3042,30,charge,Indemnités de repas,0,0,23500.0,28100.0,33500.0,33500.0,78500.0,64500.0,64500.0,59500.0,65000.0,28580.0,26370.0,33352.5,45698.0,38640.0,52400.0,43170.0,58890.0
005,DJES,3043,30,charge,Indemnités de logement,0,0,13400.0,13400.0,14200.0,14200.0,14400.0,15400.0,15800.0,15800.0,6000.0,12780.0,15735.0,12285.0,12375.0,12780.0,8060.0,5520.0,5160.0
005,DJES,3049,30,charge,Autres Indemnités,0,0,286000.0,281400.0,241900.0,250900.0,264800.0,268500.0,266000.0,283000.0,282800.0,187141.61,216484.31,216240.9,215938.42,246923.39,233041.28,266398.09,265974.7
005,DJES,3050,30,charge,"Cotisations patronales AVS, APG, AC, frais administratifs",0,0,1962200.0,2058900.0,2087100.0,2197300.0,2291000.0,2395100.0,2565700.0,2615200.0,2738600.0,1952295.39,1942418.45,2040969.93,2135630.7,2239608.35,2368887.71,2504194.28,2577669.29
005,DJES,3052,30,charge,Cotisations patronales aux caisses de pension,0,0,3594700.0,3646700.0,3891700.0,4285000.0,4211800.0,4415800.0,4738400.0,4831000.0,5052700.0,3707062.32,3676567.27,3768008.71,3928501.57,4094215.69,4263288.52,4558006.74,4698027.2
005,DJES,3053,30,charge,Cotisations patronales aux assurances-accidents,0,0,454600.0,471400.0,400500.0,101100.0,345000.0,349700.0,365700.0,381300.0,364600.0,446619.8,360948.7,410507.74,439801.88,311672.5,285783.43,296463.06,284239.47
005,DJES,3054,30,charge,Cotisations patronales aux caisses d'allocations familiales,0,0,849900.0,876200.0,886900.0,906700.0,967100.0,969500.0,1037500.0,1018900.0,1066900.0,683603.92,847062.58,866850.12,904475.74,948935.88,961619.24,1017747.67,1003000.11
005,DJES,3059,30,charge,Autres cotisations patronales,0,0,18300.0,19700.0,19500.0,19800.0,20900.0,21700.0,23600.0,23900.0,36900.0,18667.64,18467.52,18950.32,19739.17,20737.2,21789.45,23075.92,23722.0
005,DJES,3099,30,charge,Autres charges de personnel,0,0,97000.0,110400.0,115000.0,115300.0,128600.0,154200.0,155500.0,155500.0,147600.0,91663.1,106483.8,96094.6,114912.15,73561.75,104625.54,126869.47,119155.81
005,DJES,3100,31,charge,Matériel de bureau,0,0,94400.0,80000.0,77600.0,77300.0,72300.0,123000.0,106300.0,106300.0,106300.0,46827.75,57555.29,50208.64,43509.88,72492.69,44866.98,74664.57,77210.25
005,DJES,3101,31,charge,"Matériel d'exploitation, fournitures",0,0,531900.0,538800.0,552500.0,536600.0,622600.0,680200.0,725200.0,706200.0,721900.0,513550.64,530458.95,462899.22,524688.4,660409.47,660752.68,637603.95,700949.09
005,DJES,3102,31,charge,"Imprimés, publications",0,0,141500.0,178500.0,187900.0,195900.0,194900.0,115900.0,111900.0,104900.0,106000.0,128555.75,143536.03,171738.0,168318.66,97325.66,100259.3,119441.01,128328.45
005,DJES,3103,31,charge,"Littérature spécialisée, magazines",0,0,52200.0,53000.0,50600.0,50800.0,50400.0,52000.0,51300.0,50800.0,50700.0,39168.26,40570.64,38304.11,37279.6,39817.18,37774.16,38832.34,47471.27
005,DJES,3104,31,charge,Matériel didactique,0,0,20000.0,20000.0,20000.0,20000.0,20000.0,20000.0,24000.0,20000.0,20000.0,15460.35,19985.5,18299.28,16634.85,20124.23,19946.83,19791.18,20669.95
005,DJES,3105,31,charge,Denrées alimentaires,0,0,81000.0,80000.0,80000.0,80000.0,57500.0,56500.0,56500.0,56500.0,62500.0,71645.35,69066.25,47668.3,52257.85,54080.8,55939.5,56517.0,60298.6
005,DJES,3106,31,charge,Matériel médical et de laboratoire,0,0,326000.0,328000.0,319000.0,339000.0,274000.0,364000.0,364000.0,381400.0,414000.0,281930.63,323655.78,325936.72,339917.59,328878.51,265168.5,287222.36,335440.41
005,DJES,3109,31,charge,Autres charges de matériel et de marchandises,0,0,3000.0,3000.0,3000.0,3000.0,3000.0,2700.0,2700.0,2700.0,2700.0,2994.1,1753.2,3238.6,4122.79,4512.6,6114.8,6309.9,5255.2
005,DJES,3110,31,charge,Meubles et appareils de bureau,0,0,10000.0,55000.0,70000.0,134600.0,87500.0,122500.0,77500.0,52500.0,52500.0,71771.15,65422.1,114857.1,64382.75,137335.0,80882.91,109297.79,49458.35
005,DJES,3111,31,charge,"Machines, appareils et véhicules",0,0,549000.0,589000.0,686400.0,662100.0,648100.0,785300.0,755000.0,741600.0,733500.0,472096.69,445629.02,532031.99,559465.37,623061.24,729056.35,732091.39,574807.08
005,DJES,3112,31,charge,"Vêtements, linge, rideaux",0,0,75000.0,25000.0,41000.0,56000.0,50000.0,90000.0,90000.0,90000.0,90000.0,67078.35,34467.55,48721.15,39709.8,46924.55,97797.46,89159.84,89413.59
005,DJES,3113,31,charge,Matériel informatique,0,0,0.0,0.0,0.0,0.0,0.0,0.0,10000.0,10000.0,10000.0,0.0,0.0,0.0,0.0,0.0,0.0,0.0,9012.05
005,DJES,3116,31,charge,Appareils médicaux et de laboratoire,0,0,354000.0,354000.0,355000.0,236000.0,131000.0,80200.0,80200.0,67400.0,39200.0,376974.38,351572.66,388246.48,296906.96,204802.49,76566.75,44447.95,80143.33
005,DJES,3120,31,charge,Alimentation et élimination des biens-fonds PA,0,0,199500.0,199500.0,187500.0,192500.0,199700.0,200200.0,234000.0,214000.0,197900.0,150061.38,152812.29,133043.75,180142.39,168220.54,194509.55,167378.69,174535.7
005,DJES,3130,31,charge,Prestations de services de tiers,0,0,1284200.0,1271500.0,1560800.0,1262600.0,1082300.0,1064200.0,963000.0,990600.0,1048000.0,1287569.94,1137511.06,1093599.6,1116757.23,1206566.23,1022769.2,992274.66,1032023.66
005,DJES,3132,31,charge,"Honoraires Conseillers externes, experts, spécialistes, etc.",0,0,6758900.0,6212300.0,8255300.0,8004700.0,6193100.0,7073100.0,6722900.0,5187000.0,5249900.0,5847576.9,5328640.48,4946737.59,5612748.76,6886883.74,6689125.95,6405191.57,6013559.26
005,DJES,3134,31,charge,Primes d'assurances choses,0,0,25200.0,25200.0,25200.0,25200.0,25200.0,25000.0,25000.0,25000.0,20000.0,16830.91,16316.38,20306.32,16876.34,18194.09,16905.8,18089.39,16463.66
005,DJES,3137,31,charge,Impôts et taxes,0,0,274700.0,276800.0,278800.0,280000.0,281900.0,280500.0,250600.0,251100.0,249200.0,381668.66,328824.13,326566.2,314059.44,238189.81,369838.34,287889.96,261341.18
005,DJES,3138,31,charge,"Cours, examens et conseils",0,0,64500.0,64500.0,117500.0,142500.0,68500.0,71000.0,164000.0,164000.0,20000.0,118020.0,105436.6,66641.55,37455.85,198025.65,75707.5,60047.85,171301.8
005,DJES,3140,31,charge,Entretien des terrains,0,0,0.0,200000.0,593200.0,593200.0,593200.0,1347200.0,1347200.0,1419000.0,1358000.0,0.0,53300.0,0.0,267787.63,400447.53,390781.72,1429347.36,1019138.75
005,DJES,3141,31,charge,Entretien des routes,0,0,762000.0,830000.0,828400.0,850100.0,905100.0,957200.0,977200.0,996800.0,0.0,656676.67,833572.61,803268.81,870024.85,801487.87,843634.55,1077218.46,1102061.94
005,DJES,3142,31,charge,Entretien des aménagements de cours d'eau,0,0,7331500.0,7310400.0,7301400.0,7242900.0,7272900.0,7784400.0,7784400.0,7732700.0,8907700.0,7358905.33,7163534.13,7370685.67,6525210.21,7095303.32,7352015.27,8534137.37,7439251.49
005,DJES,3145,31,charge,Entretien des forêts,0,0,4028300.0,4048400.0,4207500.0,4134800.0,4286100.0,4299200.0,4399000.0,4338600.0,4311600.0,3713342.45,3809643.38,3643882.34,4023923.73,3853899.92,3984511.24,4146813.94,4043521.54
005,DJES,3150,31,charge,Entretien de meubles et appareils de bureau,0,0,13000.0,13000.0,13000.0,13000.0,13000.0,61000.0,16000.0,14000.0,38000.0,8915.9,2785.19,1092.0,1788.75,9204.09,6375.45,37143.75,7523.45
005,DJES,3151,31,charge,"Entretien de machines, appareils, véhicules",0,0,678000.0,694500.0,721900.0,741400.0,823400.0,862200.0,986200.0,922800.0,877000.0,564950.58,666730.54,639014.04,729500.43,709201.09,731504.33,749331.22,647617.31
005,DJES,3156,31,charge,Entretien des appareils médicaux et de laboratoire,0,0,143800.0,143800.0,134800.0,124800.0,94800.0,94800.0,94800.0,94800.0,140400.0,109180.2,135122.49,134464.5,108406.45,121657.35,85967.77,75543.8,86060.73
005,DJES,3160,31,charge,Loyer et bail à ferme des biens-fonds,0,0,530000.0,527000.0,521600.0,330300.0,287500.0,299600.0,273500.0,274100.0,318900.0,539583.99,508334.38,512354.8,532393.4,277410.55,251887.55,260230.5,256641.0
005,DJES,3161,31,charge,"Loyers, frais d'utilisation des immobilisations",0,0,146400.0,137100.0,136500.0,136500.0,192000.0,181500.0,150200.0,145700.0,133700.0,107897.33,115785.99,72663.39,81848.98,101579.45,107940.1,105971.05,88878.12
005,DJES,3169,31,charge,Autres loyers et frais d'utilisation,0,0,32000.0,32000.0,32000.0,32000.0,32000.0,32000.0,32000.0,32000.0,32000.0,32000.0,32000.0,32000.0,32000.0,32186.1,33648.15,32000.0,32424.6
005,DJES,3170,31,charge,Dédommagements - Frais de déplacement et autres frais,0,0,882000.0,879300.0,973000.0,976300.0,912400.0,876600.0,828900.0,832700.0,825300.0,843900.57,770072.95,701578.22,683033.81,821276.2,759325.71,769527.66,776913.5
005,DJES,3171,31,charge,"Dédommagements - Excursions, voyages scolaires et camps",0,0,5000.0,5000.0,5000.0,3000.0,3000.0,3000.0,3400.0,0.0,0.0,3587.7,0.0,17.5,2147.5,553.5,900.0,0.0,0.0
005,DJES,3180,31,charge,Réévaluations sur créances,0,0,0.0,0.0,0.0,0.0,0.0,0.0,0.0,0.0,0.0,124588.1,57094.45,24440.8,99039.75,-202024.95,75079.2,-70757.15,78003.9
005,DJES,3181,31,charge,Pertes sur créance effectives,0,0,0.0,0.0,0.0,0.0,0.0,0.0,0.0,0.0,0.0,62017.85,61838.0,121212.15,112217.8,185695.5,57969.1,104929.1,66988.05
005,DJES,3199,31,charge,Autres charges d'exploitation,0,0,26800.0,26800.0,26800.0,26600.0,26700.0,46200.0,49200.0,52200.0,51700.0,9228.42,16870.45,36938.24,25540.3,32814.21,22714.29,29162.64,34968.12
005,DJES,3419,34,charge,Autres pertes réalisées à partir du patrimoine financier,0,0,0.0,0.0,0.0,0.0,0.0,0.0,0.0,0.0,0.0,-873.91,130.69,190.83,399.76,395.92,527.35,917.48,394.24
005,DJES,3499,34,charge,Autres charges financières,0,0,5000.0,4000.0,5000.0,5000.0,20000.0,10000.0,9000.0,9000.0,9000.0,854.87,-52.64,4263.83,16935.65,1730.33,-2319.92,-1813.92,-4203.72
005,DJES,3510,35,charge,Attributions aux financements spéciaux sous capital propre,0,0,1601900.0,1601900.0,2101900.0,2202400.0,2202400.0,2318300.0,2863800.0,3933800.0,4058600.0,1611756.7,2001900.0,2678657.03,5795380.47,2202400.0,2402400.0,2868300.0,2881042.4
005,DJES,3511,35,charge,Attributions aux fonds sous capital propre,0,0,2522000.0,3685700.0,3228900.0,2931000.0,3213300.0,3063000.0,2979700.0,3958800.0,3874800.0,2067000.0,2522000.0,2743251.35,2611426.92,2697797.61,3054564.18,3448900.0,3035700.0
005,DJES,3610,36,charge,Dédommagements à la Confédération,0,0,110000.0,110000.0,120000.0,120000.0,120000.0,120000.0,120000.0,120000.0,120000.0,103321.95,100020.9,99822.9,110714.25,109528.75,108483.4,109185.1,109223.0
005,DJES,3611,36,charge,Dédommagements aux cantons et aux concordats,0,0,745000.0,735000.0,710000.0,782000.0,782000.0,911000.0,1007000.0,905000.0,920000.0,530081.69,718232.34,702212.47,802476.35,897297.29,749203.11,1084416.81,714333.52
005,DJES,3612,36,charge,Dédommagements aux communes et associations intercommunales,0,0,0.0,0.0,0.0,0.0,0.0,0.0,0.0,0.0,0.0,0.0,0.0,0.0,0.0,25399.8,0.0,0.0,0.0
005,DJES,3632,36,charge,Subventions accordées aux communes et ass intercommunales,0,0,23251300.0,23705000.0,25263100.0,25136200.0,26129200.0,27882800.0,30119000.0,28309100.0,26691600.0,22689536.54,21114658.22,23284095.82,23025105.39,22760482.05,24508930.91,24164459.95,26433047.13
005,DJES,3634,36,charge,Subventions accordées aux entreprises publiques,0,0,2827100.0,1434400.0,2951000.0,2980000.0,3380000.0,745800.0,180000.0,180000.0,193000.0,1785961.83,263634.65,508583.51,274896.55,1520958.15,208892.55,221705.1,339263.1
005,DJES,3635,36,charge,Subventions accordées aux entreprises privées,0,0,6050000.0,3800000.0,10910000.0,10800000.0,11300000.0,11500000.0,24318300.0,22618300.0,14658000.0,6771006.71,8613944.45,8025215.36,10004825.91,7354602.35,12355070.23,7025205.88,11178956.98
005,DJES,3636,36,charge,Subventions accordées aux org privées à but non lucratif,0,0,1758700.0,1945000.0,1851200.0,1973100.0,1973100.0,1759700.0,1668000.0,1561000.0,1639000.0,1902778.75,1684574.1,1637468.28,1811060.88,1716260.83,1937355.84,1785506.77,1907636.53
005,DJES,3637,36,charge,Subventions accordées aux ménages privés,0,0,14944500.0,22014200.0,16744800.0,17779400.0,29054600.0,33850000.0,21980000.0,19997000.0,29945000.0,12098787.81,15719025.93,13925285.62,9637137.94,14442819.31,23059393.28,35017174.22,21602260.12
005,DJES,3702,37,charge,Subventions redistribuées aux comm et assoc intercommunales,0,0,22452100.0,25012600.0,26884900.0,26747700.0,27144700.0,28340800.0,26719900.0,27023400.0,26766000.0,23528557.84,24638943.1,20196462.83,27346838.36,24341467.46,24479231.42,21075894.56,27745157.87
005,DJES,3704,37,charge,Subventions redistribuées aux entreprises publiques,0,0,0.0,0.0,0.0,0.0,0.0,0.0,0.0,0.0,0.0,0.0,68496.0,25842.0,4591.5,1050.0,40495.0,30585.2,57431.1
005,DJES,3705,37,charge,Subventions redistribuées aux entreprises privées,0,0,4900000.0,4500000.0,10000000.0,10000000.0,10000000.0,13000000.0,16065500.0,16065500.0,16065000.0,8499643.1,14946024.26,14460736.73,22521052.22,12339215.16,11714805.32,7982517.06,14062044.31
005,DJES,3706,37,charge,Subventions redistribuées aux org privées à but non lucratif,0,0,1219900.0,1795100.0,1716000.0,1853200.0,1684000.0,1871500.0,1787500.0,1926000.0,1903500.0,2217584.86,937115.89,1797489.35,1818502.04,1867819.03,1847636.0,59804.4,1950122.55
005,DJES,3707,37,charge,Subventions redistribuées aux ménages privés,0,0,25076000.0,25226000.0,24267400.0,24267400.0,24549700.0,31067300.0,29706700.0,29412400.0,29417000.0,25991152.3,23026549.78,26540635.36,12772702.75,23914806.95,23481386.76,31722162.44,20287481.92
005,DJES,3900,39,charge,Imput int pour l'approvisionn en matériel et en marchandises,0,0,4000.0,4000.0,4000.0,4000.0,4000.0,4000.0,4000.0,4000.0,4000.0,1595.0,1617.0,0.0,0.0,0.0,0.0,0.0,0.0
005,DJES,3990,39,charge,Autres imputations internes,0,0,17300.0,17300.0,17300.0,19100.0,23500.0,18800.0,18800.0,18800.0,18800.0,17280.0,17280.0,17280.0,17232.5,26323.0,21396.2,22734.8,18872.3
005,DJES,4100,41,revenu,Patentes,0,0,1965000.0,1965000.0,1965000.0,1955000.0,1955000.0,1970000.0,1970000.0,1970000.0,1970000.0,1821008.32,1804262.87,1915439.83,1889789.9,1981850.1,1937624.55,1892656.32,1883467.22
005,DJES,4120,41,revenu,Concessions,0,0,13500000.0,13500000.0,14300000.0,14300000.0,14300000.0,14300000.0,14300000.0,15300000.0,16900000.0,13526761.6,14422631.21,14060137.52,13945011.52,14425829.05,13280008.6,13804649.11,13905141.79
005,DJES,4210,42,revenu,Emoluments pour actes administratifs,0,0,949500.0,949500.0,1060700.0,1116200.0,1026000.0,1074000.0,1079000.0,1079000.0,1079000.0,1107440.98,653856.72,912140.14,856011.59,877577.93,1070500.62,975274.93,874286.93
005,DJES,4230,42,revenu,Frais d'écolage,0,0,200000.0,200000.0,200000.0,200000.0,200000.0,305000.0,305000.0,339000.0,339000.0,247402.33,307516.5,211973.9,328318.05,449405.65,388185.95,398908.45,340870.5
005,DJES,4240,42,revenu,Taxes d'utilisation et prestations de service,0,0,10600000.0,10800000.0,28500000.0,30600000.0,28500000.0,29850000.0,29850000.0,30000000.0,30000000.0,10863608.6,10846676.4,10480633.55,26158638.25,27301783.05,27603628.75,27392322.6,30273491.35
005,DJES,4250,42,revenu,Ventes,0,0,1365500.0,1343500.0,1340500.0,1406500.0,1391500.0,1321900.0,1401900.0,1401900.0,1441900.0,1186502.72,1154837.83,1370989.24,1295274.68,1402095.26,1438952.29,946638.16,1260565.93
005,DJES,4260,42,revenu,Remboursements et participations de tiers,0,0,2755600.0,4539500.0,4321900.0,4321900.0,4429100.0,2943500.0,2943500.0,2766300.0,2726300.0,2875475.22,3641844.01,3093427.03,2818492.65,2681023.06,3005856.56,3475955.47,2980244.91
005,DJES,4270,42,revenu,Amendes,0,0,27000.0,27000.0,27000.0,57000.0,57000.0,66000.0,66000.0,66000.0,66000.0,34955.7,53740.75,36047.35,28916.49,26442.0,33560.45,32855.0,26210.9
005,DJES,4309,43,revenu,Autres revenus d'exploitation,0,0,718000.0,706000.0,899600.0,1029800.0,1029800.0,1048600.0,1091300.0,1091300.0,1091300.0,765252.51,972873.28,925231.9,813841.53,1071146.14,1163271.58,1022268.24,1054391.11
005,DJES,4400,44,revenu,Intérêts des liquidités,0,0,0.0,0.0,0.0,0.0,0.0,0.0,0.0,0.0,0.0,2.4,2.3,1.1,0.0,0.0,53.35,73.76,9.68
005,DJES,4401,44,revenu,Intérêts des créances et comptes courants,0,0,0.0,0.0,0.0,0.0,0.0,0.0,0.0,0.0,0.0,293.75,193.2,370.6,803.85,1006.4,443.7,428.33,570.0
005,DJES,4419,44,revenu,Autres gains réalisés à partir du patrimoine financier,0,0,0.0,0.0,0.0,0.0,0.0,0.0,0.0,0.0,0.0,0.0,140.58,140.22,730.76,420.52,554.42,892.24,231.61
005,DJES,4429,44,revenu,Autres revenus de participations,0,0,0.0,0.0,0.0,0.0,0.0,0.0,0.0,0.0,0.0,0.0,1500.0,0.0,0.0,0.0,0.0,0.0,0.0
005,DJES,4430,44,revenu,"Loyers et fermages, immeubles du PF",0,0,225000.0,225000.0,220500.0,224500.0,224500.0,235500.0,235500.0,235500.0,235500.0,245152.15,235595.28,238874.45,243209.23,214176.99,231848.49,232618.2,230448.05
005,DJES,4440,44,revenu,Réévaluation autres placements financiers PF,0,0,0.0,0.0,0.0,0.0,0.0,0.0,0.0,0.0,0.0,0.0,36.36,1401.49,-1384.55,35.2,662.87,-454.81,-259.33
005,DJES,4470,44,revenu,Loyers et fermages des biens-fonds PA,0,0,1470000.0,1470000.0,1470000.0,1470000.0,1470000.0,1460000.0,1460000.0,1552000.0,1552000.0,1283145.1,1247380.95,1379111.7,1317482.2,1324120.4,1333479.45,1369598.55,1313550.65
005,DJES,4471,44,revenu,Paiement pour appartements de service PA,0,0,18200.0,0.0,0.0,0.0,0.0,0.0,0.0,0.0,0.0,0.0,0.0,0.0,0.0,0.0,0.0,0.0,0.0
005,DJES,4472,44,revenu,Paiement pour utilisations des immeubles PA,0,0,0.0,18200.0,18200.0,0.0,0.0,0.0,0.0,0.0,0.0,18120.0,12080.0,0.0,0.0,0.0,0.0,0.0,0.0
005,DJES,4510,45,revenu,Prélèvements sur les fin spéciaux sous capital propre,0,0,20020800.0,22567500.0,12149700.0,12191000.0,22346000.0,25740800.0,28461100.0,24407600.0,24672500.0,16071839.9,18841483.47,17349501.53,2368597.62,2795396.57,14559691.35,22030051.06,13415291.72
005,DJES,4511,45,revenu,Prélèvements sur les fonds sous capital propre,0,0,2512800.0,3676500.0,3116600.0,3116600.0,3541600.0,3541600.0,3541600.0,3541600.0,3541600.0,1572316.25,2137226.35,3196663.07,2803476.57,2782162.63,3087059.48,3591059.82,2186106.7
005,DJES,4610,46,revenu,Dédommagements de la Confédération,0,0,306000.0,136000.0,136000.0,136000.0,136000.0,136000.0,131000.0,248100.0,248100.0,253491.55,150798.85,135400.0,132700.0,226277.6,125600.0,124500.0,126000.0
005,DJES,4611,46,revenu,Dédommagements des cantons et des concordats,0,0,0.0,0.0,0.0,125000.0,125000.0,125000.0,125000.0,0.0,0.0,115027.25,121985.1,128710.35,132755.95,135048.75,93337.35,10000.0,10000.0
005,DJES,4614,46,revenu,Indemnités des entreprises publiques,0,0,0.0,0.0,0.0,0.0,0.0,0.0,0.0,0.0,0.0,0.0,0.0,0.0,302.0,88391.95,0.0,0.0,0.0
005,DJES,4630,46,revenu,Subventions de la Confédération,0,0,1460300.0,1318000.0,1566500.0,1328000.0,1375000.0,2163000.0,2163000.0,2180400.0,2456200.0,1656352.33,1944624.53,3030419.56,1975325.21,2197926.94,2508946.73,3333556.05,4096163.03
005,DJES,4634,46,revenu,Subventions des entreprises publiques,0,0,0.0,0.0,0.0,0.0,0.0,0.0,0.0,0.0,0.0,0.0,57000.0,46272.0,192149.8,0.0,15850.0,0.0,0.0
005,DJES,4636,46,revenu,Subventions des organisations privées à but non lucratif,0,0,600000.0,600000.0,600000.0,600000.0,600000.0,500000.0,500000.0,500000.0,600000.0,679436.0,709265.0,657360.0,619200.0,357878.0,474000.0,1232248.0,871200.0
005,DJES,4700,47,revenu,Subventions à redistribuer reçues de la Confédération,0,0,53648000.0,56533700.0,62868300.0,62868300.0,63378400.0,74279600.0,74279600.0,74427300.0,74151500.0,60236938.1,62815247.03,62477871.87,64384030.12,62464358.6,61563554.5,60870963.66,64102237.75
005,DJES,4701,47,revenu,Subventions à redistribuer reçues des cantons et concordats,0,0,0.0,0.0,0.0,0.0,0.0,0.0,0.0,0.0,0.0,0.0,0.0,63294.4,79656.75,0.0,0.0,0.0,0.0
005,DJES,4705,47,revenu,Subventions à redistribuer reçues des entreprises privées,0,0,0.0,0.0,0.0,0.0,0.0,0.0,0.0,0.0,0.0,0.0,500000.0,480000.0,0.0,0.0,0.0,0.0,0.0
005,DJES,4706,47,revenu,Subventions à redistribuer reçues des org à but non lucratif,0,0,0.0,0.0,0.0,0.0,0.0,0.0,0.0,0.0,0.0,0.0,301882.0,0.0,0.0,0.0,0.0,0.0,0.0
005,DJES,4900,49,revenu,Imput int pour l'approvisionnement en matériel/marchandises,0,0,8000.0,8000.0,8000.0,8000.0,8000.0,8000.0,0.0,0.0,0.0,8000.0,8000.0,8000.0,8000.0,8000.0,8000.0,8000.0,0.0
005,DJES,4910,49,revenu,Imput int pour prestations de service,0,0,80000.0,80000.0,80000.0,80000.0,80000.0,80000.0,0.0,0.0,0.0,66810.0,68850.0,68850.0,77020.0,63240.0,63750.0,63750.0,0.0
005,DJES,4990,49,revenu,Autres imputations internes,0,0,310000.0,310000.0,310000.0,310000.0,310000.0,310000.0,310000.0,310000.0,285000.0,349084.0,329124.5,318269.25,330004.0,322341.25,326282.78,801904.5,497153.0
010,DEF,3010,30,charge,Salaires du personnel administratif et d'exploitation,0,0,5418900.0,5219600.0,5086300.0,5314500.0,5320200.0,5312200.0,5212600.0,5298200.0,5478500.0,5530782.6,5022894.2,4950245.75,5025620.05,4989336.75,5141366.25,5271160.55,5367159.47
010,DEF,3020,30,charge,Salaires des enseignants,0,0,31300.0,0.0,0.0,0.0,0.0,0.0,0.0,0.0,0.0,31284.5,18249.35,0.0,0.0,0.0,0.0,0.0,0.0
010,DEF,3030,30,charge,Travailleurs temporaires,0,0,100000.0,98000.0,128000.0,125000.0,135000.0,150000.0,149800.0,128000.0,125000.0,74295.95,33225.25,55950.25,80803.86,128357.59,102318.4,80365.1,107873.95
010,DEF,3049,30,charge,Autres Indemnités,0,0,1000.0,1000.0,1000.0,2000.0,2000.0,2000.0,2000.0,2000.0,2000.0,954.65,960.0,1360.0,1890.65,1946.65,1778.65,1677.3,1589.7
010,DEF,3050,30,charge,"Cotisations patronales AVS, APG, AC, frais administratifs",0,0,352600.0,343200.0,338500.0,362500.0,355400.0,359200.0,351300.0,356800.0,368900.0,352538.14,319791.84,324122.04,331867.12,332849.02,341758.12,348240.52,354536.63
010,DEF,3052,30,charge,Cotisations patronales aux caisses de pension,0,0,638300.0,605400.0,600700.0,627300.0,628100.0,630400.0,647500.0,651400.0,662900.0,633917.1,596859.75,604651.8,617029.75,611642.0,625371.3,645031.1,649592.63
010,DEF,3053,30,charge,Cotisations patronales aux assurances-accidents,0,0,9200.0,8700.0,8500.0,9100.0,9000.0,8700.0,8800.0,8100.0,8500.0,6298.31,6041.81,7874.27,8067.34,8145.2,8270.0,8303.32,7702.9
010,DEF,3054,30,charge,Cotisations patronales aux caisses d'allocations familiales,0,0,153300.0,145700.0,143700.0,149700.0,149700.0,144900.0,141200.0,138500.0,143000.0,124202.0,139960.75,138124.75,140646.35,140741.88,139622.16,142483.61,139030.14
010,DEF,3059,30,charge,Autres cotisations patronales,0,0,3800.0,3300.0,3300.0,3500.0,3400.0,3500.0,3400.0,3400.0,5100.0,3367.6,3064.78,3015.61,3071.83,3076.62,3166.97,3227.9,3300.05
010,DEF,3090,30,charge,Formation et perfectionnement du propre personnel,0,0,58000.0,56000.0,56000.0,70000.0,71000.0,61000.0,61000.0,46000.0,46000.0,13019.4,34558.95,28274.95,44536.65,23879.8,41708.09,39712.55,44172.89
010,DEF,3099,30,charge,Autres charges de personnel,0,0,52500.0,52500.0,52500.0,60000.0,62500.0,62500.0,50000.0,22500.0,22500.0,14365.6,10550.0,7785.07,6320.25,29122.41,18637.83,46903.28,11620.79
010,DEF,3100,31,charge,Matériel de bureau,0,0,40000.0,40000.0,39500.0,34500.0,34500.0,30800.0,30000.0,27000.0,27000.0,25288.35,32067.2,17244.85,19477.76,18756.12,28543.01,15054.84,13506.34
010,DEF,3101,31,charge,"Matériel d'exploitation, fournitures",0,0,12500.0,13000.0,13000.0,19000.0,16000.0,16500.0,13000.0,11000.0,11000.0,10190.55,9961.0,12216.05,9769.95,9391.39,11236.03,6288.25,3206.14
010,DEF,3102,31,charge,"Imprimés, publications",0,0,90500.0,35500.0,45500.0,38000.0,28000.0,28000.0,15000.0,6500.0,6000.0,81562.15,97499.53,8025.7,20176.75,18210.25,3068.35,3071.05,1199.5
010,DEF,3103,31,charge,"Littérature spécialisée, magazines",0,0,9500.0,9500.0,10500.0,12500.0,17500.0,17500.0,15000.0,15500.0,15000.0,6796.11,9379.95,10375.49,11661.29,11021.8,10932.63,9580.5,10742.0
010,DEF,3104,31,charge,Matériel didactique,0,0,0.0,0.0,0.0,0.0,0.0,0.0,500.0,500.0,500.0,0.0,0.0,0.0,0.0,0.0,0.0,68.1,51.35
010,DEF,3106,31,charge,Matériel médical et de laboratoire,0,0,0.0,0.0,0.0,0.0,0.0,0.0,500.0,500.0,500.0,0.0,0.0,2049.25,0.0,150.8,0.0,0.0,0.0
010,DEF,3110,31,charge,Meubles et appareils de bureau,0,0,0.0,0.0,50000.0,40000.0,35000.0,0.0,10000.0,10000.0,20000.0,13291.0,29350.6,34420.7,25892.7,27875.72,53813.68,0.0,5750.54
010,DEF,3111,31,charge,"Machines, appareils et véhicules",0,0,4500.0,4500.0,4500.0,4500.0,4500.0,5000.0,6500.0,4900.0,4900.0,46.85,0.0,0.0,0.0,4653.25,3298.85,116.75,12.75
010,DEF,3113,31,charge,Matériel informatique,0,0,0.0,0.0,0.0,0.0,0.0,0.0,1000.0,1000.0,1000.0,0.0,0.0,0.0,0.0,6935.9,0.0,179.95,165.85
010,DEF,3118,31,charge,Immobilisations incorporelles,0,0,0.0,0.0,0.0,500.0,1000.0,1000.0,1000.0,1000.0,1000.0,0.0,0.0,412.35,657.95,590.36,456.18,1195.85,261.98
010,DEF,3120,31,charge,Alimentation et élimination des biens-fonds PA,0,0,51500.0,51000.0,43000.0,43000.0,40000.0,37000.0,38000.0,40000.0,41000.0,37854.65,36630.5,37651.0,34794.65,33812.35,32064.9,38996.4,34952.7
010,DEF,3130,31,charge,Prestations de services de tiers,0,0,222500.0,242000.0,280500.0,258000.0,330000.0,204500.0,173500.0,148500.0,155500.0,198367.34,215398.56,210239.39,245486.22,178755.4,135547.98,120079.34,144427.28
010,DEF,3132,31,charge,"Honoraires Conseillers externes, experts, spécialistes, etc.",0,0,75000.0,65000.0,105000.0,160000.0,200000.0,216000.0,260000.0,234000.0,285000.0,103683.1,66391.8,122029.66,109280.84,142893.65,168891.26,230843.85,221368.55
010,DEF,3133,31,charge,Charges d'utilisations informatiques,0,0,500.0,500.0,1000.0,2000.0,2000.0,5000.0,5000.0,5000.0,5000.0,8.85,943.83,1524.1,1606.48,4606.6,1449.55,1225.1,1111.35
010,DEF,3137,31,charge,Impôts et taxes,0,0,800.0,300.0,0.0,0.0,0.0,0.0,0.0,0.0,0.0,0.0,0.0,0.0,0.0,0.0,0.0,0.0,0.0
010,DEF,3150,31,charge,Entretien de meubles et appareils de bureau,0,0,6000.0,6000.0,20500.0,8000.0,8000.0,8000.0,8000.0,6000.0,8000.0,2824.9,371.45,1612.5,229.25,0.0,820.3,1791.05,0.0
010,DEF,3160,31,charge,Loyer et bail à ferme des biens-fonds,0,0,1050800.0,1049200.0,1051700.0,933200.0,933200.0,976600.0,989500.0,997400.0,1014400.0,1049913.7,1050171.85,1050932.2,1032046.6,937436.15,963404.9,988218.7,985048.0
010,DEF,3161,31,charge,"Loyers, frais d'utilisation des immobilisations",0,0,21500.0,21600.0,17400.0,15000.0,15000.0,14000.0,10000.0,8000.0,8000.0,10386.1,13823.5,11292.5,8353.4,5719.05,5657.1,5323.7,6096.0
010,DEF,3170,31,charge,Dédommagements - Frais de déplacement et autres frais,0,0,30500.0,26500.0,26500.0,24500.0,24500.0,20500.0,18500.0,18500.0,18500.0,19443.55,16301.8,12813.65,27331.55,10771.89,10755.85,9341.1,5288.05
010,DEF,3181,31,charge,Pertes sur créance effectives,0,0,5000.0,5000.0,5000.0,5000.0,5000.0,5000.0,5000.0,5000.0,5000.0,0.0,0.0,0.0,0.0,0.0,2037.0,0.0,0.0
010,DEF,3199,31,charge,Autres charges d'exploitation,0,0,4500.0,4500.0,5500.0,5500.0,5500.0,5500.0,5500.0,5500.0,5500.0,7363.4,213.44,51.15,110.0,4025.09,0.0,0.0,0.0
010,DEF,3419,34,charge,Autres pertes réalisées à partir du patrimoine financier,0,0,0.0,0.0,0.0,0.0,0.0,0.0,0.0,0.0,0.0,-1.03,2.06,313.81,846.3,195.45,0.0,120.04,22.02
010,DEF,3440,34,charge,Réévaluations des placements financiers PF,0,0,0.0,0.0,0.0,0.0,0.0,0.0,0.0,0.0,0.0,0.0,0.0,0.0,0.0,0.0,0.0,4.25,-4.25
010,DEF,3499,34,charge,Autres charges financières,0,0,0.0,0.0,0.0,0.0,0.0,0.0,2000.0,2000.0,2000.0,0.0,0.0,0.0,0.0,0.0,0.65,0.0,613.65
010,DEF,3511,35,charge,Attributions aux fonds sous capital propre,0,0,1583200.0,1583200.0,1583200.0,0.0,0.0,0.0,0.0,0.0,1635400.0,1573250.0,1573250.0,1573250.0,1573250.0,0.0,0.0,0.0,0.0
010,DEF,3611,36,charge,Dédommagements aux cantons et aux concordats,0,0,3073500.0,3269200.0,3319200.0,3472000.0,3546500.0,3500500.0,3507000.0,3561300.0,3593200.0,3295453.0,3213085.0,3288212.0,3339570.0,3513411.0,3502021.0,3484215.0,3472772.0
010,DEF,3635,36,charge,Subventions accordées aux entreprises privées,0,0,10000.0,0.0,0.0,0.0,0.0,0.0,0.0,0.0,0.0,0.0,0.0,0.0,0.0,0.0,0.0,0.0,0.0
010,DEF,4210,42,revenu,Emoluments pour actes administratifs,0,0,54000.0,55000.0,56100.0,55000.0,55000.0,50000.0,50000.0,50000.0,50000.0,74480.0,45170.0,79700.0,58570.0,45825.0,57356.4,69700.0,78400.0
010,DEF,4230,42,revenu,Frais d'écolage,0,0,0.0,0.0,0.0,0.0,0.0,0.0,0.0,0.0,0.0,0.0,0.0,0.0,0.0,2500.0,0.0,500.0,0.0
010,DEF,4250,42,revenu,Ventes,0,0,1500.0,0.0,0.0,0.0,0.0,0.0,0.0,0.0,0.0,0.0,914.0,0.0,0.0,0.0,0.0,0.0,0.0
010,DEF,4260,42,revenu,Remboursements et participations de tiers,0,0,10400.0,9800.0,9600.0,9000.0,9000.0,9000.0,9000.0,9000.0,9000.0,10924.4,9970.2,10107.6,9690.2,9600.2,12060.4,9581.0,9286.0
010,DEF,4419,44,revenu,Autres gains réalisés à partir du patrimoine financier,0,0,0.0,0.0,0.0,0.0,0.0,0.0,0.0,0.0,0.0,0.0,0.0,156.22,1025.57,1238.19,0.0,0.0,1.93
010,DEF,4440,44,revenu,Réévaluation autres placements financiers PF,0,0,0.0,0.0,0.0,0.0,0.0,0.0,0.0,0.0,0.0,0.0,0.0,206.45,1138.37,-1344.82,146.52,-128.93,-5.31
011,DEF,3010,30,charge,Salaires du personnel administratif et d'exploitation,0,0,9945400.0,9934000.0,9617500.0,8917800.0,11046000.0,10056700.0,9159600.0,11319900.0,11551100.0,9672202.4,9852372.8,9027578.15,8596779.95,8900519.87,9195773.38,9954874.7,10768385.3
011,DEF,3020,30,charge,Salaires des enseignants,0,0,2229700.0,2252000.0,3145200.0,3707500.0,4188700.0,5043200.0,4745900.0,4949000.0,4977100.0,1764574.8,2768837.7,3802499.29,3479438.77,3354111.34,4485264.77,5678694.71,5737047.09
011,DEF,3030,30,charge,Travailleurs temporaires,0,0,376800.0,376800.0,492200.0,542200.0,619900.0,237500.0,308900.0,308900.0,556300.0,736386.18,365100.75,232204.35,408144.1,553673.95,756818.55,541824.9,537316.55
011,DEF,3049,30,charge,Autres Indemnités,0,0,14400.0,14800.0,2800.0,2800.0,10600.0,10600.0,10600.0,10600.0,10600.0,12717.3,11327.95,7692.6,8023.95,8135.9,7794.6,8285.35,8101.35
011,DEF,3050,30,charge,"Cotisations patronales AVS, APG, AC, frais administratifs",0,0,831100.0,815500.0,861200.0,879400.0,1035200.0,1007000.0,933400.0,1088200.0,1112000.0,735358.65,805523.26,843923.89,808615.75,828787.85,939100.8,1053095.03,1107982.84
011,DEF,3052,30,charge,Cotisations patronales aux caisses de pension,0,0,1490200.0,1417300.0,1530200.0,1518400.0,1840300.0,1780100.0,1648200.0,1924800.0,1979200.0,1400190.15,1704880.6,1551534.65,1452405.36,1490740.32,1653315.05,1857231.86,1955949.14
011,DEF,3053,30,charge,Cotisations patronales aux assurances-accidents,0,0,17300.0,15200.0,20900.0,21100.0,25600.0,24400.0,22500.0,24100.0,23800.0,15564.86,16451.02,21118.8,20302.58,20717.27,23169.03,25936.56,24708.2
011,DEF,3054,30,charge,Cotisations patronales aux caisses d'allocations familiales,0,0,288500.0,345500.0,364000.0,363100.0,437500.0,407200.0,377500.0,422300.0,431300.0,257518.14,352075.45,359959.34,343148.51,350518.83,383418.44,428877.56,432485.65
011,DEF,3059,30,charge,Autres cotisations patronales,0,0,7700.0,8000.0,8200.0,7900.0,10000.0,9400.0,8700.0,10100.0,15400.0,6996.8,7684.66,7857.85,7497.61,7660.04,8706.56,9727.5,10243.46
011,DEF,3090,30,charge,Formation et perfectionnement du propre personnel,0,0,122100.0,122100.0,122100.0,117100.0,122100.0,100600.0,80600.0,80600.0,80600.0,63412.35,86562.2,57904.1,55810.78,55511.14,74804.14,62832.26,43215.33
011,DEF,3099,30,charge,Autres charges de personnel,0,0,21600.0,25900.0,44900.0,34900.0,34900.0,34900.0,34900.0,34900.0,34900.0,23741.42,21462.35,20864.75,15862.0,11321.87,24132.25,18176.87,22970.25
011,DEF,3100,31,charge,Matériel de bureau,0,0,57600.0,41000.0,37000.0,34600.0,34600.0,34600.0,34600.0,34600.0,34600.0,34855.35,26133.85,26352.7,28198.45,14532.27,28487.14,25706.64,9772.04
011,DEF,3101,31,charge,"Matériel d'exploitation, fournitures",0,0,0.0,0.0,0.0,0.0,0.0,0.0,0.0,0.0,0.0,0.0,0.0,0.0,2122.95,1393.07,0.0,0.0,0.0
011,DEF,3102,31,charge,"Imprimés, publications",0,0,11300.0,10500.0,11000.0,13000.0,13200.0,13200.0,13200.0,13200.0,13200.0,7351.74,10267.8,11563.39,9973.73,12517.16,5126.6,13369.65,11863.35
011,DEF,3103,31,charge,"Littérature spécialisée, magazines",0,0,2600.0,3100.0,2800.0,3200.0,4000.0,4000.0,4000.0,4000.0,4000.0,2219.6,1934.4,2187.9,3297.65,5255.06,3166.83,2997.29,3595.94
011,DEF,3104,31,charge,Matériel didactique,0,0,5000.0,5000.0,10000.0,6000.0,6000.0,6000.0,6000.0,6000.0,6000.0,12344.33,5300.84,4834.14,3534.06,3232.89,4878.94,6261.72,3906.2
011,DEF,3106,31,charge,Matériel médical et de laboratoire,0,0,0.0,0.0,0.0,0.0,0.0,0.0,0.0,0.0,0.0,0.0,0.0,19191.7,1156.35,0.0,0.0,0.0,0.0
011,DEF,3110,31,charge,Meubles et appareils de bureau,0,0,0.0,0.0,10000.0,10000.0,10000.0,10000.0,10000.0,10000.0,50000.0,11391.65,2652.25,10501.6,39924.75,11919.5,17048.45,17349.9,21317.0
011,DEF,3111,31,charge,"Machines, appareils et véhicules",0,0,0.0,0.0,500.0,500.0,500.0,500.0,500.0,500.0,500.0,139.45,0.0,0.0,0.0,606.85,0.0,1147.35,778.9
011,DEF,3112,31,charge,"Vêtements, linge, rideaux",0,0,0.0,0.0,0.0,0.0,0.0,0.0,0.0,0.0,0.0,0.0,0.0,0.0,0.0,0.0,0.0,58.85,0.0
011,DEF,3113,31,charge,Matériel informatique,0,0,500.0,500.0,600.0,600.0,600.0,600.0,600.0,600.0,600.0,1234.85,3750.7,251.0,0.0,134.8,0.0,23.35,93.85
011,DEF,3118,31,charge,Immobilisations incorporelles,0,0,700.0,700.0,1300.0,1300.0,1300.0,1300.0,1300.0,1300.0,1300.0,0.0,0.0,0.0,0.0,0.0,0.0,720.16,497.3
011,DEF,3120,31,charge,Alimentation et élimination des biens-fonds PA,0,0,500.0,500.0,1000.0,1000.0,1000.0,1000.0,1000.0,1000.0,1000.0,0.0,430.8,0.0,150.45,1016.7,33.95,0.0,913.25
011,DEF,3130,31,charge,Prestations de services de tiers,0,0,726000.0,668100.0,263600.0,222000.0,237500.0,256500.0,223200.0,325700.0,325700.0,142476.32,151131.21,189602.09,184047.12,171881.86,231696.97,222234.83,308131.94
011,DEF,3132,31,charge,"Honoraires Conseillers externes, experts, spécialistes, etc.",0,0,0.0,0.0,0.0,0.0,0.0,10000.0,10000.0,10000.0,30000.0,0.0,0.0,0.0,0.0,10000.0,10000.0,0.0,13373.8
011,DEF,3138,31,charge,"Cours, examens et conseils",0,0,500.0,500.0,500.0,0.0,0.0,0.0,0.0,0.0,0.0,0.0,0.0,0.0,655.5,0.0,0.0,0.0,0.0
011,DEF,3150,31,charge,Entretien de meubles et appareils de bureau,0,0,4100.0,4100.0,3600.0,4100.0,4100.0,4100.0,4100.0,4100.0,4100.0,2014.0,430.8,1920.5,804.2,850.85,430.8,882.3,772.9
011,DEF,3153,31,charge,Entretien informatique (matériel),0,0,14600.0,1000.0,500.0,500.0,500.0,500.0,500.0,500.0,500.0,12595.54,12268.46,122.65,0.0,611.05,0.0,0.0,0.0
011,DEF,3158,31,charge,Entretien des immobilisations incorporelles,0,0,0.0,0.0,0.0,0.0,0.0,0.0,0.0,0.0,100000.0,200.0,0.0,0.0,200.0,0.0,0.0,0.0,0.0
011,DEF,3160,31,charge,Loyer et bail à ferme des biens-fonds,0,0,139800.0,139800.0,139800.0,139800.0,145100.0,145100.0,143500.0,143500.0,143500.0,139800.0,139800.0,139800.0,139800.0,142590.0,143520.0,143520.0,143520.0
011,DEF,3161,31,charge,"Loyers, frais d'utilisation des immobilisations",0,0,51600.0,48000.0,47000.0,46000.0,46000.0,30000.0,30000.0,30000.0,30000.0,43661.15,42056.25,28768.01,19700.26,16862.15,21612.65,22840.65,22029.75
011,DEF,3169,31,charge,Autres loyers et frais d'utilisation,0,0,8800.0,8800.0,8800.0,8800.0,8800.0,8800.0,8800.0,8800.0,8800.0,5646.56,7767.25,5103.21,5079.4,5250.62,5324.62,5464.91,5062.94
011,DEF,3170,31,charge,Dédommagements - Frais de déplacement et autres frais,0,0,130800.0,131500.0,135500.0,137500.0,141500.0,150000.0,135000.0,135000.0,135000.0,136606.6,122941.7,63934.85,72256.85,139652.2,95653.35,109022.4,56612.2
011,DEF,3180,31,charge,Réévaluations sur créances,0,0,0.0,0.0,0.0,0.0,0.0,0.0,0.0,0.0,0.0,0.0,0.0,0.0,0.0,0.0,1400.0,0.0,0.0
011,DEF,3181,31,charge,Pertes sur créance effectives,0,0,0.0,0.0,0.0,0.0,0.0,0.0,0.0,0.0,0.0,144.75,-144.75,0.0,0.0,0.0,0.0,0.0,0.0
011,DEF,3199,31,charge,Autres charges d'exploitation,0,0,4200.0,5200.0,5200.0,5200.0,6700.0,6700.0,6700.0,6700.0,6700.0,2.35,0.0,0.0,0.0,126.01,0.0,0.0,5.9
011,DEF,3419,34,charge,Autres pertes réalisées à partir du patrimoine financier,0,0,0.0,0.0,0.0,0.0,0.0,0.0,0.0,0.0,0.0,0.0,0.0,1.44,0.0,257.42,82.88,10.17,0.0
011,DEF,3499,34,charge,Autres charges financières,0,0,0.0,0.0,0.0,0.0,0.0,0.0,300.0,300.0,300.0,0.0,0.0,0.0,0.0,0.0,-0.1,0.0,3.19
011,DEF,4210,42,revenu,Emoluments pour actes administratifs,0,0,27000.0,27000.0,30000.0,27000.0,27000.0,27000.0,27000.0,27000.0,27000.0,33150.0,28770.0,14475.0,30550.0,33050.0,17550.0,18525.0,31035.0
011,DEF,4260,42,revenu,Remboursements et participations de tiers,0,0,26000.0,10800.0,5000.0,7500.0,7500.0,7500.0,7500.0,7500.0,7500.0,11218.1,5995.85,7937.25,19330.4,8144.8,4864.4,3479.9,34255.0
011,DEF,4390,43,revenu,Autres revenus,0,0,0.0,0.0,0.0,0.0,0.0,0.0,0.0,0.0,0.0,28.92,0.0,0.0,0.0,0.0,0.0,-13.5,0.0
011,DEF,4419,44,revenu,Autres gains réalisés à partir du patrimoine financier,0,0,0.0,0.0,0.0,0.0,0.0,0.0,0.0,0.0,0.0,0.0,1.79,2.98,2.57,171.65,46.77,2.14,3.1
011,DEF,4429,44,revenu,Autres revenus de participations,0,0,0.0,0.0,0.0,0.0,0.0,0.0,0.0,0.0,0.0,0.0,1700.0,0.0,0.0,0.0,0.0,0.0,0.0
011,DEF,4440,44,revenu,Réévaluation autres placements financiers PF,0,0,0.0,0.0,0.0,0.0,0.0,0.0,0.0,0.0,0.0,0.0,0.0,0.0,0.0,1.51,3.27,0.0,-4.95
011,DEF,4611,46,revenu,Dédommagements des cantons et des concordats,0,0,220000.0,200000.0,220000.0,220000.0,220000.0,220000.0,220000.0,220000.0,220000.0,117163.0,240030.8,217817.5,178962.85,245376.2,201531.95,381796.7,179726.8
011,DEF,4631,46,revenu,Subventions des cantons et des concordats,0,0,0.0,0.0,0.0,0.0,0.0,0.0,0.0,0.0,0.0,0.0,0.0,0.0,0.0,0.0,0.0,0.0,6400.0
012,DEF,3010,30,charge,Salaires du personnel administratif et d'exploitation,0,0,58206400.0,58589700.0,59205900.0,60774100.0,60391100.0,67454900.0,73049400.0,74216200.0,74717700.0,56580536.03,56659415.75,56541987.15,57769898.35,58514827.6,59946921.65,66663397.98,71645316.4
012,DEF,3020,30,charge,Salaires des enseignants,0,0,802130100.0,819329100.0,839151500.0,862138600.0,882904600.0,917683800.0,958907700.0,999151500.0,1005587100.0,785204669.9,807738518.19,827019609.23,849060317.25,871115537.56,901814622.36,941009392.31,961858653.66
012,DEF,3030,30,charge,Travailleurs temporaires,0,0,1051000.0,972300.0,1629900.0,1773100.0,1673500.0,1788800.0,1824200.0,1879100.0,3014400.0,585702.69,791047.35,896596.75,1958471.15,2078947.9,1780918.44,2244182.85,2034384.05
012,DEF,3049,30,charge,Autres Indemnités,0,0,35100.0,35100.0,35100.0,41100.0,53800.0,53800.0,53800.0,53800.0,53800.0,33010.25,35820.45,43477.75,48449.4,50742.65,48815.85,50530.75,49093.35
012,DEF,3050,30,charge,"Cotisations patronales AVS, APG, AC, frais administratifs",0,0,54746000.0,57233500.0,58730100.0,61962400.0,62019200.0,65080300.0,68211300.0,70914500.0,71457000.0,53227263.44,54680343.58,57315198.69,59127086.89,60626869.97,63159089.13,66048992.82,67734560.19
012,DEF,3052,30,charge,Cotisations patronales aux caisses de pension,0,0,98718400.0,100598700.0,104750600.0,107807700.0,110527200.0,112389500.0,117743400.0,123012100.0,126283400.0,96434851.65,98821912.27,101404463.1,103651556.56,105689171.06,109187318.12,114685520.07,117092213.27
012,DEF,3053,30,charge,Cotisations patronales aux assurances-accidents,0,0,1149900.0,1064100.0,1424600.0,1472900.0,1505900.0,1571900.0,1644700.0,1561700.0,1564500.0,1058296.7,1086537.75,1409941.24,1448133.92,1486606.1,1539232.46,1608509.0,1503497.56
012,DEF,3054,30,charge,Cotisations patronales aux caisses d'allocations familiales,0,0,19257500.0,24310500.0,24902200.0,25582200.0,26191300.0,26331500.0,27597800.0,27501200.0,27711100.0,18658206.44,23900028.11,24423723.37,25128368.68,25762049.52,25723817.04,26899231.88,26427916.48
012,DEF,3059,30,charge,Autres cotisations patronales,0,0,544800.0,567700.0,580800.0,559500.0,555300.0,598100.0,628800.0,652700.0,717700.0,505979.1,522190.96,533538.01,548854.25,562799.13,582989.47,609875.49,625229.6
012,DEF,3090,30,charge,Formation et perfectionnement du propre personnel,0,0,2672200.0,3296300.0,3636200.0,3391500.0,3344500.0,3640600.0,3703100.0,3840200.0,3864200.0,2162999.9,3407421.36,1633544.89,3293356.59,2827055.33,2971156.21,2944871.74,2887120.3
012,DEF,3091,30,charge,Recrutement du personnel,0,0,0.0,0.0,0.0,0.0,0.0,0.0,0.0,3000.0,3000.0,0.0,0.0,0.0,5848.0,12310.0,17695.0,17835.0,0.0
012,DEF,3099,30,charge,Autres charges de personnel,0,0,378900.0,379900.0,378900.0,428900.0,429800.0,530000.0,531400.0,531300.0,531300.0,335514.9,299747.97,348361.42,320468.01,346192.2,335920.09,363026.55,380231.42
012,DEF,3100,31,charge,Matériel de bureau,0,0,287000.0,289300.0,289300.0,292500.0,297500.0,299500.0,299500.0,299400.0,280300.0,261085.37,276535.58,275730.09,267880.17,265430.85,291911.94,258472.52,269837.82
012,DEF,3101,31,charge,"Matériel d'exploitation, fournitures",0,0,0.0,0.0,0.0,0.0,0.0,0.0,0.0,2500.0,4500.0,0.0,0.0,0.0,482.85,0.0,0.0,760.66,1067.7
012,DEF,3102,31,charge,"Imprimés, publications",0,0,73100.0,68200.0,94200.0,93100.0,92900.0,90900.0,90900.0,91000.0,101000.0,51325.55,85682.3,36978.78,24615.15,103113.0,96057.16,119006.15,112422.35
012,DEF,3103,31,charge,"Littérature spécialisée, magazines",0,0,1086400.0,1086700.0,884700.0,1114100.0,1113500.0,1015500.0,915500.0,915600.0,1041600.0,563038.23,908908.71,1013551.57,713790.89,776469.66,804146.82,794237.83,753662.8
012,DEF,3104,31,charge,Matériel didactique,0,0,19084200.0,23650300.0,23180400.0,22323200.0,22367000.0,22374400.0,22659900.0,21379700.0,22589700.0,17550993.26,19005888.78,19298368.18,20347713.82,19978791.96,21516691.59,22442221.09,21114184.3
012,DEF,3105,31,charge,Denrées alimentaires,0,0,10000.0,15000.0,20000.0,20000.0,20000.0,20000.0,20000.0,20000.0,20000.0,12268.65,14170.95,12670.0,15378.0,15021.4,14417.4,14863.55,16502.7
012,DEF,3106,31,charge,Matériel médical et de laboratoire,0,0,0.0,0.0,0.0,0.0,0.0,0.0,0.0,0.0,0.0,0.0,0.0,1384771.92,466581.87,13511.97,7938.27,0.0,0.0
012,DEF,3110,31,charge,Meubles et appareils de bureau,0,0,0.0,45000.0,45000.0,50000.0,56000.0,56500.0,71500.0,71500.0,71500.0,3493.15,3308.0,6060.45,7005.8,182102.76,30007.52,43931.59,26070.42
012,DEF,3111,31,charge,"Machines, appareils et véhicules",0,0,286200.0,285200.0,275200.0,270200.0,273100.0,263100.0,235800.0,235900.0,235900.0,240953.26,229467.53,231980.68,190887.68,209330.42,218851.64,179232.04,216091.7
012,DEF,3112,31,charge,"Vêtements, linge, rideaux",0,0,0.0,0.0,0.0,1000.0,1000.0,1000.0,1000.0,1000.0,3000.0,70.65,135.9,728.8,0.0,2178.67,1071.2,5249.27,5242.34
012,DEF,3113,31,charge,Matériel informatique,0,0,4982900.0,5750800.0,5264600.0,5009300.0,1129200.0,1541300.0,977000.0,927000.0,927000.0,3943490.62,4672676.28,5071205.76,4163823.0,4166635.73,594377.42,701533.01,713243.73
012,DEF,3118,31,charge,Immobilisations incorporelles,0,0,473500.0,365000.0,365000.0,558500.0,1000500.0,1478600.0,845500.0,525500.0,525500.0,312255.38,348634.69,357894.67,776041.26,743165.59,595882.32,845045.3,345644.47
012,DEF,3120,31,charge,Alimentation et élimination des biens-fonds PA,0,0,2000.0,2000.0,2000.0,2000.0,2000.0,2000.0,2000.0,7000.0,7000.0,783.95,1933.25,3974.36,2212.65,858.2,2127.55,4256.2,5916.55
012,DEF,3130,31,charge,Prestations de services de tiers,0,0,21729500.0,21696600.0,3466200.0,3549600.0,3776600.0,5337400.0,5565200.0,6481000.0,6986600.0,21813470.63,21442573.23,3084621.86,3249381.66,3761034.59,4049209.52,4927847.69,5877494.84
012,DEF,3132,31,charge,"Honoraires Conseillers externes, experts, spécialistes, etc.",0,0,0.0,0.0,0.0,0.0,0.0,0.0,0.0,0.0,0.0,0.0,0.0,0.0,0.0,60000.0,102410.0,0.0,36000.0
012,DEF,3134,31,charge,Primes d'assurances choses,0,0,0.0,0.0,0.0,0.0,0.0,0.0,0.0,1000.0,1000.0,0.0,0.0,0.0,0.0,0.0,0.0,267.96,0.0
012,DEF,3138,31,charge,"Cours, examens et conseils",0,0,595500.0,595500.0,590500.0,567500.0,770500.0,770500.0,770500.0,670500.0,790500.0,556694.22,545730.35,521989.72,397450.24,380382.59,690502.49,662020.0,737852.21
012,DEF,3150,31,charge,Entretien de meubles et appareils de bureau,0,0,194600.0,193700.0,220700.0,220700.0,220700.0,205700.0,211200.0,306300.0,306300.0,237061.11,216265.89,179296.25,201391.15,175118.29,227078.16,249250.62,201447.4
012,DEF,3151,31,charge,"Entretien de machines, appareils, véhicules",0,0,0.0,0.0,0.0,0.0,0.0,0.0,0.0,2500.0,2500.0,0.0,0.0,0.0,0.0,0.0,0.0,119.35,209.5
012,DEF,3153,31,charge,Entretien informatique (matériel),0,0,1350200.0,1565900.0,1165900.0,111600.0,111600.0,92600.0,92600.0,92600.0,92600.0,1053420.38,974880.09,48640.05,42271.48,67224.87,68238.17,68452.25,42535.09
012,DEF,3158,31,charge,Entretien des immobilisations incorporelles,0,0,481100.0,634000.0,1284000.0,3311900.0,3311900.0,3686900.0,4953300.0,6663300.0,8039900.0,663953.02,515820.91,2060660.56,3563191.96,3937537.49,5060483.73,5654795.85,5585569.41
012,DEF,3160,31,charge,Loyer et bail à ferme des biens-fonds,0,0,489200.0,489200.0,594200.0,1184600.0,1219700.0,1288700.0,1318700.0,1379700.0,1559700.0,489150.0,489150.0,1076481.4,1131750.0,1162230.0,1107902.4,1191072.58,1329701.76
012,DEF,3161,31,charge,"Loyers, frais d'utilisation des immobilisations",0,0,3704000.0,3701300.0,4099800.0,4099400.0,4100300.0,4225100.0,4028100.0,3859100.0,3885100.0,3680988.01,3916996.88,4046573.92,4649886.67,4251491.14,3899254.46,3734644.74,3951162.23
012,DEF,3169,31,charge,Autres loyers et frais d'utilisation,0,0,310000.0,307000.0,325000.0,325000.0,325000.0,325000.0,325000.0,295000.0,295000.0,307298.14,308087.0,217724.28,285334.21,281254.52,282753.02,286416.7,292429.72
012,DEF,3170,31,charge,Dédommagements - Frais de déplacement et autres frais,0,0,917200.0,962400.0,1039400.0,1045200.0,1053200.0,1084200.0,1113200.0,1103300.0,1104300.0,939908.23,986566.9,687733.22,864366.16,963561.92,1080549.66,1044151.88,1053140.47
012,DEF,3171,31,charge,"Dédommagements - Excursions, voyages scolaires et camps",0,0,2020000.0,2018000.0,2018000.0,2018000.0,2138000.0,1918000.0,1918000.0,2018000.0,2418000.0,1682348.02,1497075.28,715087.92,501924.11,1365793.7,1847454.85,2066555.75,2283678.91
012,DEF,3180,31,charge,Réévaluations sur créances,0,0,0.0,0.0,0.0,0.0,0.0,0.0,0.0,0.0,0.0,-4961.15,-5613.8,0.0,0.0,-1200.0,0.0,0.0,0.0
012,DEF,3181,31,charge,Pertes sur créance effectives,0,0,2000.0,2000.0,5000.0,5000.0,5000.0,5000.0,5000.0,5000.0,5000.0,2993.65,13326.26,1393.1,10289.25,1756.0,644.55,712.3,2269.8
012,DEF,3190,31,charge,Prestations de dommages et intérêts,0,0,0.0,0.0,0.0,0.0,0.0,0.0,0.0,0.0,0.0,0.0,0.0,0.0,0.0,0.0,125.0,850.65,5173.0
012,DEF,3199,31,charge,Autres charges d'exploitation,0,0,3800.0,3800.0,23800.0,18800.0,17300.0,17300.0,17300.0,17300.0,17300.0,16250.95,15072.8,3512.38,13095.9,12604.05,2380.15,6560.66,36088.3
012,DEF,3300,33,charge,Amortissements planifiés immobilisations corporelles PA,0,0,0.0,0.0,0.0,0.0,3610800.0,5405000.0,7605000.0,9405000.0,8605000.0,0.0,0.0,0.0,0.0,0.0,2412493.08,4759410.31,6485510.06
012,DEF,3301,33,charge,Amortissements non planifiés immobilisations corporelles PA,0,0,0.0,0.0,0.0,0.0,0.0,0.0,0.0,0.0,0.0,0.0,0.0,0.0,0.0,0.0,0.0,20383.83,24278.21
012,DEF,3400,34,charge,Intérêts passifs des engagements courants,0,0,0.0,0.0,5000.0,2000.0,2000.0,2000.0,2000.0,2000.0,2000.0,0.0,5000.0,0.0,0.0,0.0,20986.05,0.0,8874.92
012,DEF,3419,34,charge,Autres pertes réalisées à partir du patrimoine financier,0,0,0.0,0.0,0.0,0.0,0.0,0.0,0.0,0.0,0.0,-95.56,1112.6,865.82,21559.25,1127.09,464.41,1599.86,2524.23
012,DEF,3440,34,charge,Réévaluations des placements financiers PF,0,0,0.0,0.0,0.0,0.0,0.0,0.0,0.0,0.0,0.0,0.0,0.0,16.7,-16.7,0.0,0.0,2.59,-2.59
012,DEF,3499,34,charge,Autres charges financières,0,0,0.0,0.0,0.0,0.0,0.0,0.0,600.0,600.0,600.0,-165.55,-121.75,-51.2,-67.4,-218.9,-194.05,-134.85,-175.3
012,DEF,3610,36,charge,Dédommagements à la Confédération,0,0,0.0,0.0,0.0,0.0,0.0,0.0,4300000.0,2000000.0,2000000.0,0.0,0.0,0.0,0.0,0.0,0.0,107652.4,711356.0
012,DEF,3611,36,charge,Dédommagements aux cantons et aux concordats,0,0,3025700.0,3157300.0,2957300.0,3000000.0,3000000.0,3000000.0,2700000.0,2700000.0,2700000.0,2546246.6,2820791.32,2992037.98,2715107.02,2876068.61,2467381.17,2536498.93,2799979.39
012,DEF,3612,36,charge,Dédommagements aux communes et associations intercommunales,0,0,14588400.0,14065700.0,14119600.0,13991500.0,13236600.0,12891300.0,13693100.0,13502800.0,14202800.0,13626000.52,13836556.16,14307441.09,14332363.27,14282006.66,14406239.17,15685266.29,13807717.26
012,DEF,3634,36,charge,Subventions accordées aux entreprises publiques,0,0,2407800.0,2671600.0,2274800.0,2756600.0,2788000.0,4434600.0,4523700.0,4574500.0,4574500.0,2389709.7,1493273.69,1708377.0,1819529.0,2311991.0,2427606.0,2508510.0,2942706.0
012,DEF,3635,36,charge,Subventions accordées aux entreprises privées,0,0,0.0,0.0,18045000.0,18863000.0,19216300.0,19216300.0,18093900.0,17093900.0,17093900.0,0.0,0.0,16647479.5,18826284.6,17915659.05,17380129.95,17021703.6,16237701.45
012,DEF,3636,36,charge,Subventions accordées aux org privées à but non lucratif,0,0,162013900.0,164495400.0,164524300.0,167391700.0,169562300.0,182328200.0,196543700.0,208256800.0,219600200.0,161607659.96,159065424.86,159896196.34,164973386.89,173970706.89,188524917.5,188524455.75,196991210.98
012,DEF,3637,36,charge,Subventions accordées aux ménages privés,0,0,178900.0,178900.0,178900.0,178900.0,178900.0,78900.0,78900.0,16500.0,16500.0,170278.15,155689.4,60038.6,9040.0,6128.0,1827.7,1556.4,2268.8
012,DEF,3707,37,charge,Subventions redistribuées aux ménages privés,0,0,0.0,0.0,0.0,0.0,0.0,0.0,0.0,0.0,0.0,0.0,0.0,0.0,0.0,0.0,0.0,0.0,638.0
012,DEF,3910,39,charge,Imput int pour prestations de service,0,0,813500.0,375000.0,375000.0,372100.0,363600.0,45000.0,45000.0,45000.0,45000.0,657216.59,788163.36,249734.57,401752.58,262298.4,187453.05,6991.7,11977.8
012,DEF,3930,39,charge,Imput int pour frais administratifs et d'exploitation,0,0,0.0,0.0,0.0,0.0,0.0,0.0,0.0,0.0,0.0,0.0,40000.0,0.0,0.0,0.0,0.0,0.0,0.0
012,DEF,4210,42,revenu,Emoluments pour actes administratifs,0,0,10000.0,10000.0,10000.0,10000.0,10000.0,10000.0,10000.0,10000.0,10000.0,9985.8,9721.1,7424.4,8251.25,8655.0,9494.0,8847.75,9411.7
012,DEF,4230,42,revenu,Frais d’écolage,0,0,0.0,0.0,0.0,0.0,0.0,0.0,0.0,0.0,0.0,100.0,0.0,0.0,0.0,0.0,0.0,0.0,0.0
012,DEF,4260,42,revenu,Remboursements et participations de tiers,0,0,167000.0,178600.0,158000.0,125700.0,124000.0,124800.0,124800.0,131800.0,148300.0,480664.01,214485.8,474362.55,262755.9,186030.38,138005.15,111450.3,175650.9
012,DEF,4270,42,revenu,Amendes,0,0,5000.0,5000.0,10000.0,0.0,0.0,0.0,0.0,0.0,0.0,8976.25,9784.0,7854.95,8866.7,5446.9,145.0,10.0,0.0
012,DEF,4309,43,revenu,Autres revenus d'exploitation,0,0,30000.0,30000.0,27000.0,28000.0,28000.0,28000.0,28000.0,28000.0,28000.0,19943.7,25541.25,27292.44,16320.49,13162.05,14556.05,31389.1,29974.7
012,DEF,4390,43,revenu,Autres revenus,0,0,0.0,0.0,0.0,0.0,0.0,0.0,0.0,0.0,0.0,3934.08,0.0,0.0,0.0,0.0,0.0,0.0,0.0
012,DEF,4419,44,revenu,Autres gains réalisés à partir du patrimoine financier,0,0,0.0,0.0,0.0,0.0,0.0,0.0,0.0,0.0,0.0,0.0,4246.24,1160.95,2958.19,3266.38,6613.54,833.43,6324.57
012,DEF,4440,44,revenu,Réévaluation autres placements financiers PF,0,0,0.0,0.0,0.0,0.0,0.0,0.0,0.0,0.0,0.0,0.0,94.36,184.39,3134.55,-3368.06,26.02,68.41,-128.58
012,DEF,4470,44,revenu,Loyers et fermages des biens-fonds PA,0,0,215000.0,215000.0,215000.0,215000.0,215000.0,215000.0,215000.0,215000.0,215000.0,215000.0,215000.0,215000.0,215000.0,215000.0,215000.0,215000.0,215000.0
012,DEF,4511,45,revenu,Prélèvements sur les fonds sous capital propre,0,0,300000.0,300000.0,300000.0,300000.0,300000.0,300000.0,300000.0,300000.0,300000.0,448114.28,532957.21,207928.14,221835.08,193477.25,555968.58,380811.54,573110.51
012,DEF,4610,46,revenu,Dédommagements de la Confédération,0,0,104800.0,128100.0,126500.0,124100.0,124100.0,124100.0,124100.0,124100.0,124100.0,75499.4,102268.2,129627.35,182632.45,169925.55,120691.08,86186.72,140430.5
012,DEF,4611,46,revenu,Dédommagements des cantons et des concordats,0,0,217100.0,217100.0,187100.0,170100.0,170100.0,471200.0,471200.0,471200.0,471200.0,117436.53,163458.25,157216.75,229191.7,666559.96,210221.64,235131.73,302599.95
012,DEF,4612,46,revenu,Dédommagements des communes et associations intercommunales,0,0,3650000.0,3650000.0,3500000.0,3000000.0,3000000.0,3000000.0,2600000.0,2600000.0,2600000.0,3504234.39,3411578.01,3028741.7,2836558.4,2292822.65,1949674.6,1770543.5,1781058.4
012,DEF,4614,46,revenu,Indemnités des entreprises publiques,0,0,0.0,0.0,0.0,64200.0,64200.0,64200.0,64200.0,64200.0,64200.0,22325.1,0.0,0.0,33506.1,63153.65,85682.15,78275.9,72006.8
012,DEF,4630,46,revenu,Subventions de la Confédération,0,0,100000.0,100000.0,350000.0,350000.0,350000.0,350000.0,350000.0,350000.0,350000.0,101227.4,316946.0,380006.0,171148.0,362758.0,374690.1,383448.13,398003.1
012,DEF,4635,46,revenu,Subventions des entreprises privées,0,0,0.0,0.0,0.0,0.0,0.0,0.0,0.0,0.0,0.0,0.0,0.0,0.0,0.0,0.0,0.0,2500.0,2500.0
012,DEF,4636,46,revenu,Subventions des organisations privées à but non lucratif,0,0,0.0,0.0,0.0,0.0,0.0,0.0,0.0,0.0,16000.0,0.0,0.0,0.0,3801365.8,39036.58,0.0,0.0,16755.0
012,DEF,4706,47,revenu,Subventions à redistribuer reçues des org à but non lucratif,0,0,0.0,0.0,0.0,0.0,0.0,0.0,0.0,0.0,0.0,0.0,0.0,0.0,0.0,0.0,0.0,0.0,638.0
012,DEF,4910,49,revenu,Imput int pour prestations de service,0,0,528500.0,0.0,0.0,0.0,0.0,0.0,0.0,0.0,0.0,530105.0,574960.0,0.0,0.0,0.0,0.0,0.0,0.0
013,DEF,3010,30,charge,Salaires du personnel administratif et d'exploitation,0,0,20709800.0,20716400.0,21584600.0,23741700.0,24789900.0,27795900.0,30888700.0,30568300.0,31305700.0,20233962.75,20164312.05,21770060.8,22236857.69,23213823.25,24972643.55,27165262.25,29929163.1
013,DEF,3020,30,charge,Salaires des enseignants,0,0,160000.0,170000.0,170000.0,170000.0,170000.0,0.0,0.0,180000.0,170000.0,463046.86,127872.4,82332.8,89335.2,176849.3,176913.9,181715.9,154372.0
013,DEF,3030,30,charge,Travailleurs temporaires,0,0,320000.0,350000.0,698600.0,729000.0,1013800.0,1015400.0,991500.0,983200.0,1636300.0,324316.2,319907.8,436009.15,831086.55,968855.6,910123.33,1130875.7,768143.6
013,DEF,3049,30,charge,Autres Indemnités,0,0,12000.0,16500.0,21200.0,21200.0,21200.0,21200.0,21200.0,21200.0,25200.0,15479.75,15826.65,20352.0,22937.4,24377.3,20993.4,24659.3,28064.9
013,DEF,3050,30,charge,"Cotisations patronales AVS, APG, AC, frais administratifs",0,0,1342100.0,1381100.0,1459700.0,1640400.0,1691200.0,1882900.0,2089300.0,2055100.0,2166800.0,1329056.98,1302344.32,1448919.04,1506402.5,1597120.93,1715310.2,1863292.47,2019476.82
013,DEF,3052,30,charge,Cotisations patronales aux caisses de pension,0,0,2414500.0,2406800.0,2564000.0,2816200.0,2963900.0,3320900.0,3688900.0,3673600.0,3826900.0,2481112.61,2438590.4,2648931.15,2722193.84,2887303.05,3076962.5,3343964.65,3608239.95
013,DEF,3053,30,charge,Cotisations patronales aux assurances-accidents,0,0,30400.0,25700.0,36100.0,39300.0,41600.0,46100.0,50500.0,45900.0,46400.0,27591.27,27523.3,37018.37,38917.53,41216.3,43504.64,47167.69,46931.71
013,DEF,3054,30,charge,Cotisations patronales aux caisses d'allocations familiales,0,0,583200.0,587600.0,619200.0,678600.0,714700.0,763000.0,845000.0,807400.0,840400.0,466751.22,569038.13,617428.94,639784.81,677614.56,696517.84,758237.24,785743.78
013,DEF,3059,30,charge,Autres cotisations patronales,0,0,12800.0,12900.0,14000.0,15100.0,16500.0,18000.0,19500.0,19400.0,30300.0,12640.1,12576.93,13328.15,13962.85,14794.16,15791.67,17219.18,18578.8
013,DEF,3090,30,charge,Formation et perfectionnement du propre personnel,0,0,174500.0,174500.0,185000.0,166000.0,166000.0,166000.0,166000.0,166000.0,171700.0,123302.7,123597.95,103772.8,110664.35,160853.34,159862.17,141226.44,184689.97
013,DEF,3091,30,charge,Recrutement du personnel,0,0,0.0,0.0,0.0,0.0,0.0,0.0,0.0,0.0,0.0,0.0,0.0,0.0,0.0,0.0,0.0,51888.0,0.0
013,DEF,3099,30,charge,Autres charges de personnel,0,0,42400.0,47400.0,48400.0,48400.0,48400.0,53400.0,56000.0,56000.0,61000.0,39522.45,35867.74,33345.35,37127.1,48717.78,51122.55,65818.94,52204.6
013,DEF,3100,31,charge,Matériel de bureau,0,0,109400.0,94400.0,95900.0,94000.0,96000.0,84000.0,84000.0,84000.0,58200.0,71727.2,73095.2,64857.55,90556.1,50522.69,44504.36,47257.26,46114.29
013,DEF,3101,31,charge,"Matériel d'exploitation, fournitures",0,0,0.0,0.0,0.0,0.0,0.0,600.0,600.0,600.0,1600.0,0.0,0.0,0.0,0.0,2832.78,1310.37,2428.59,2180.96
013,DEF,3102,31,charge,"Imprimés, publications",0,0,78300.0,83000.0,121000.0,168500.0,460500.0,432800.0,305500.0,375500.0,371000.0,82100.05,80949.45,69158.0,113718.1,224400.9,240968.59,419536.65,336692.49
013,DEF,3103,31,charge,"Littérature spécialisée, magazines",0,0,346000.0,324000.0,325100.0,299600.0,69100.0,80200.0,91900.0,18700.0,15500.0,307631.88,277483.28,268734.06,251958.72,73917.76,52190.84,14054.17,11939.52
013,DEF,3104,31,charge,Matériel didactique,0,0,0.0,0.0,0.0,0.0,0.0,0.0,0.0,0.0,3500.0,229.4,0.0,0.0,0.0,39616.05,5053.97,2901.32,2285.37
013,DEF,3106,31,charge,Matériel médical et de laboratoire,0,0,0.0,0.0,0.0,0.0,0.0,0.0,0.0,0.0,0.0,0.0,0.0,26685.48,0.0,101.75,0.0,6.27,0.0
013,DEF,3109,31,charge,Autres charges de matériel et de marchandises,0,0,0.0,0.0,0.0,0.0,0.0,0.0,0.0,0.0,0.0,0.0,54.7,0.0,0.0,0.0,0.0,0.0,0.0
013,DEF,3110,31,charge,Meubles et appareils de bureau,0,0,0.0,0.0,40000.0,50000.0,50000.0,62000.0,62000.0,62000.0,53000.0,37064.9,108399.1,57997.98,12691.2,40260.39,199306.11,138938.36,46724.25
013,DEF,3111,31,charge,"Machines, appareils et véhicules",0,0,1500.0,1500.0,1500.0,1500.0,1500.0,1500.0,1500.0,1100.0,1100.0,0.0,395.25,0.0,0.0,1428.3,181.45,2044.25,1406.0
013,DEF,3112,31,charge,"Vêtements, linge, rideaux",0,0,0.0,0.0,0.0,0.0,0.0,0.0,0.0,0.0,0.0,0.0,0.0,0.0,0.0,0.0,0.0,45.7,0.0
013,DEF,3113,31,charge,Matériel informatique,0,0,0.0,0.0,0.0,0.0,0.0,0.0,0.0,0.0,0.0,0.0,0.0,0.0,0.0,787.58,545.27,0.0,0.0
013,DEF,3119,31,charge,Autres immobilisations ne pouvant être portées à l'actif,0,0,0.0,0.0,0.0,0.0,0.0,0.0,0.0,0.0,0.0,0.0,0.0,0.0,0.0,122.39,0.0,0.0,0.0
013,DEF,3120,31,charge,Alimentation et élimination des biens-fonds PA,0,0,11200.0,12200.0,13700.0,13700.0,8700.0,8700.0,8200.0,8200.0,15200.0,8161.55,6042.38,4255.32,6282.7,13437.21,9539.6,10038.15,16041.34
013,DEF,3130,31,charge,Prestations de services de tiers,0,0,6972200.0,6917300.0,6989600.0,7055700.0,7305200.0,6740200.0,6715800.0,6725400.0,7458400.0,6820788.34,6658431.46,3503502.02,6721070.98,6584365.93,6765724.42,6840962.72,7318579.95
013,DEF,3132,31,charge,"Honoraires Conseillers externes, experts, spécialistes, etc.",0,0,234000.0,302200.0,855000.0,1195000.0,1261000.0,1041300.0,610000.0,260000.0,398500.0,254971.9,176500.96,330634.85,678305.15,275543.68,732138.7,1192353.88,587590.24
013,DEF,3134,31,charge,Primes d'assurances choses,0,0,0.0,0.0,100.0,100.0,100.0,100.0,0.0,0.0,0.0,0.0,0.0,31.3,33.2,31.35,36.85,31.35,31.35
013,DEF,3137,31,charge,Impôts et taxes,0,0,0.0,0.0,0.0,0.0,0.0,0.0,0.0,0.0,0.0,0.0,0.0,0.0,0.0,0.0,0.0,172.35,0.0
013,DEF,3138,31,charge,"Cours, examens et conseils",0,0,58000.0,28000.0,36000.0,193000.0,173000.0,169000.0,37000.0,37000.0,217000.0,26600.0,26000.0,8300.0,8400.0,87854.1,59894.43,135616.71,23050.0
013,DEF,3139,31,charge,Examens de fin d'apprentissage,0,0,2226000.0,1624500.0,1104000.0,1024000.0,1133000.0,1133000.0,1053000.0,1053000.0,1270000.0,1639375.55,954749.34,956183.62,1052477.16,1056573.99,944571.4,1208911.5,1245709.08
013,DEF,3150,31,charge,Entretien de meubles et appareils de bureau,0,0,17000.0,17000.0,17000.0,21500.0,15000.0,15000.0,15000.0,12000.0,12000.0,7626.05,33153.85,56199.06,4508.08,3127.5,17160.52,3664.55,25150.64
013,DEF,3153,31,charge,Entretien informatique (matériel),0,0,0.0,0.0,0.0,0.0,0.0,0.0,150000.0,0.0,0.0,0.0,0.0,0.0,0.0,0.0,0.0,0.0,0.0
013,DEF,3158,31,charge,Entretien des immobilisations incorporelles,0,0,0.0,0.0,0.0,0.0,0.0,0.0,0.0,0.0,0.0,0.0,0.0,0.0,0.0,-1426.95,0.0,0.0,0.0
013,DEF,3159,31,charge,Entretien d'autres biens meubles,0,0,0.0,0.0,0.0,0.0,0.0,0.0,0.0,0.0,0.0,0.0,0.0,0.0,746.66,722.88,0.0,0.0,0.0
013,DEF,3160,31,charge,Loyer et bail à ferme des biens-fonds,0,0,1021400.0,1693000.0,1686400.0,1635800.0,1690100.0,1984400.0,2031300.0,2116500.0,2276100.0,931054.9,1451804.55,1147609.85,1698688.5,1834878.04,1945975.27,1858332.4,2111152.89
013,DEF,3161,31,charge,"Loyers, frais d'utilisation des immobilisations",0,0,96000.0,93000.0,93000.0,93000.0,83600.0,68600.0,53600.0,47000.0,47000.0,85120.3,74720.35,62655.27,46217.97,50372.77,35805.87,45291.3,40777.7
013,DEF,3169,31,charge,Autres loyers et frais d'utilisation,0,0,5000.0,5000.0,5000.0,5000.0,0.0,25000.0,25000.0,23000.0,23000.0,5666.4,0.0,0.0,0.0,0.0,16155.0,21017.01,24123.32
013,DEF,3170,31,charge,Dédommagements - Frais de déplacement et autres frais,0,0,351000.0,355900.0,341400.0,349800.0,342100.0,352100.0,392800.0,371800.0,389600.0,325937.99,290263.65,204956.8,222857.33,311133.17,356931.42,368272.81,387679.93
013,DEF,3171,31,charge,"Dédommagements - Excursions, voyages scolaires et camps",0,0,160000.0,0.0,0.0,0.0,0.0,0.0,0.0,0.0,0.0,0.0,0.0,0.0,0.0,0.0,0.0,0.0,0.0
013,DEF,3180,31,charge,Réévaluations sur créances,0,0,0.0,0.0,0.0,0.0,0.0,0.0,0.0,0.0,0.0,0.0,0.0,0.0,10591.75,-9991.75,3483.5,121.2,17735.7
013,DEF,3181,31,charge,Pertes sur créance effectives,0,0,7000.0,7000.0,7000.0,7000.0,3000.0,3000.0,3000.0,3000.0,3000.0,0.0,2300.0,0.0,12.5,92.1,1248.7,0.0,0.0
013,DEF,3199,31,charge,Autres charges d'exploitation,0,0,7000.0,12000.0,12000.0,12700.0,6500.0,6500.0,6500.0,4700.0,4700.0,9187.05,6104.6,4498.72,5021.85,4938.8,15714.35,18922.5,3403.85
013,DEF,3419,34,charge,Autres pertes réalisées à partir du patrimoine financier,0,0,0.0,0.0,0.0,0.0,0.0,0.0,0.0,0.0,0.0,-58.77,131.27,9.74,53.04,38.67,171.63,209.75,34.4
013,DEF,3440,34,charge,Réévaluations des placements financiers PF,0,0,0.0,0.0,0.0,0.0,0.0,0.0,0.0,0.0,0.0,0.0,0.0,0.0,0.0,0.0,0.0,2.69,-2.69
013,DEF,3499,34,charge,Autres charges financières,0,0,0.0,0.0,0.0,0.0,0.0,0.0,0.0,0.0,0.0,0.0,0.0,0.0,-24.75,0.0,-7.75,-5.77,20.0
013,DEF,3511,35,charge,Attributions aux fonds sous capital propre,0,0,0.0,0.0,0.0,0.0,0.0,0.0,0.0,0.0,0.0,0.0,0.0,0.0,0.0,11589.0,0.0,0.0,0.0
013,DEF,3611,36,charge,Dédommagements aux cantons et aux concordats,0,0,14470600.0,15085700.0,15155700.0,14276700.0,15204100.0,15973500.0,16374500.0,17644000.0,18107000.0,14821450.4,14797958.75,13919084.05,19871392.74,16087824.48,14744877.73,16678990.86,17600266.29
013,DEF,3622,36,charge,Péréqu fin et compens des charges comm/assoc intercommunales,0,0,0.0,0.0,100000.0,100000.0,100000.0,99000.0,99000.0,99000.0,99000.0,0.0,0.0,0.0,90000.0,99000.0,99000.0,99000.0,99000.0
013,DEF,3634,36,charge,Subventions accordées aux entreprises publiques,0,0,968900.0,982000.0,578700.0,797500.0,1401000.0,1281300.0,1008000.0,876000.0,910800.0,962400.0,982400.0,982000.0,1024124.58,1086716.15,1234992.0,1089070.0,939265.05
013,DEF,3635,36,charge,Subventions accordées aux entreprises privées,0,0,100000.0,88000.0,100000.0,100000.0,30000.0,100000.0,915000.0,585000.0,225000.0,70425.0,82125.0,6624425.0,7587528.65,168740.0,137825.0,127750.0,278533.0
013,DEF,3636,36,charge,Subventions accordées aux org privées à but non lucratif,0,0,35886900.0,38101000.0,40569900.0,41151300.0,41324700.0,42021300.0,43114700.0,42855700.0,46112600.0,34476695.39,35841986.03,36565673.89,36576405.93,36900494.82,38636194.3,39385575.5,42531495.91
013,DEF,3637,36,charge,Subventions accordées aux ménages privés,0,0,0.0,246000.0,1060000.0,1330000.0,1375300.0,1025000.0,815000.0,810000.0,655000.0,434485.95,34613.4,207558.05,755198.75,202747.42,825042.73,684722.43,555099.85
013,DEF,3638,36,charge,Subventions à redistribuer à l'étranger,0,0,0.0,0.0,70000.0,70000.0,0.0,0.0,0.0,0.0,0.0,0.0,0.0,0.0,0.0,0.0,0.0,0.0,0.0
013,DEF,3706,37,charge,Subventions redistribuées aux org privées à but non lucratif,0,0,390500.0,390500.0,0.0,0.0,0.0,0.0,0.0,0.0,0.0,45000.0,25000.0,74632.4,0.0,0.0,0.0,0.0,0.0
013,DEF,3910,39,charge,Imput int pour prestations de service,0,0,0.0,0.0,0.0,1100000.0,1100000.0,600000.0,620000.0,1441000.0,1441000.0,0.0,0.0,0.0,0.0,814609.0,770140.0,738908.22,615410.0
013,DEF,3990,39,charge,Autres imputations internes,0,0,1510000.0,1510000.0,1510000.0,1510000.0,1910000.0,1910000.0,1910000.0,2060000.0,2035000.0,1803828.0,1844606.0,1865868.75,3422434.86,2048758.52,2109099.78,2725735.5,2392186.25
013,DEF,4210,42,revenu,Emoluments pour actes administratifs,0,0,14000.0,15000.0,14000.0,14000.0,14000.0,14000.0,17000.0,17000.0,126900.0,14475.0,16530.0,13174.98,16930.8,15735.0,15050.0,15650.0,14300.0
013,DEF,4230,42,revenu,Frais d'écolage,0,0,2148000.0,2148000.0,1628000.0,1628000.0,1728000.0,1728000.0,1778000.0,1896000.0,2210000.0,1156395.02,1539871.31,944315.94,1812556.15,2031982.92,1571197.28,2053666.48,2214263.47
013,DEF,4231,42,revenu,Taxes de cours,0,0,0.0,0.0,0.0,0.0,0.0,0.0,0.0,0.0,0.0,0.0,0.0,0.0,40900.0,19748.6,0.0,0.0,0.0
013,DEF,4250,42,revenu,Ventes,0,0,2500.0,2500.0,2500.0,2500.0,2500.0,2500.0,2500.0,2000.0,500.0,3464.0,2765.0,825.0,1875.0,375.0,350.0,2320.0,3160.0
013,DEF,4260,42,revenu,Remboursements et participations de tiers,0,0,532500.0,563000.0,1024800.0,571300.0,541100.0,232300.0,219300.0,213300.0,221700.0,228880.85,230114.0,345676.91,325271.25,268235.5,233300.43,235551.93,208136.22
013,DEF,4309,43,revenu,Autres revenus d'exploitation,0,0,70000.0,47000.0,47000.0,47000.0,47000.0,47000.0,47000.0,60000.0,60000.0,47200.0,66915.0,46515.0,45840.0,0.0,119475.0,63866.35,64605.0
013,DEF,4419,44,revenu,Autres gains réalisés à partir du patrimoine financier,0,0,0.0,0.0,0.0,0.0,0.0,0.0,0.0,0.0,0.0,0.0,22.06,9.26,750.98,277.57,466.62,1422.61,84.34
013,DEF,4429,44,revenu,Autres revenus de participations,0,0,0.0,0.0,0.0,0.0,0.0,0.0,0.0,0.0,0.0,0.0,200.0,0.0,0.0,0.0,0.0,0.0,0.0
013,DEF,4440,44,revenu,Réévaluation autres placements financiers PF,0,0,0.0,0.0,0.0,0.0,0.0,0.0,0.0,0.0,0.0,0.0,0.0,53.55,-53.55,43.03,3044.14,-3087.17,0.0
013,DEF,4510,45,revenu,Prélèvements sur les financements spéciaux du capital propre,0,0,0.0,0.0,0.0,0.0,0.0,0.0,0.0,0.0,0.0,35000.0,0.0,0.0,0.0,0.0,0.0,0.0,0.0
013,DEF,4511,45,revenu,Prélèvements sur les fonds sous capital propre,0,0,0.0,0.0,0.0,0.0,0.0,0.0,0.0,160000.0,0.0,0.0,0.0,6790300.0,7702870.1,0.0,0.0,0.0,84614.4
013,DEF,4611,46,revenu,Dédommagements des cantons et des concordats,0,0,24457100.0,24457100.0,24057100.0,23677100.0,24361300.0,24716200.0,24904200.0,24721200.0,24991200.0,6530851.25,23532550.0,21018126.3,32486588.02,25429360.84,23502317.05,25350384.59,25562474.68
013,DEF,4614,46,revenu,Indemnités des entreprises publiques,0,0,0.0,0.0,0.0,0.0,0.0,0.0,0.0,0.0,0.0,0.0,0.0,0.0,79000.0,0.0,107600.0,0.0,0.0
013,DEF,4630,46,revenu,Subventions de la Confédération,0,0,62829000.0,62274400.0,67791400.0,66795100.0,66673000.0,67031500.0,69729700.0,65765300.0,65335800.0,68931964.65,68054962.7,68932613.7,69975697.68,65737603.37,66384523.5,64966272.3,63553610.0
013,DEF,4631,46,revenu,Subventions des cantons et des concordats,0,0,0.0,0.0,0.0,0.0,0.0,0.0,0.0,0.0,0.0,0.0,0.0,0.0,3535.0,0.0,0.0,0.0,0.0
013,DEF,4636,46,revenu,Subventions des organisations privées à but non lucratif,0,0,0.0,0.0,0.0,0.0,0.0,0.0,0.0,0.0,6000.0,0.0,6000.0,0.0,6000.0,6000.0,6000.0,7000.0,7000.0
013,DEF,4637,46,revenu,Subventions des ménages privés,0,0,0.0,0.0,0.0,0.0,0.0,0.0,0.0,0.0,0.0,0.0,0.0,0.0,0.0,6708.85,0.0,0.0,0.0
013,DEF,4700,47,revenu,Subventions à redistribuer reçues de la Confédération,0,0,390500.0,390500.0,0.0,0.0,0.0,0.0,0.0,0.0,0.0,45000.0,25000.0,74632.4,0.0,0.0,0.0,0.0,0.0
013,DEF,4990,49,revenu,Autres imputations internes,0,0,0.0,0.0,0.0,0.0,0.0,0.0,0.0,0.0,0.0,0.0,0.0,0.0,1394800.0,0.0,0.0,0.0,0.0
014,DEF,3010,30,charge,Salaires du personnel administratif et d'exploitation,0,0,21748900.0,22290100.0,20205000.0,21387200.0,20997600.0,20611100.0,20442200.0,21862700.0,22488900.0,21663625.1,21534657.22,20732061.38,18879423.05,19581465.61,20183149.1,20849595.35,21229803.41
014,DEF,3020,30,charge,Salaires des enseignants,0,0,302943900.0,305254400.0,315394700.0,326216700.0,331085200.0,340421100.0,354425100.0,365823700.0,372473500.0,294432595.48,299169092.14,302557177.05,313954844.27,323973249.65,337664422.32,354994767.37,361177635.62
014,DEF,3030,30,charge,Travailleurs temporaires,0,0,1266000.0,1291000.0,4592700.0,4391100.0,5824700.0,5030400.0,5574400.0,5645800.0,5901500.0,1149851.35,1155994.61,1009681.31,4195372.7,4618462.63,5304990.32,5487926.34,5821715.32
014,DEF,3042,30,charge,Indemnités de repas,0,0,0.0,0.0,0.0,0.0,0.0,0.0,0.0,0.0,0.0,0.0,0.0,0.0,0.0,1280.0,0.0,0.0,0.0
014,DEF,3049,30,charge,Autres Indemnités,0,0,3856800.0,3877000.0,3912600.0,3917400.0,3863600.0,3882200.0,3604500.0,3592200.0,3716400.0,3680989.42,3752584.87,3839292.27,3733671.23,3599074.99,3546988.36,3581942.23,3641113.73
014,DEF,3050,30,charge,"Cotisations patronales AVS, APG, AC, frais administratifs",0,0,20706000.0,21354700.0,22125500.0,23496500.0,23387300.0,24071600.0,25015900.0,25848000.0,26340400.0,20047467.62,20342705.49,21006194.24,21913995.73,22653360.85,23726894.09,24912152.97,25402353.06
014,DEF,3052,30,charge,Cotisations patronales aux caisses de pension,0,0,37497800.0,37519400.0,39517600.0,40946100.0,41542200.0,42594400.0,44281100.0,45757800.0,47999400.0,38200768.71,38832866.03,39176348.71,40461805.76,41659834.03,43389356.2,45673683.69,46458213.23
014,DEF,3053,30,charge,Cotisations patronales aux assurances-accidents,0,0,1101300.0,1102900.0,1289400.0,1235100.0,1177800.0,1072000.0,1158100.0,1182400.0,1110800.0,1077624.59,1011307.57,1166156.0,1182941.14,1167970.58,1050647.87,1144138.41,1129268.57
014,DEF,3054,30,charge,Cotisations patronales aux caisses d'allocations familiales,0,0,9009900.0,9080100.0,9321500.0,9710400.0,9880600.0,9743200.0,10123900.0,10027200.0,10220400.0,7003620.47,8865463.1,8922823.57,9274901.24,9583907.55,9630776.49,10112062.34,9881652.63
014,DEF,3059,30,charge,Autres cotisations patronales,0,0,200400.0,200200.0,208700.0,219900.0,223400.0,227700.0,236200.0,244000.0,368300.0,190136.95,193565.76,196075.48,203288.88,209087.05,218222.8,229706.33,231681.48
014,DEF,3090,30,charge,Formation et perfectionnement du propre personnel,0,0,894200.0,899500.0,1009200.0,1289900.0,1334900.0,1288400.0,1248800.0,1210000.0,1176700.0,842428.58,819176.55,539731.47,774690.73,950484.21,1084712.66,1098664.91,1059153.3
014,DEF,3099,30,charge,Autres charges de personnel,0,0,379800.0,384500.0,389600.0,404800.0,417800.0,415300.0,439600.0,445000.0,408700.0,337141.39,321961.27,298597.24,341758.47,350596.95,354410.8,389707.53,372575.02
014,DEF,3100,31,charge,Matériel de bureau,0,0,644300.0,648000.0,589500.0,668000.0,643100.0,647000.0,593100.0,547400.0,445700.0,542352.66,524071.9,490825.44,528475.16,735419.56,559647.76,465546.06,370569.97
014,DEF,3101,31,charge,"Matériel d'exploitation, fournitures",0,0,3069700.0,3251000.0,3230000.0,3269200.0,3302700.0,3144400.0,3148800.0,3148800.0,2953800.0,2806069.22,2890200.17,2546642.92,2914193.06,3112460.77,3309639.55,3241209.65,2886268.04
014,DEF,3102,31,charge,"Imprimés, publications",0,0,385500.0,378000.0,383400.0,403800.0,403100.0,427200.0,411000.0,361100.0,324700.0,302765.52,315916.77,239138.61,242445.58,528894.23,344655.85,374634.01,255145.77
014,DEF,3103,31,charge,"Littérature spécialisée, magazines",0,0,483500.0,486500.0,481600.0,616800.0,608700.0,636100.0,637800.0,593600.0,514500.0,430564.89,426041.8,369493.59,403179.69,519592.43,565220.46,440669.71,456216.06
014,DEF,3104,31,charge,Matériel didactique,0,0,3293000.0,3017500.0,2695700.0,2357200.0,2157100.0,2061100.0,2202600.0,2205000.0,2218500.0,2956860.85,2748121.21,2848793.13,2133473.21,2795786.98,2210734.56,2350067.96,2316067.43
014,DEF,3105,31,charge,Denrées alimentaires,0,0,631700.0,830000.0,871700.0,871700.0,2683900.0,2733900.0,2749900.0,3144600.0,3304500.0,490926.68,683769.64,566024.93,1083150.65,2130172.02,2990159.41,3359971.91,3200721.15
014,DEF,3106,31,charge,Matériel médical et de laboratoire,0,0,0.0,0.0,0.0,0.0,0.0,0.0,0.0,0.0,0.0,0.0,0.0,712133.2,0.0,33948.42,5079.3,1366.5,2198.49
014,DEF,3109,31,charge,Autres charges de matériel et de marchandises,0,0,35000.0,29500.0,24100.0,25800.0,17500.0,17500.0,17500.0,17500.0,24100.0,16164.85,9773.3,1126.88,15337.0,22191.15,24457.07,24373.36,31840.93
014,DEF,3110,31,charge,Meubles et appareils de bureau,0,0,1038500.0,1038500.0,1130800.0,1551300.0,1399900.0,930300.0,958700.0,1008200.0,1021000.0,1127582.05,1331148.38,1640017.26,1178086.05,1649585.0,1400376.51,1104659.55,778831.28
014,DEF,3111,31,charge,"Machines, appareils et véhicules",0,0,8239100.0,8723500.0,9147400.0,9168900.0,9323200.0,9646800.0,9820200.0,8001300.0,8084500.0,7888374.19,8097539.76,7432157.78,8263164.39,6423092.33,8993484.24,6898879.5,5290236.93
014,DEF,3112,31,charge,"Vêtements, linge, rideaux",0,0,0.0,0.0,0.0,0.0,0.0,0.0,0.0,0.0,0.0,0.0,0.0,0.0,0.0,65051.2,1050.3,2341.8,277.6
014,DEF,3113,31,charge,Matériel informatique,0,0,2806000.0,2915000.0,2915000.0,3115000.0,961900.0,800000.0,100000.0,50000.0,50000.0,3033799.92,2805211.77,2912177.67,3549282.28,3118175.42,961415.32,816129.44,104656.82
014,DEF,3118,31,charge,Immobilisations incorporelles,0,0,0.0,0.0,0.0,0.0,0.0,175000.0,278200.0,248200.0,323900.0,98000.0,0.0,0.0,0.0,20292.5,9251.5,23016.5,105528.69
014,DEF,3119,31,charge,Autres immobilisations ne pouvant être portées à l'actif,0,0,61000.0,54500.0,54500.0,54500.0,54500.0,54500.0,54500.0,54500.0,54500.0,43354.06,3300.0,41400.0,44260.0,42058.0,48731.6,46500.0,8640.0
014,DEF,3120,31,charge,Alimentation et élimination des biens-fonds PA,0,0,336000.0,387000.0,372400.0,438400.0,379300.0,300400.0,324800.0,319700.0,351700.0,270243.4,230420.76,219302.62,285701.58,274114.97,294205.5,312517.66,325197.72
014,DEF,3130,31,charge,Prestations de services de tiers,0,0,4410600.0,4120500.0,4099400.0,4462200.0,4622000.0,4303200.0,4180400.0,3964900.0,3686200.0,3542982.17,3596453.73,2376454.59,2799915.87,3397386.21,3695900.97,3783549.22,3401044.85
014,DEF,3132,31,charge,"Honoraires Conseillers externes, experts, spécialistes, etc.",0,0,122500.0,122500.0,125400.0,256400.0,263100.0,248100.0,248500.0,582900.0,1067000.0,87510.16,78201.28,88887.81,614694.12,143480.61,145818.76,169706.66,167785.14
014,DEF,3134,31,charge,Primes d'assurances choses,0,0,20500.0,17000.0,17200.0,15300.0,15800.0,15900.0,15200.0,15200.0,17000.0,8373.75,12194.74,12468.45,12569.16,12794.01,12803.59,15856.59,13913.45
014,DEF,3137,31,charge,Impôts et taxes,0,0,110500.0,121500.0,127000.0,131000.0,251200.0,251200.0,251200.0,251200.0,262100.0,69899.53,79397.11,105190.91,109812.89,183894.0,261851.7,261353.23,254783.88
014,DEF,3138,31,charge,"Cours, examens et conseils",0,0,2462500.0,1937000.0,1795900.0,1897500.0,1571500.0,1622400.0,1608400.0,1345300.0,1816800.0,1873558.92,969780.17,928090.61,1512322.37,1555157.54,1368531.88,1324010.07,1582869.3
014,DEF,3140,31,charge,Entretien des terrains,0,0,11000.0,11000.0,0.0,0.0,0.0,0.0,0.0,0.0,0.0,0.0,0.0,832.2,0.0,0.0,0.0,0.0,0.0
014,DEF,3150,31,charge,Entretien de meubles et appareils de bureau,0,0,1260100.0,1249000.0,1233300.0,1384700.0,1348800.0,1331100.0,1305700.0,1279000.0,1488200.0,1002114.12,1080262.69,1358120.01,1322580.05,1240441.88,1161613.0,1335996.55,1615312.29
014,DEF,3151,31,charge,"Entretien de machines, appareils, véhicules",0,0,54000.0,54500.0,56400.0,66000.0,49300.0,47300.0,35000.0,45000.0,30300.0,20616.54,12458.81,18088.52,19893.47,75825.63,25503.25,42767.16,30756.3
014,DEF,3153,31,charge,Entretien informatique (matériel),0,0,1121000.0,1321000.0,1220200.0,1320200.0,2240000.0,2200000.0,250000.0,480000.0,120000.0,1095901.58,1120010.41,1303030.25,1392525.61,1298625.33,2231299.31,2512994.32,259936.13
014,DEF,3158,31,charge,Entretien des immobilisations incorporelles,0,0,0.0,0.0,0.0,0.0,0.0,0.0,2650000.0,2150000.0,3280000.0,200000.0,0.0,0.0,0.0,3460.95,-0.45,0.0,2451123.18
014,DEF,3159,31,charge,Entretien d'autres biens meubles,0,0,14000.0,48500.0,49000.0,48500.0,48500.0,48500.0,48500.0,48500.0,48500.0,23182.26,36600.64,24570.63,32140.54,16100.56,35018.95,31021.87,14953.67
014,DEF,3160,31,charge,Loyer et bail à ferme des biens-fonds,0,0,9808000.0,9511000.0,11563300.0,14902000.0,16070500.0,12784400.0,16383300.0,21708800.0,22524100.0,9143387.92,9727892.41,8950141.8,12112149.35,14591840.52,14864176.94,13166066.97,18445410.87
014,DEF,3161,31,charge,"Loyers, frais d'utilisation des immobilisations",0,0,1385000.0,1393500.0,1428500.0,1534100.0,1529700.0,1341000.0,1391100.0,1396900.0,1420000.0,1240469.73,1309032.77,1091168.14,1289377.47,1218331.2,1328218.02,1360552.14,1351881.21
014,DEF,3169,31,charge,Autres loyers et frais d'utilisation,0,0,288000.0,292000.0,290300.0,346800.0,289000.0,281000.0,292000.0,266000.0,275000.0,218371.95,225310.68,247106.71,251968.79,255547.98,260116.75,262924.96,270428.99
014,DEF,3170,31,charge,Dédommagements - Frais de déplacement et autres frais,0,0,626500.0,659000.0,602900.0,680800.0,669600.0,540800.0,555600.0,556800.0,601900.0,584356.79,510374.76,228184.44,263956.46,417039.88,475453.6,537620.67,520009.13
014,DEF,3171,31,charge,"Dédommagements - Excursions, voyages scolaires et camps",0,0,8314300.0,7372000.0,7508700.0,7304400.0,7697400.0,7005100.0,7100700.0,7232500.0,7591900.0,7266365.45,6012152.22,2527704.31,1900343.36,5354398.3,6776131.8,7247554.09,7312698.78
014,DEF,3180,31,charge,Réévaluations sur créances,0,0,0.0,0.0,0.0,0.0,0.0,0.0,0.0,0.0,0.0,0.0,0.0,33448.1,42049.45,50300.01,29100.54,-18140.21,60728.78
014,DEF,3181,31,charge,Pertes sur créance effectives,0,0,116500.0,116500.0,120900.0,144100.0,122000.0,122000.0,122000.0,98500.0,98500.0,122717.9,120515.55,122001.25,108020.9,65579.0,149160.4,133795.0,197722.55
014,DEF,3199,31,charge,Autres charges d'exploitation,0,0,46000.0,50000.0,61000.0,68500.0,78400.0,72400.0,81200.0,71600.0,91200.0,40660.83,37834.16,76410.92,121027.18,82015.31,83309.1,88179.07,80509.84
014,DEF,3300,33,charge,Amortissements planifiés immobilisations corporelles PA,0,0,0.0,0.0,0.0,0.0,1218100.0,1300000.0,2200000.0,2796000.0,3000000.0,0.0,0.0,0.0,0.0,0.0,554777.5,1149179.08,1608098.4
014,DEF,3301,33,charge,Amortissements non planifiés immobilisations corporelles PA,0,0,0.0,0.0,0.0,0.0,0.0,0.0,0.0,0.0,0.0,0.0,0.0,0.0,0.0,0.0,0.0,61938.71,31021.69
014,DEF,3400,34,charge,Intérêts passifs des engagements courants,0,0,0.0,0.0,0.0,0.0,0.0,0.0,0.0,0.0,0.0,0.0,101818.6,6939.5,0.0,0.0,11949.05,39100.0,-9603.7
014,DEF,3419,34,charge,Autres pertes réalisées à partir du patrimoine financier,0,0,0.0,0.0,0.0,0.0,0.0,0.0,0.0,0.0,0.0,-33860.53,16418.56,3932.55,11674.38,17914.44,10324.18,36227.15,46255.23
014,DEF,3440,34,charge,Réévaluations des placements financiers PF,0,0,0.0,0.0,0.0,0.0,0.0,0.0,0.0,0.0,0.0,0.0,6.99,119.95,-126.94,8.41,50.66,-59.07,0.0
014,DEF,3499,34,charge,Autres charges financières,0,0,0.0,0.0,0.0,0.0,0.0,0.0,113100.0,111600.0,124000.0,-3075.16,-2434.19,-1851.79,-2881.13,-1765.89,-1692.95,-1100.4,115848.38
014,DEF,3510,35,charge,Attributions aux financements spéciaux sous capital propre,0,0,70000.0,39000.0,134500.0,134500.0,134500.0,134500.0,77000.0,77000.0,133500.0,198222.45,147734.06,478038.58,831274.59,380788.17,128990.23,55025.12,147711.19
014,DEF,3634,36,charge,Subventions accordées aux entreprises publiques,0,0,8888300.0,9257500.0,10123100.0,11306300.0,11013300.0,11298800.0,11924600.0,12726500.0,12685500.0,8890642.65,8789255.11,8795952.92,10450739.1,10432559.73,10610906.12,11151661.05,12329790.72
014,DEF,3635,36,charge,Subventions accordées aux entreprises privées,0,0,209000.0,65000.0,65000.0,65000.0,65000.0,65000.0,65000.0,66000.0,0.0,36564.0,36520.0,9992.0,35149.0,60809.0,108728.0,71279.0,84874.0
014,DEF,3636,36,charge,Subventions accordées aux org privées à but non lucratif,0,0,634000.0,664000.0,664000.0,664000.0,664600.0,799800.0,706500.0,876300.0,895300.0,610618.35,606857.2,2018950.0,1309650.0,618875.0,735225.0,668860.85,651350.0
014,DEF,3637,36,charge,Subventions accordées aux ménages privés,0,0,1479600.0,1664500.0,1553200.0,1466800.0,1519000.0,1818700.0,3265700.0,3260800.0,3238100.0,1139603.75,957741.56,672589.82,709338.52,1478648.6,2326091.79,3030666.11,2813363.86
014,DEF,3910,39,charge,Imput int pour prestations de service,0,0,80000.0,80000.0,80000.0,253200.0,453200.0,453200.0,373200.0,373200.0,445700.0,72960.0,68850.0,227014.67,229658.28,171748.77,293967.03,293364.0,336932.3
014,DEF,4210,42,revenu,Emoluments pour actes administratifs,0,0,0.0,0.0,0.0,0.0,0.0,0.0,0.0,0.0,0.0,380.0,420.0,250.0,320.0,340.0,310.0,350.0,560.0
014,DEF,4220,42,revenu,Taxes et subventions aux frais de pension,0,0,70000.0,70000.0,70000.0,70000.0,70000.0,70000.0,70000.0,70000.0,70000.0,50484.9,48011.9,31863.4,32832.9,60825.0,78118.0,80500.0,80010.0
014,DEF,4230,42,revenu,Frais d'écolage,0,0,7675000.0,7705000.0,7764700.0,7949200.0,8482800.0,8638600.0,8517400.0,8413400.0,8612700.0,7589016.67,7792384.26,7949296.8,8141350.72,8386797.69,8038053.27,8238894.8,8463506.77
014,DEF,4231,42,revenu,Taxes de cours,0,0,1447000.0,1438000.0,1435500.0,1435500.0,1435500.0,1435500.0,1445000.0,1405800.0,1614600.0,1428062.37,1390573.52,1394254.84,1480512.56,1494694.01,1595469.47,1415237.7,1560562.63
014,DEF,4250,42,revenu,Ventes,0,0,5152100.0,5143000.0,4915700.0,4458700.0,7083000.0,7155400.0,7387000.0,7716100.0,7399200.0,4809659.65,4828711.57,4322843.62,4662222.06,6407355.54,8134251.0,8192125.94,7728642.67
014,DEF,4260,42,revenu,Remboursements et participations de tiers,0,0,8098000.0,7014000.0,6986700.0,6748600.0,7200900.0,6080900.0,6388800.0,6064200.0,6234200.0,6397014.86,5644382.91,2393230.84,2303722.0,4954818.89,5911984.41,6162137.68,6246444.54
014,DEF,4270,42,revenu,Amendes,0,0,1500.0,0.0,0.0,0.0,0.0,0.0,0.0,0.0,0.0,0.0,0.0,0.0,0.0,23.5,14.3,0.0,0.0
014,DEF,4309,43,revenu,Autres revenus d'exploitation,0,0,543000.0,579000.0,587500.0,587500.0,592300.0,505300.0,476300.0,401300.0,341300.0,577036.98,558312.56,209446.9,483315.74,470418.15,598672.8,599910.27,395310.58
014,DEF,4310,43,revenu,Prestations propres sur immo corporelles portées à l'actif,0,0,0.0,0.0,0.0,0.0,0.0,0.0,0.0,0.0,0.0,0.0,0.0,0.0,0.0,0.0,140.0,0.0,0.0
014,DEF,4390,43,revenu,Autres revenus,0,0,312700.0,304700.0,309700.0,303400.0,307100.0,249600.0,226900.0,233100.0,237900.0,339709.71,228901.0,203607.54,250313.15,260835.32,229225.58,251373.7,241929.94
014,DEF,4419,44,revenu,Autres gains réalisés à partir du patrimoine financier,0,0,0.0,0.0,0.0,0.0,0.0,0.0,0.0,0.0,0.0,0.0,30024.75,20980.84,15347.77,41474.16,37422.32,38540.11,37821.65
014,DEF,4429,44,revenu,Autres revenus de participations,0,0,0.0,0.0,0.0,0.0,0.0,0.0,0.0,0.0,0.0,0.0,300.0,0.0,0.0,0.0,0.0,0.0,0.0
014,DEF,4440,44,revenu,Réévaluation autres placements financiers PF,0,0,0.0,0.0,0.0,0.0,0.0,0.0,0.0,0.0,0.0,0.0,1977.14,-570.29,-168.46,595.74,440.7,-1051.3,-290.28
014,DEF,4470,44,revenu,Loyers et fermages des biens-fonds PA,0,0,0.0,0.0,0.0,0.0,0.0,0.0,0.0,0.0,0.0,0.0,0.0,0.0,0.0,0.0,0.0,10.0,0.0
014,DEF,4472,44,revenu,Paiement pour utilisations des immeubles PA,0,0,97000.0,192500.0,192500.0,192500.0,192500.0,126600.0,95600.0,88500.0,80600.0,227111.8,124016.56,80362.4,71572.85,84398.15,105599.25,128722.12,91716.53
014,DEF,4510,45,revenu,Prélèvements sur les fin spéciaux sous capital propre,0,0,79500.0,139500.0,116500.0,116500.0,116500.0,116500.0,243000.0,243000.0,464500.0,348128.98,116997.95,49261.16,0.0,192289.72,283096.63,450441.36,539359.06
014,DEF,4511,45,revenu,Prélèvements sur les fonds sous capital propre,0,0,664400.0,664400.0,664400.0,664400.0,664400.0,664400.0,664400.0,664400.0,664400.0,512902.51,385856.62,178493.22,475232.9,573381.53,495957.26,613693.95,618622.26
014,DEF,4611,46,revenu,Dédommagements des cantons et des concordats,0,0,0.0,0.0,0.0,0.0,0.0,55000.0,0.0,0.0,0.0,18216446.0,231944.0,153657.0,47718.0,52859.8,0.0,0.0,0.0
014,DEF,4614,46,revenu,Indemnités des entreprises publiques,0,0,670000.0,670000.0,670000.0,725900.0,725900.0,725900.0,550000.0,550000.0,550000.0,674420.0,731340.0,725960.0,606220.0,557900.0,541460.0,543740.0,536000.0
014,DEF,4630,46,revenu,Subventions de la Confédération,0,0,0.0,0.0,0.0,0.0,0.0,40000.0,2838400.0,2617900.0,1533300.0,394973.98,552332.14,3299.4,290098.95,120562.35,0.0,1860000.0,3915000.0
014,DEF,4631,46,revenu,Subventions des cantons et des concordats,0,0,0.0,0.0,0.0,0.0,0.0,0.0,0.0,0.0,0.0,0.0,0.0,0.0,0.0,0.0,15000.0,0.0,0.0
014,DEF,4634,46,revenu,Subventions des entreprises publiques,0,0,548000.0,548000.0,548000.0,548000.0,548000.0,546000.0,593000.0,564000.0,453000.0,543460.0,523930.0,525700.0,512220.0,511820.0,594820.0,485690.0,578440.0
014,DEF,4635,46,revenu,Subventions des entreprises privées,0,0,63000.0,63000.0,63000.0,63000.0,63000.0,60000.0,140000.0,140000.0,0.0,69320.0,59660.0,76220.0,64000.0,39620.0,146520.0,84940.0,121600.0
014,DEF,4636,46,revenu,Subventions des organisations privées à but non lucratif,0,0,0.0,0.0,0.0,0.0,0.0,907300.0,2099400.0,1960100.0,1825000.0,0.0,0.0,0.0,0.0,0.0,1786039.79,2504630.08,2088482.12
014,DEF,4637,46,revenu,Subventions des ménages privés,0,0,3000.0,3000.0,3000.0,3000.0,3000.0,3000.0,73000.0,0.0,0.0,11430.0,11140.0,4200.0,8200.0,9040.0,15840.0,24820.0,7600.0
014,DEF,4690,46,revenu,Autres revenus de transferts,0,0,0.0,0.0,0.0,0.0,0.0,0.0,0.0,0.0,0.0,0.0,0.0,0.0,0.0,0.0,0.0,330.0,0.0
014,DEF,4900,49,revenu,Imput int pour l'approvisionnement en matériel/marchandises,0,0,4000.0,4000.0,4000.0,4000.0,4000.0,4000.0,4000.0,4000.0,4000.0,1595.0,1617.0,0.0,0.0,0.0,0.0,0.0,0.0
014,DEF,4910,49,revenu,Imput int pour prestations de service,0,0,0.0,0.0,0.0,0.0,0.0,0.0,0.0,0.0,0.0,0.0,0.0,0.0,0.0,140.0,0.0,0.0,0.0
015,DEF,3010,30,charge,Salaires du personnel administratif et d'exploitation,0,0,2536500.0,2493600.0,2507700.0,2479500.0,2511500.0,2498300.0,2558900.0,2630700.0,2573200.0,2470234.5,2439465.6,2421898.95,2410830.31,2400988.2,2494475.8,2561322.35,2480841.55
015,DEF,3030,30,charge,Travailleurs temporaires,0,0,50000.0,10000.0,10000.0,10000.0,10000.0,10000.0,10000.0,0.0,0.0,10000.0,0.0,0.0,28451.3,0.0,0.0,0.0,0.0
015,DEF,3049,30,charge,Autres Indemnités,0,0,0.0,0.0,300.0,0.0,0.0,0.0,0.0,0.0,0.0,0.0,112.75,0.0,0.0,0.0,0.0,0.0,0.0
015,DEF,3050,30,charge,"Cotisations patronales AVS, APG, AC, frais administratifs",0,0,163700.0,166900.0,169800.0,168600.0,166900.0,165400.0,168700.0,172400.0,168600.0,155880.05,153594.13,156311.4,158149.02,155765.1,162199.99,166486.4,161473.4
015,DEF,3052,30,charge,Cotisations patronales aux caisses de pension,0,0,327400.0,327200.0,332400.0,322200.0,295500.0,295100.0,301000.0,332900.0,324600.0,316714.05,311096.7,310029.95,314201.91,305254.6,318220.3,327763.49,315104.7
015,DEF,3053,30,charge,Cotisations patronales aux assurances-accidents,0,0,3200.0,3100.0,4200.0,3900.0,4100.0,4100.0,4100.0,3800.0,3700.0,2901.1,2904.92,3589.67,3635.46,3584.25,3772.06,3854.76,3260.65
015,DEF,3054,30,charge,Cotisations patronales aux caisses d'allocations familiales,0,0,71200.0,70900.0,72000.0,69600.0,69400.0,66800.0,68000.0,66800.0,65500.0,54873.3,67060.54,66677.22,67609.15,66113.25,66706.22,68448.76,63567.15
015,DEF,3059,30,charge,Autres cotisations patronales,0,0,1600.0,1600.0,1600.0,1600.0,1600.0,1600.0,1700.0,1600.0,2300.0,1488.4,1471.3,1459.45,1479.65,1445.85,1507.82,1548.68,1503.0
015,DEF,3090,30,charge,Formation et perfectionnement du propre personnel,0,0,25000.0,10000.0,10000.0,10000.0,10000.0,10000.0,10000.0,10000.0,10000.0,815.7,2024.45,5582.61,3440.0,8713.1,990.0,1099.8,5592.55
015,DEF,3091,30,charge,Recrutement du personnel,0,0,0.0,0.0,0.0,0.0,0.0,0.0,0.0,0.0,0.0,0.0,0.0,0.0,27463.5,0.0,0.0,0.0,0.0
015,DEF,3099,30,charge,Autres charges de personnel,0,0,300.0,300.0,0.0,0.0,0.0,0.0,0.0,0.0,0.0,0.0,0.0,0.0,0.0,0.0,0.0,0.0,0.0
015,DEF,3100,31,charge,Matériel de bureau,0,0,7000.0,5000.0,6000.0,6000.0,6000.0,6000.0,5500.0,4500.0,4000.0,4809.4,6070.4,4693.55,5935.56,4364.51,3887.85,2657.45,2635.01
015,DEF,3103,31,charge,"Littérature spécialisée, magazines",0,0,3000.0,3000.0,2600.0,2600.0,2600.0,2600.0,2600.0,2600.0,21000.0,2362.65,2256.58,1310.0,1721.24,2367.0,1986.7,1585.1,1255.1
015,DEF,3104,31,charge,Matériel didactique,0,0,0.0,0.0,0.0,0.0,0.0,0.0,0.0,0.0,0.0,0.0,0.0,0.0,0.0,0.0,0.0,0.0,7.09
015,DEF,3110,31,charge,Meubles et appareils de bureau,0,0,0.0,0.0,1000.0,1000.0,1000.0,0.0,1000.0,1000.0,1500.0,949.75,0.0,0.0,491.1,242.15,762.55,0.0,995.55
015,DEF,3120,31,charge,Alimentation et élimination des biens-fonds PA,0,0,1500.0,1500.0,1500.0,1500.0,1000.0,1000.0,1000.0,1000.0,200.0,0.0,56.85,0.0,0.0,0.0,516.95,32.45,0.0
015,DEF,3130,31,charge,Prestations de services de tiers,0,0,1547000.0,1342000.0,1341000.0,1141000.0,1155500.0,1159000.0,1188600.0,915000.0,956500.0,1364834.76,1393494.49,577439.05,720014.06,1010170.99,906154.59,920884.29,815397.35
015,DEF,3132,31,charge,"Honoraires Conseillers externes, experts, spécialistes, etc.",0,0,200000.0,180000.0,177000.0,177000.0,210000.0,202000.0,218000.0,220000.0,235000.0,196237.65,160875.6,156732.5,193852.0,193851.5,283727.76,203776.02,249495.75
015,DEF,3150,31,charge,Entretien de meubles et appareils de bureau,0,0,1000.0,1000.0,1000.0,1000.0,1000.0,1000.0,1000.0,1000.0,1000.0,430.8,430.8,737.0,430.8,1185.4,430.8,432.4,647.4
015,DEF,3161,31,charge,"Loyers, frais d'utilisation des immobilisations",0,0,9000.0,9000.0,9000.0,9000.0,9000.0,5500.0,4000.0,3000.0,2500.0,7545.6,8172.8,7152.9,5832.7,3730.0,2424.25,2040.7,1680.45
015,DEF,3170,31,charge,Dédommagements - Frais de déplacement et autres frais,0,0,14000.0,14000.0,13000.0,13000.0,13000.0,13000.0,11000.0,11000.0,11000.0,11639.7,8280.3,5894.0,9496.6,8570.55,6697.25,8123.75,7210.7
015,DEF,3181,31,charge,Pertes sur créance effectives,0,0,0.0,0.0,0.0,0.0,0.0,0.0,0.0,0.0,0.0,0.0,0.0,0.0,0.0,0.0,1000.0,1000.0,0.0
015,DEF,3419,34,charge,Autres pertes réalisées à partir du patrimoine financier,0,0,0.0,0.0,0.0,0.0,0.0,0.0,0.0,0.0,0.0,36.78,308.19,113.66,212.48,82.1,144.15,122.87,114.16
015,DEF,3611,36,charge,Dédommagements aux cantons et aux concordats,0,0,172850000.0,176050000.0,178790000.0,181340000.0,183640000.0,183840000.0,186140000.0,195174400.0,202624600.0,173712117.79,176950336.27,181668915.34,184104497.47,185283871.51,185238682.4,187007779.72,191774130.36
015,DEF,3634,36,charge,Subventions accordées aux entreprises publiques,0,0,395697300.0,403559800.0,410484400.0,417276100.0,430235000.0,447573400.0,466695300.0,458196300.0,521536600.0,386423314.99,393866410.5,402897000.06,407645720.74,415758184.13,441330178.05,457796574.99,465343116.82
015,DEF,3636,36,charge,Subventions accordées aux org privées à but non lucratif,0,0,18245300.0,18582000.0,18789400.0,19279700.0,19964800.0,21881800.0,22714600.0,23709500.0,24199500.0,18665738.87,17884603.98,19245695.6,17970252.34,18003673.53,20717823.04,22998131.59,21986447.28
015,DEF,3704,37,charge,Subventions redistribuées aux entreprises publiques,0,0,233900000.0,239800000.0,244500000.0,251700000.0,250797400.0,254800000.0,250700000.0,254059600.0,253973300.0,237814906.82,244181625.2,249347482.63,252538439.34,255001559.84,252607348.76,249885785.74,248223394.7
015,DEF,3706,37,charge,Subventions redistribuées aux org privées à but non lucratif,0,0,48400000.0,48800000.0,49300000.0,49300000.0,49500000.0,49875000.0,51275000.0,51238300.0,49048200.0,48041490.47,48437983.44,48776479.19,49299775.81,49320630.76,49597135.96,49875395.56,52138261.44
015,DEF,4230,42,revenu,Frais d'écolage,0,0,20000.0,15000.0,10000.0,15000.0,20000.0,20000.0,20000.0,20000.0,20000.0,13000.0,10500.0,22000.0,22000.0,18000.0,19000.0,20500.0,23000.0
015,DEF,4260,42,revenu,Remboursements et participations de tiers,0,0,1000.0,1000.0,1000.0,1000.0,1000.0,1000.0,300.0,600.0,900.0,7407.2,3702.9,7835.9,7256.56,3295.7,5641.2,5582.0,1070.55
015,DEF,4309,43,revenu,Autres revenus d'exploitation,0,0,30000.0,25000.0,30000.0,35000.0,35000.0,20000.0,3000.0,3000.0,3000.0,9999.96,53500.0,37000.0,43275.43,35791.68,2134.2,2072.0,0.0
015,DEF,4419,44,revenu,Autres gains réalisés à partir du patrimoine financier,0,0,0.0,0.0,0.0,0.0,0.0,0.0,0.0,0.0,0.0,0.0,202.15,25.46,23.19,15.32,1.55,1.04,11.29
015,DEF,4429,44,revenu,Autres revenus de participations,0,0,0.0,0.0,0.0,0.0,0.0,0.0,0.0,0.0,0.0,0.0,200.0,0.0,0.0,0.0,0.0,0.0,0.0
015,DEF,4440,44,revenu,Réévaluation autres placements financiers PF,0,0,0.0,0.0,0.0,0.0,0.0,0.0,0.0,0.0,0.0,0.0,0.0,0.0,8.12,-8.12,0.0,0.0,0.0
015,DEF,4511,45,revenu,Prélèvements sur les fonds sous capital propre,0,0,0.0,0.0,0.0,0.0,0.0,0.0,0.0,0.0,0.0,0.0,0.0,0.0,0.0,0.0,100830.0,146000.0,150529.44
015,DEF,4611,46,revenu,Dédommagements des cantons et des concordats,0,0,2000000.0,2000000.0,2000000.0,2000000.0,2040000.0,2080000.0,2080000.0,2080000.0,2080000.0,2006027.08,1988048.77,2061311.59,2027135.44,2043043.96,2063603.01,2039129.05,2118638.69
015,DEF,4634,46,revenu,Subventions des entreprises publiques,0,0,17000000.0,13000000.0,9000000.0,9000000.0,0.0,0.0,0.0,0.0,0.0,0.0,0.0,0.0,0.0,0.0,0.0,0.0,0.0
015,DEF,4636,46,revenu,Subventions des organisations privées à but non lucratif,0,0,5700000.0,5700000.0,5700000.0,5700000.0,6100000.0,6300000.0,6200000.0,6200000.0,6200000.0,5640472.75,5502488.77,5627691.01,6047334.55,6234573.2,5686388.71,6019084.27,6349122.6
015,DEF,4701,47,revenu,Subventions à redistribuer reçues des cantons et concordats,0,0,282300000.0,288600000.0,293800000.0,301000000.0,300297400.0,304675000.0,301975000.0,305297900.0,303021500.0,285856397.29,292619608.64,298123961.82,301838215.15,304322190.6,302204484.72,299761181.3,300361656.14
017,DICIRH,3010,30,charge,Salaires du personnel administratif et d'exploitation,0,0,20648000.0,20716300.0,18679200.0,19047800.0,19834700.0,20374000.0,20975400.0,21344800.0,21476200.0,20148973.35,20020493.58,20499189.16,18965244.91,19211149.84,19883135.04,20513700.13,20802638.72
017,DICIRH,3030,30,charge,Travailleurs temporaires,0,0,2262000.0,2037000.0,2073300.0,2130300.0,1997200.0,2272800.0,2196300.0,2217300.0,2564800.0,2194637.03,2298501.42,2263243.15,2833170.53,2655357.47,2702492.27,2739546.92,2791504.75
017,DICIRH,3049,30,charge,Autres Indemnités,0,0,71000.0,73300.0,72800.0,72800.0,72300.0,82000.0,90500.0,90500.0,87500.0,65408.78,60983.0,43877.46,66758.06,78225.26,78129.53,82499.75,81091.48
017,DICIRH,3050,30,charge,"Cotisations patronales AVS, APG, AC, frais administratifs",0,0,1425000.0,1464100.0,1340000.0,1398300.0,1420800.0,1477600.0,1503000.0,1527700.0,1564200.0,1409800.13,1409531.61,1478908.35,1419589.82,1424865.84,1480141.3,1522686.02,1543747.76
017,DICIRH,3052,30,charge,Cotisations patronales aux caisses de pension,0,0,2465800.0,2478400.0,2284200.0,2322000.0,2396800.0,2511600.0,2563600.0,2615800.0,2652700.0,2463068.73,2518715.47,2554125.15,2423531.85,2463408.85,2525475.75,2634818.9,2680352.65
017,DICIRH,3053,30,charge,Cotisations patronales aux assurances-accidents,0,0,26200.0,26600.0,31200.0,32100.0,33000.0,35200.0,35700.0,33700.0,32700.0,28652.11,28621.55,37159.35,35513.98,35263.9,36694.33,36905.87,34707.12
017,DICIRH,3054,30,charge,Cotisations patronales aux caisses d'allocations familiales,0,0,604200.0,600600.0,547800.0,552300.0,578300.0,596200.0,606300.0,594600.0,599100.0,493309.72,616199.16,626337.03,601053.26,604429.0,599503.09,617520.8,602425.36
017,DICIRH,3059,30,charge,Autres cotisations patronales,0,0,12900.0,13200.0,12600.0,12800.0,13100.0,15300.0,13600.0,13800.0,20100.0,13371.89,13433.61,13679.43,13129.88,13198.56,13589.77,13996.37,14254.35
017,DICIRH,3090,30,charge,Formation et perfectionnement du propre personnel,0,0,146000.0,147000.0,136000.0,136000.0,175000.0,175000.0,147000.0,134000.0,147000.0,127913.34,123571.39,62199.64,94377.14,113519.05,115462.52,161125.63,136623.48
017,DICIRH,3099,30,charge,Autres charges de personnel,0,0,28500.0,41500.0,36500.0,36500.0,38500.0,39000.0,39000.0,38000.0,38000.0,15804.9,26992.95,34934.25,20548.05,32813.25,29547.26,27609.74,24087.45
017,DICIRH,3100,31,charge,Matériel de bureau,0,0,221800.0,275400.0,243100.0,228500.0,243100.0,224500.0,211800.0,198800.0,168500.0,178912.75,216384.91,281267.46,251880.24,188982.07,170390.17,153051.69,123431.74
017,DICIRH,3101,31,charge,"Matériel d'exploitation, fournitures",0,0,96600.0,132500.0,60500.0,80500.0,82100.0,83600.0,119600.0,100000.0,132500.0,91595.54,144406.93,137979.23,55608.99,75949.65,78273.89,138722.71,121029.85
017,DICIRH,3102,31,charge,"Imprimés, publications",0,0,1174300.0,1106300.0,995500.0,959700.0,977000.0,982000.0,927000.0,966400.0,953700.0,928951.47,1050662.76,856524.83,858189.26,879893.63,911471.4,920020.41,821001.04
017,DICIRH,3103,31,charge,"Littérature spécialisée, magazines",0,0,99000.0,110000.0,92000.0,90000.0,90600.0,68500.0,59500.0,59700.0,57200.0,82682.56,96079.04,101199.6,73501.71,69355.21,68290.72,57591.98,50120.57
017,DICIRH,3104,31,charge,Matériel didactique,0,0,80000.0,65500.0,0.0,0.0,0.0,0.0,0.0,0.0,0.0,10467.15,18430.46,15794.34,0.0,284.21,5020.85,4821.14,7320.27
017,DICIRH,3106,31,charge,Matériel médical et de laboratoire,0,0,0.0,0.0,0.0,0.0,0.0,0.0,0.0,0.0,0.0,0.0,0.0,0.0,0.0,331.19,1743.58,287.91,457.27
017,DICIRH,3109,31,charge,Autres charges de matériel et de marchandises,0,0,15000.0,15000.0,15000.0,15000.0,15000.0,0.0,0.0,0.0,0.0,16204.25,32965.0,3390.7,7589.25,22170.25,0.0,0.0,0.0
017,DICIRH,3110,31,charge,Meubles et appareils de bureau,0,0,220000.0,100000.0,143000.0,135900.0,230800.0,0.0,0.0,0.0,0.0,240793.49,215917.17,244652.54,141656.98,141043.2,210051.64,82997.09,0.0
017,DICIRH,3111,31,charge,"Machines, appareils et véhicules",0,0,803000.0,800300.0,589500.0,632000.0,641000.0,784000.0,995400.0,872800.0,1119000.0,889412.72,863649.94,863837.06,599835.03,681634.52,801986.56,669467.1,1063071.88
017,DICIRH,3112,31,charge,"Vêtements, linge, rideaux",0,0,0.0,0.0,0.0,0.0,0.0,0.0,0.0,0.0,0.0,0.0,0.0,0.0,0.0,0.0,1542.39,649.8,634.0
017,DICIRH,3113,31,charge,Matériel informatique,0,0,0.0,0.0,0.0,0.0,0.0,0.0,0.0,0.0,0.0,0.0,0.0,0.0,0.0,514.35,3204.6,1774.2,4448.65
017,DICIRH,3119,31,charge,Autres immobilisations ne pouvant être portées à l'actif,0,0,8135600.0,8255100.0,8120800.0,8143700.0,7999400.0,8244600.0,8536300.0,8440700.0,9066300.0,5837454.99,5362983.08,6420537.15,9060455.0,7558034.44,7543106.05,7524004.59,7843694.98
017,DICIRH,3120,31,charge,Alimentation et élimination des biens-fonds PA,0,0,22800.0,29900.0,29300.0,23600.0,16500.0,18000.0,18100.0,17100.0,17500.0,12334.6,12918.55,11838.4,16973.95,12233.95,16987.8,11542.3,18382.1
017,DICIRH,3130,31,charge,Prestations de services de tiers,0,0,949400.0,895900.0,924000.0,923000.0,933000.0,1013400.0,1103000.0,1038400.0,1184900.0,807167.84,918716.72,1142154.78,922747.51,878004.85,1089870.48,972826.9,1012794.26
017,DICIRH,3132,31,charge,"Honoraires Conseillers externes, experts, spécialistes, etc.",0,0,1307000.0,2011800.0,1728500.0,1636000.0,1749000.0,1605000.0,1644000.0,1814000.0,1673000.0,1205767.93,1364619.87,1964982.32,1682524.38,1848603.5,1892526.55,1897713.02,2078847.47
017,DICIRH,3133,31,charge,Charges d'utilisations informatiques,0,0,990000.0,1046000.0,1092300.0,1241100.0,1275600.0,1330000.0,1318200.0,1601200.0,1948400.0,897411.68,972491.41,1007070.99,1090054.42,1167963.45,1233478.12,1207343.69,1230840.96
017,DICIRH,3134,31,charge,Primes d'assurances choses,0,0,69700.0,67700.0,23000.0,19700.0,19700.0,17700.0,16100.0,16100.0,15100.0,60003.83,43964.51,69023.23,15729.7,18850.81,14301.12,17576.51,18167.68
017,DICIRH,3137,31,charge,Impôts et taxes,0,0,19600.0,25700.0,25700.0,18700.0,22400.0,23500.0,22100.0,26400.0,19800.0,23115.11,20939.75,23852.02,29843.3,25149.92,26554.29,39712.54,21395.07
017,DICIRH,3140,31,charge,Entretien des terrains,0,0,10000.0,10000.0,10000.0,10000.0,10000.0,10000.0,9500.0,9500.0,9500.0,13066.95,3753.92,8098.3,7379.55,6168.3,4975.75,8923.65,7329.2
017,DICIRH,3150,31,charge,Entretien de meubles et appareils de bureau,0,0,95500.0,97200.0,105500.0,93500.0,96500.0,104000.0,109800.0,114700.0,151000.0,62593.5,78939.25,91608.29,80964.63,87520.52,98619.08,95371.17,72706.89
017,DICIRH,3151,31,charge,"Entretien de machines, appareils, véhicules",0,0,43500.0,45500.0,39800.0,60100.0,63000.0,56500.0,47500.0,51700.0,36700.0,34989.94,37080.63,40837.62,43749.17,49254.29,42860.84,50089.28,42912.14
017,DICIRH,3159,31,charge,Entretien d'autres biens meubles,0,0,96000.0,80000.0,55000.0,65000.0,45500.0,44500.0,54500.0,71500.0,90000.0,71900.76,69700.75,71907.21,37492.95,55305.0,34893.15,46576.85,40158.8
017,DICIRH,3160,31,charge,Loyer et bail à ferme des biens-fonds,0,0,273600.0,271000.0,200200.0,199300.0,199300.0,196600.0,206100.0,205700.0,109000.0,263671.1,280621.72,334284.32,198712.15,195801.05,199316.5,204326.0,184161.0
017,DICIRH,3161,31,charge,"Loyers, frais d'utilisation des immobilisations",0,0,192900.0,179300.0,159300.0,164500.0,170900.0,170900.0,159500.0,106900.0,113200.0,168574.91,170286.89,167186.19,159731.92,158037.78,168815.33,160649.07,124730.48
017,DICIRH,3169,31,charge,Autres loyers et frais d'utilisation,0,0,0.0,5000.0,4000.0,11000.0,24400.0,24000.0,24300.0,24300.0,21800.0,0.0,3286.5,7770.4,8601.05,20890.06,16775.21,19164.98,21548.62
017,DICIRH,3170,31,charge,Dédommagements - Frais de déplacement et autres frais,0,0,114000.0,118800.0,93600.0,94300.0,88000.0,95500.0,89400.0,90600.0,99600.0,102999.39,101017.41,58372.74,76517.8,85552.94,99843.32,89383.46,106934.47
017,DICIRH,3180,31,charge,Réévaluations sur créances,0,0,0.0,0.0,0.0,0.0,0.0,0.0,0.0,0.0,0.0,15805.26,15900.09,-13420.45,-27160.65,-21310.95,5716.95,-3293.9,3371.2
017,DICIRH,3181,31,charge,Pertes sur créance effectives,0,0,0.0,0.0,0.0,0.0,0.0,0.0,0.0,0.0,0.0,0.0,28028.86,26812.05,26735.05,21473.11,5954.25,6768.0,11293.45
017,DICIRH,3199,31,charge,Autres charges d'exploitation,0,0,46000.0,40200.0,30000.0,39000.0,29500.0,23500.0,22300.0,21800.0,21000.0,113956.46,131342.56,83152.07,56298.59,89857.33,74448.29,84304.51,68389.27
017,DICIRH,3419,34,charge,Autres pertes réalisées à partir du patrimoine financier,0,0,0.0,0.0,0.0,0.0,0.0,0.0,0.0,0.0,0.0,35521.18,73221.16,68441.4,107574.07,66721.47,50633.78,112552.58,72180.14
017,DICIRH,3440,34,charge,Réévaluations des placements financiers PF,0,0,0.0,0.0,0.0,0.0,0.0,0.0,0.0,0.0,0.0,0.0,72.83,78.61,32728.49,-32415.43,34.54,47.59,-596.75
017,DICIRH,3499,34,charge,Autres charges financières,0,0,0.0,0.0,0.0,0.0,0.0,0.0,2400.0,2400.0,2400.0,-8.1,2.61,-0.62,-28.82,1.18,-7.32,0.0,2137.98
017,DICIRH,3510,35,charge,Attributions aux financements spéciaux sous capital propre,0,0,0.0,0.0,0.0,0.0,0.0,0.0,0.0,0.0,0.0,182625.15,0.0,0.0,3121.2,0.0,0.0,0.0,0.0
017,DICIRH,3511,35,charge,Attributions aux fonds sous capital propre,0,0,3060000.0,3060000.0,2970000.0,2970000.0,2970000.0,3070000.0,3070000.0,3130000.0,3130000.0,4880680.62,5295422.64,35621706.71,20490670.25,5470000.0,3238153.28,12622757.27,2501713.88
017,DICIRH,3636,36,charge,Subventions accordées aux org privées à but non lucratif,0,0,42243200.0,43308200.0,53052000.0,56776700.0,58978500.0,59714500.0,60867300.0,59907900.0,61545500.0,40105673.0,43157437.39,74174490.26,84773242.23,67181013.16,64640115.1,63568294.25,65428909.16
017,DICIRH,3650,36,charge,Réévaluations des participations PA,0,0,0.0,0.0,0.0,0.0,0.0,0.0,0.0,0.0,0.0,0.0,0.0,0.0,0.0,0.0,0.0,40000.0,0.0
017,DICIRH,3704,37,charge,Subventions redistribuées aux entreprises publiques,0,0,0.0,0.0,0.0,0.0,0.0,0.0,0.0,0.0,0.0,0.0,0.0,0.0,0.0,0.0,0.0,0.0,296149.4
017,DICIRH,3910,39,charge,Imput int pour prestations de service,0,0,0.0,0.0,0.0,0.0,0.0,0.0,0.0,0.0,0.0,0.0,50000.0,0.0,0.0,0.0,0.0,0.0,0.0
017,DICIRH,4231,42,revenu,Taxes de cours,0,0,225000.0,230000.0,235000.0,240000.0,260000.0,260000.0,255000.0,255000.0,270000.0,228659.94,234117.1,246348.79,255691.12,254462.38,252618.19,254577.31,269486.15
017,DICIRH,4250,42,revenu,Ventes,0,0,38200.0,33200.0,33200.0,31300.0,26300.0,16300.0,15000.0,15000.0,15000.0,58669.45,77932.7,30447.2,31910.75,52713.8,16198.75,15008.35,15179.75
017,DICIRH,4260,42,revenu,Remboursements et participations de tiers,0,0,134700.0,116300.0,114600.0,113400.0,117800.0,117600.0,99900.0,105400.0,119300.0,244958.4,286530.77,206335.3,160645.5,115614.4,180235.62,129751.79,206688.54
017,DICIRH,4270,42,revenu,Amendes,0,0,135000.0,135000.0,135000.0,135000.0,100000.0,80000.0,85000.0,85000.0,95000.0,127755.85,151030.67,128352.5,94621.3,94397.1,90439.1,93445.55,92338.5
017,DICIRH,4309,43,revenu,Autres revenus d'exploitation,0,0,450000.0,380000.0,367000.0,297000.0,302300.0,262300.0,263600.0,263600.0,250300.0,1217289.75,1171487.92,792664.89,2565713.22,2033431.92,1537656.52,1029224.99,994093.12
017,DICIRH,4390,43,revenu,Autres revenus,0,0,0.0,0.0,0.0,0.0,0.0,0.0,0.0,0.0,0.0,12020.0,0.0,420.0,0.0,0.0,0.0,0.0,0.0
017,DICIRH,4419,44,revenu,Autres gains réalisés à partir du patrimoine financier,0,0,0.0,0.0,0.0,0.0,0.0,0.0,0.0,0.0,0.0,0.0,15938.8,17826.51,7590.9,10827.68,7349.94,4273.67,14563.44
017,DICIRH,4429,44,revenu,Autres revenus de participations,0,0,0.0,0.0,0.0,0.0,0.0,0.0,0.0,0.0,0.0,0.0,200.0,0.0,0.0,0.0,0.0,0.0,0.0
017,DICIRH,4440,44,revenu,Réévaluation autres placements financiers PF,0,0,0.0,0.0,0.0,0.0,0.0,0.0,0.0,0.0,0.0,0.0,6418.04,-4950.28,32986.17,-32980.89,1998.17,14181.09,-14942.95
017,DICIRH,4480,44,revenu,Loyers des immeubles loués,0,0,12000.0,12000.0,23000.0,13000.0,13000.0,8000.0,8000.0,8000.0,20000.0,17025.0,16400.0,9166.0,14112.5,7225.0,10825.0,4750.0,10962.5
017,DICIRH,4510,45,revenu,Prélèvements sur les fin spéciaux sous capital propre,0,0,0.0,0.0,0.0,0.0,0.0,0.0,0.0,0.0,0.0,0.0,15180.45,5206.25,0.0,18195.3,12318.9,0.0,0.0
017,DICIRH,4511,45,revenu,Prélèvements sur les fonds sous capital propre,0,0,2965000.0,5130000.0,5000000.0,4079100.0,4130500.0,4157000.0,3040300.0,3377000.0,6163800.0,2894935.7,2843751.2,18028138.23,25400135.45,11577918.25,9737896.11,16245592.83,8237307.72
017,DICIRH,4611,46,revenu,Dédommagements des cantons et des concordats,0,0,0.0,0.0,0.0,0.0,0.0,0.0,0.0,0.0,0.0,190208.0,0.0,0.0,0.0,0.0,0.0,0.0,0.0
017,DICIRH,4612,46,revenu,Dédommagements des communes et associations intercommunales,0,0,5900.0,5900.0,1900.0,0.0,0.0,0.0,0.0,0.0,0.0,7380.0,151.8,151.8,200.0,0.0,0.0,0.0,0.0
017,DICIRH,4613,46,revenu,Indemnités des assurances sociales publiques,0,0,0.0,0.0,0.0,0.0,0.0,0.0,0.0,0.0,0.0,0.0,4429.1,0.0,0.0,0.0,0.0,0.0,0.0
017,DICIRH,4630,46,revenu,Subventions de la Confédération,0,0,0.0,0.0,0.0,0.0,0.0,0.0,0.0,0.0,0.0,0.0,0.0,14579123.0,12296784.0,3093794.5,-230153.27,580389.27,0.0
017,DICIRH,4634,46,revenu,Subventions des entreprises publiques,0,0,6793700.0,5030400.0,5145100.0,6225200.0,6114200.0,6382600.0,7532000.0,7519300.0,7519800.0,6324875.0,6203722.0,5030387.0,5145089.0,6225023.0,6114147.0,6382628.0,7531992.0
017,DICIRH,4700,47,revenu,Subventions à redistribuer reçues de la Confédération,0,0,0.0,0.0,0.0,0.0,0.0,0.0,0.0,0.0,0.0,0.0,0.0,0.0,0.0,0.0,0.0,0.0,296149.4
017,DICIRH,4910,49,revenu,Imput int pour prestations de service,0,0,285000.0,285000.0,285000.0,500300.0,491800.0,173200.0,173200.0,173200.0,245200.0,133261.59,263203.36,407899.24,471880.86,370807.17,217670.08,57462.0,148910.1
018,DJES,3010,30,charge,Salaires du personnel administratif et d'exploitation,0,0,19161000.0,19265600.0,19474400.0,20858700.0,21149500.0,22729600.0,23139000.0,23894400.0,24516700.0,19311467.98,19330861.3,19637843.62,19472893.65,20243968.4,20737011.47,22407965.23,23638435.58
018,DJES,3020,30,charge,Salaires des enseignants,0,0,0.0,0.0,110000.0,125000.0,125000.0,125000.0,125000.0,0.0,0.0,0.0,113971.4,86641.55,99261.71,235925.9,85217.32,168119.35,0.0
018,DJES,3030,30,charge,Travailleurs temporaires,0,0,640000.0,1346400.0,2087400.0,2584700.0,3103700.0,3103300.0,3328300.0,3087400.0,4197600.0,434136.6,1276936.11,1378388.54,2332038.95,2797849.8,3300490.8,4379105.8,4901358.0
018,DJES,3049,30,charge,Autres Indemnités,0,0,30000.0,30000.0,30000.0,30000.0,30000.0,30000.0,30000.0,0.0,0.0,21513.6,21868.35,22417.45,23714.55,23778.95,25803.55,27623.2,21608.35
018,DJES,3050,30,charge,"Cotisations patronales AVS, APG, AC, frais administratifs",0,0,1262900.0,1332600.0,1409700.0,1580700.0,1602800.0,1733300.0,1795900.0,1839600.0,1973000.0,1246116.76,1316582.72,1395048.56,1428905.61,1514302.77,1581932.42,1755347.44,1879044.28
018,DJES,3052,30,charge,Cotisations patronales aux caisses de pension,0,0,2288000.0,2353100.0,2524900.0,2751100.0,2863700.0,3064600.0,3155500.0,3214500.0,3456400.0,2350420.05,2458407.99,2482348.56,2589592.14,2705277.25,2812517.1,3143903.25,3362990.45
018,DJES,3053,30,charge,Cotisations patronales aux assurances-accidents,0,0,24400.0,18400.0,27500.0,30200.0,31500.0,35500.0,37400.0,41600.0,43100.0,25947.78,27351.11,33810.44,35693.79,37892.09,39385.29,43541.6,41818.25
018,DJES,3054,30,charge,Cotisations patronales aux caisses d'allocations familiales,0,0,540800.0,566600.0,598300.0,651300.0,673300.0,704000.0,728000.0,719300.0,772500.0,437155.41,576922.87,583821.08,604834.33,642764.69,643102.95,717603.93,732943.02
018,DJES,3059,30,charge,Autres cotisations patronales,0,0,12300.0,12500.0,13300.0,14200.0,14700.0,17200.0,17800.0,18500.0,26400.0,11860.54,12598.26,12717.65,13550.15,14006.67,14567.19,16266.1,17415.04
018,DJES,3090,30,charge,Formation et perfectionnement du propre personnel,0,0,175000.0,175000.0,213000.0,200000.0,255000.0,332000.0,255000.0,214600.0,214600.0,173661.26,175837.88,193984.89,214951.75,227708.79,236931.05,214143.01,214204.89
018,DJES,3099,30,charge,Autres charges de personnel,0,0,30600.0,30600.0,31800.0,34000.0,30000.0,30200.0,31400.0,31400.0,31400.0,18074.15,18615.85,19895.1,20043.02,25938.35,26405.7,21333.2,26843.45
018,DJES,3100,31,charge,Matériel de bureau,0,0,60700.0,66100.0,60000.0,62200.0,60000.0,60200.0,40700.0,40700.0,40700.0,45766.9,53377.45,55110.95,43223.8,68734.08,58887.47,51398.43,39657.75
018,DJES,3102,31,charge,"Imprimés, publications",0,0,0.0,0.0,1000.0,1000.0,25200.0,25200.0,25200.0,8200.0,8200.0,0.0,0.0,0.0,0.0,1134.1,2123.75,11196.2,8748.05
018,DJES,3103,31,charge,"Littérature spécialisée, magazines",0,0,6000.0,6000.0,7000.0,7000.0,7000.0,7000.0,7000.0,7000.0,7000.0,4272.3,5994.75,6020.35,5732.3,6447.95,5768.15,4898.9,4878.9
018,DJES,3110,31,charge,Meubles et appareils de bureau,0,0,0.0,67500.0,65000.0,120000.0,120000.0,132100.0,84600.0,61600.0,61600.0,30118.73,12893.95,33559.4,68951.45,108318.04,119440.47,133696.05,56093.55
018,DJES,3120,31,charge,Alimentation et élimination des biens-fonds PA,0,0,17000.0,10000.0,10000.0,16000.0,3000.0,3000.0,3000.0,3000.0,3000.0,7990.91,15631.43,16372.87,14441.19,17431.99,3004.55,2435.4,4047.95
018,DJES,3130,31,charge,Prestations de services de tiers,0,0,609800.0,641000.0,649400.0,672800.0,862000.0,860000.0,861500.0,861500.0,861500.0,580795.81,644363.72,596351.3,639166.49,671191.15,859173.75,886842.13,992838.71
018,DJES,3132,31,charge,"Honoraires Conseillers externes, experts, spécialistes, etc.",0,0,53000.0,60000.0,75000.0,90600.0,85000.0,85500.0,85500.0,75500.0,75500.0,47418.67,33106.95,72665.15,72318.55,88764.31,85736.5,73139.08,73664.26
018,DJES,3150,31,charge,Entretien de meubles et appareils de bureau,0,0,1500.0,2000.0,2000.0,1000.0,1000.0,1000.0,1000.0,1000.0,1000.0,1211.85,1841.7,568.3,801.9,0.0,851.75,0.0,145.95
018,DJES,3160,31,charge,Loyer et bail à ferme des biens-fonds,0,0,1600000.0,1550000.0,1517000.0,1634300.0,2016000.0,2294900.0,2297900.0,2297900.0,2397900.0,1536044.15,1512465.85,1518951.95,1543859.2,1624459.02,1789263.95,2224526.3,2283472.2
018,DJES,3161,31,charge,"Loyers, frais d'utilisation des immobilisations",0,0,50000.0,50000.0,51500.0,51500.0,50000.0,35000.0,15000.0,15000.0,15000.0,45820.35,48957.1,40243.15,37373.35,34264.75,41752.33,35392.37,29849.75
018,DJES,3169,31,charge,Autres loyers et frais d'utilisation,0,0,0.0,0.0,2000.0,2000.0,0.0,0.0,0.0,0.0,0.0,0.0,0.0,0.0,0.0,0.0,0.0,0.0,0.0
018,DJES,3170,31,charge,Dédommagements - Frais de déplacement et autres frais,0,0,791700.0,791000.0,813600.0,909200.0,905200.0,805700.0,731200.0,731200.0,731200.0,745283.2,770102.38,627067.77,682345.8,741996.6,790506.05,804295.0,812031.25
018,DJES,3181,31,charge,Pertes sur créance effectives,0,0,170000.0,170000.0,190000.0,197100.0,215600.0,210600.0,210600.0,210600.0,210600.0,185166.6,240157.0,237590.9,267964.8,176525.75,38470.75,285230.1,376879.8
018,DJES,3199,31,charge,Autres charges d'exploitation,0,0,139600.0,54100.0,54100.0,50000.0,45000.0,45000.0,45000.0,45000.0,45000.0,9027.85,9943.96,43551.6,19589.38,52031.46,20893.55,39501.21,36839.69
018,DJES,3499,34,charge,Autres charges financières,0,0,0.0,0.0,0.0,0.0,0.0,0.0,1500.0,1500.0,1500.0,0.0,0.0,0.0,0.0,0.0,0.0,0.0,1062.57
018,DJES,3511,35,charge,Attributions aux fonds sous capital propre,0,0,0.0,0.0,0.0,0.0,4000000.0,0.0,1600000.0,1600000.0,1600000.0,0.0,0.0,468254.7,0.0,0.0,4000000.0,0.0,1600000.0
018,DJES,3634,36,charge,Subventions accordées aux entreprises publiques,0,0,0.0,0.0,952700.0,962200.0,1326800.0,1340300.0,1363500.0,0.0,0.0,0.0,913517.74,804261.68,965969.63,1181870.25,1286816.52,1239126.0,29574.47
018,DJES,3636,36,charge,Subventions accordées aux org privées à but non lucratif,0,0,107439900.0,118627500.0,127069300.0,135315100.0,141983600.0,155194300.0,188363300.0,201181900.0,219266600.0,110498094.14,118505877.89,129019258.38,139455701.54,154977348.16,175596727.76,196412599.4,209358912.9
018,DJES,3637,36,charge,Subventions accordées aux ménages privés,0,0,14449000.0,14749000.0,14749000.0,14849000.0,14849000.0,14849000.0,18988900.0,18988900.0,20988900.0,14429669.57,14987896.22,15119101.61,15818734.56,16938413.85,18362363.78,20455482.06,21379746.52
018,DJES,3706,37,charge,Subventions redistribuées aux org privées à but non lucratif,0,0,9253600.0,9300000.0,8450000.0,8450000.0,9480000.0,9480000.0,9480000.0,9480000.0,9480000.0,10090322.0,9976975.0,9272738.0,9484366.0,9577508.0,10019311.0,10068168.0,10131505.0
018,DJES,4210,42,revenu,Emoluments pour actes administratifs,0,0,272000.0,272000.0,272000.0,272000.0,272000.0,272000.0,341900.0,341900.0,341900.0,284220.0,314700.0,323400.0,297320.0,374790.0,341950.0,325570.0,387689.7
018,DJES,4260,42,revenu,Remboursements et participations de tiers,0,0,120000.0,108000.0,108900.0,108900.0,108900.0,108900.0,128900.0,128900.0,128900.0,125684.36,126002.78,127419.82,129553.12,128552.31,139507.6,133112.4,139688.35
018,DJES,4390,43,revenu,Autres revenus,0,0,0.0,0.0,0.0,0.0,0.0,0.0,0.0,0.0,0.0,157.05,0.0,0.0,0.0,0.0,0.0,0.0,0.0
018,DJES,4400,44,revenu,Intérêts des liquidités,0,0,0.0,0.0,0.0,0.0,0.0,0.0,0.0,0.0,0.0,0.0,399.1,0.0,0.0,0.0,0.0,0.0,0.0
018,DJES,4430,44,revenu,"Loyers et fermages, immeubles du PF",0,0,16500.0,16500.0,16500.0,16900.0,16900.0,16900.0,16900.0,16900.0,16900.0,16520.0,16900.0,16900.0,17178.0,17178.0,17178.0,17178.0,17178.0
018,DJES,4511,45,revenu,Prélèvements sur les fonds sous capital propre,0,0,3445100.0,3314200.0,3314200.0,3297300.0,3297300.0,6297300.0,12198400.0,9433100.0,1983100.0,4095663.66,3290061.92,3805987.49,3496894.0,3030931.62,4880082.32,9649926.55,8568100.0
018,DJES,4630,46,revenu,Subventions de la Confédération,0,0,0.0,0.0,0.0,0.0,0.0,0.0,812100.0,0.0,0.0,0.0,0.0,0.0,0.0,814218.16,1571703.84,1373965.68,1000012.78
018,DJES,4636,46,revenu,Subventions des organisations privées à but non lucratif,0,0,0.0,0.0,0.0,300000.0,300000.0,300000.0,2300000.0,2300000.0,2300000.0,0.0,0.0,0.0,4217552.74,2225549.98,5137158.98,10416420.59,8253685.65
018,DJES,4637,46,revenu,Subventions des ménages privés,0,0,9700000.0,12783400.0,11700000.0,10600400.0,10600400.0,10670400.0,11070400.0,11070400.0,12570400.0,14643232.29,19324662.38,13983854.35,10670893.92,10902172.0,11387801.91,12385619.51,13210368.92
018,DJES,4700,47,revenu,Subventions à redistribuer reçues de la Confédération,0,0,0.0,0.0,0.0,8450000.0,9480000.0,9480000.0,9480000.0,9480000.0,9480000.0,0.0,0.0,0.0,9484366.0,9577508.0,10019311.0,10068168.0,10131505.0
018,DJES,4701,47,revenu,Subventions à redistribuer reçues des cantons et concordats,0,0,9253600.0,9300000.0,8450000.0,0.0,0.0,0.0,0.0,0.0,0.0,10090322.0,9976975.0,9272738.0,0.0,0.0,0.0,0.0,0.0
020,DJES,3010,30,charge,Salaires du personnel administratif et d'exploitation,0,0,2195000.0,2130100.0,1937100.0,2035900.0,1846400.0,1850600.0,1978600.0,2145500.0,2219700.0,2046387.65,1746888.45,1770156.95,1632213.3,1618470.65,1765250.2,1905806.0,1920866.75
020,DJES,3030,30,charge,Travailleurs temporaires,0,0,65000.0,65000.0,50000.0,50000.0,100000.0,100000.0,257500.0,479500.0,383200.0,78323.25,0.0,18891.95,0.0,85660.15,145817.85,209240.95,368026.85
020,DJES,3049,30,charge,Autres Indemnités,0,0,1000.0,2000.0,1000.0,1000.0,1000.0,1000.0,1000.0,1000.0,1000.0,1430.25,50.85,70.9,71.0,265.7,202.4,168.4,998.35
020,DJES,3050,30,charge,"Cotisations patronales AVS, APG, AC, frais administratifs",0,0,142700.0,142000.0,128800.0,138800.0,123200.0,132400.0,125800.0,152900.0,174400.0,133843.32,109357.55,115484.61,105830.5,109492.55,124260.9,138295.74,146089.6
020,DJES,3052,30,charge,Cotisations patronales aux caisses de pension,0,0,263100.0,253000.0,233500.0,244200.0,222100.0,238300.0,223900.0,272800.0,304800.0,267113.55,211229.55,222127.15,206804.5,212490.7,229979.9,262156.7,282248.3
020,DJES,3053,30,charge,Cotisations patronales aux assurances-accidents,0,0,2000.0,2700.0,5500.0,3300.0,3100.0,3200.0,3000.0,3100.0,3600.0,2525.36,2009.3,3106.54,2445.15,2567.15,2876.71,3299.86,3146.65
020,DJES,3054,30,charge,Cotisations patronales aux caisses d'allocations familiales,0,0,60800.0,60100.0,54300.0,57000.0,51900.0,51900.0,50700.0,59700.0,67600.0,47217.03,47953.25,49132.83,44889.9,46807.9,50700.93,56080.12,57485.35
020,DJES,3059,30,charge,Autres cotisations patronales,0,0,1400.0,1400.0,1300.0,1300.0,1200.0,1200.0,1100.0,1300.0,2100.0,1282.98,1045.8,1071.08,979.65,1021.75,1151.5,1269.77,1359.05
020,DJES,3090,30,charge,Formation et perfectionnement du propre personnel,0,0,0.0,0.0,0.0,0.0,0.0,0.0,0.0,0.0,0.0,0.0,0.0,220.0,0.0,0.0,0.0,0.0,0.0
020,DJES,3099,30,charge,Autres charges de personnel,0,0,17000.0,17000.0,15000.0,15000.0,15000.0,20000.0,20000.0,20000.0,21000.0,9268.3,9135.6,5935.7,7963.45,3301.1,10352.71,8449.05,14649.98
020,DJES,3100,31,charge,Matériel de bureau,0,0,10000.0,10000.0,8000.0,10000.0,10000.0,8000.0,8000.0,16000.0,11000.0,5869.45,3749.7,7196.3,3127.55,3802.64,4018.45,2768.59,4066.8
020,DJES,3101,31,charge,"Matériel d'exploitation, fournitures",0,0,0.0,0.0,0.0,0.0,0.0,0.0,0.0,0.0,2000.0,0.0,0.0,0.0,0.0,164.36,116.15,42.81,0.0
020,DJES,3102,31,charge,"Imprimés, publications",0,0,6000.0,2000.0,3000.0,3000.0,3000.0,6000.0,6000.0,4000.0,4500.0,922.2,2126.4,1208.2,706.1,1957.0,2007.5,944.9,4129.7
020,DJES,3103,31,charge,"Littérature spécialisée, magazines",0,0,6000.0,6000.0,5000.0,6000.0,5000.0,9000.0,9000.0,7000.0,8000.0,3588.15,2853.0,4856.45,2999.0,3034.7,6765.95,5093.62,5173.05
020,DJES,3104,31,charge,Matériel didactique,0,0,0.0,0.0,0.0,0.0,0.0,0.0,0.0,0.0,0.0,0.0,0.0,0.0,0.0,48.5,34.6,0.0,0.0
020,DJES,3110,31,charge,Meubles et appareils de bureau,0,0,0.0,2000.0,4000.0,4000.0,6000.0,8000.0,8000.0,8000.0,11000.0,3474.2,0.0,13846.2,0.0,129.9,6000.0,3287.45,188.55
020,DJES,3111,31,charge,"Machines, appareils et véhicules",0,0,0.0,0.0,0.0,0.0,0.0,0.0,0.0,0.0,0.0,0.0,0.0,0.0,0.0,0.0,0.0,0.0,42.2
020,DJES,3113,31,charge,Matériel informatique,0,0,0.0,0.0,0.0,0.0,0.0,0.0,0.0,0.0,0.0,0.0,0.0,0.0,0.0,164.65,318.05,0.0,0.0
020,DJES,3120,31,charge,Alimentation et élimination des biens-fonds PA,0,0,1000.0,1000.0,1000.0,1000.0,2000.0,4000.0,4000.0,3000.0,3000.0,62.05,78.85,77.55,32.3,1230.5,606.55,64.9,0.0
020,DJES,3130,31,charge,Prestations de services de tiers,0,0,283700.0,285700.0,319900.0,297600.0,294500.0,284500.0,274500.0,259500.0,271300.0,248357.55,192186.1,195691.92,155927.7,175879.22,263829.11,282005.24,277136.29
020,DJES,3132,31,charge,"Honoraires Conseillers externes, experts, spécialistes, etc.",0,0,170000.0,170000.0,40000.0,40000.0,70000.0,58000.0,158000.0,148000.0,178000.0,176502.45,10291.9,3461.75,13225.2,57224.32,230416.01,39087.65,18456.56
020,DJES,3144,31,charge,"Entretien des bâtiments, immeubles",0,0,0.0,0.0,0.0,0.0,0.0,0.0,0.0,0.0,0.0,0.0,0.0,0.0,0.0,0.0,0.0,0.0,140650.35
020,DJES,3150,31,charge,Entretien de meubles et appareils de bureau,0,0,122000.0,112000.0,2000.0,2000.0,2000.0,2000.0,2000.0,2000.0,2000.0,58898.0,0.0,220.8,167.6,0.0,0.0,0.0,0.0
020,DJES,3160,31,charge,Loyer et bail à ferme des biens-fonds,0,0,2500.0,2500.0,0.0,0.0,0.0,0.0,100000.0,0.0,0.0,2387.0,0.0,0.0,0.0,0.0,0.0,0.0,0.0
020,DJES,3161,31,charge,"Loyers, frais d'utilisation des immobilisations",0,0,14000.0,12000.0,12000.0,12000.0,12000.0,10000.0,10000.0,5000.0,5300.0,2352.14,8261.98,6098.91,4393.11,5212.46,5194.31,4220.94,4061.85
020,DJES,3170,31,charge,Dédommagements - Frais de déplacement et autres frais,0,0,13300.0,13000.0,12000.0,12000.0,12000.0,15000.0,12000.0,12000.0,19000.0,3361.6,3104.3,3671.55,1109.3,3363.75,1806.2,7046.15,8320.0
020,DJES,3199,31,charge,Autres charges d'exploitation,0,0,1000.0,1000.0,1000.0,2000.0,2000.0,2000.0,2000.0,2000.0,2000.0,0.0,0.0,457.6,0.0,0.0,554.25,49555.53,2583.35
020,DJES,3499,34,charge,Autres charges financières,0,0,0.0,0.0,0.0,0.0,0.0,0.0,2000.0,2000.0,2000.0,0.0,0.0,0.0,0.0,0.0,0.0,0.0,4.79
020,DJES,3634,36,charge,Subventions accordées aux entreprises publiques,0,0,61336900.0,61467100.0,0.0,0.0,0.0,0.0,0.0,0.0,0.0,61287900.0,0.0,28300.0,0.0,0.0,0.0,0.0,0.0
020,DJES,3636,36,charge,Subventions accordées aux org privées à but non lucratif,0,0,50000.0,50000.0,50000.0,50000.0,50000.0,50000.0,50000.0,50000.0,350000.0,50000.0,50000.0,50000.0,50000.0,50000.0,50000.0,190000.0,290000.0
020,DJES,4210,42,revenu,Emoluments pour actes administratifs,0,0,0.0,0.0,0.0,0.0,0.0,0.0,1000.0,1000.0,1000.0,0.0,0.0,0.0,0.0,990.0,1820.0,2090.0,1850.0
020,DJES,4260,42,revenu,Remboursements et participations de tiers,0,0,2600.0,2600.0,258100.0,488400.0,2600.0,2600.0,2600.0,2600.0,2600.0,2199.45,2990.05,2606.0,2727.65,1796.0,797.5,856.0,722.6
020,DJES,4309,43,revenu,Autres revenus d'exploitation,0,0,81000.0,81000.0,0.0,0.0,0.0,0.0,0.0,0.0,0.0,111418.0,0.0,0.0,0.0,0.0,0.0,0.0,0.0
020,DJES,4390,43,revenu,Autres revenus,0,0,0.0,0.0,0.0,0.0,0.0,0.0,0.0,0.0,0.0,80.07,0.0,0.0,0.0,0.0,0.0,0.0,2105.0
020,DJES,4429,44,revenu,Autres revenus de participations,0,0,0.0,0.0,0.0,0.0,0.0,0.0,0.0,0.0,0.0,0.0,84.9,0.0,0.0,0.0,0.0,0.0,0.0
020,DJES,4632,46,revenu,Subventions des communes et des associations intercommunales,0,0,0.0,0.0,0.0,0.0,0.0,0.0,0.0,0.0,0.0,0.0,0.0,0.0,0.0,0.0,0.0,10000.0,0.0
021,DICIRH,3010,30,charge,Salaires du personnel administratif et d'exploitation,0,0,3828000.0,3819300.0,0.0,0.0,0.0,0.0,0.0,0.0,0.0,3631239.45,0.0,0.0,0.0,0.0,0.0,0.0,0.0
021,DICIRH,3030,30,charge,Travailleurs temporaires,0,0,180000.0,180000.0,0.0,0.0,0.0,0.0,0.0,0.0,0.0,88646.6,0.0,0.0,0.0,0.0,0.0,0.0,0.0
021,DICIRH,3049,30,charge,Autres Indemnités,0,0,1000.0,1000.0,0.0,0.0,0.0,0.0,0.0,0.0,0.0,352.0,0.0,0.0,0.0,0.0,0.0,0.0,0.0
021,DICIRH,3050,30,charge,"Cotisations patronales AVS, APG, AC, frais administratifs",0,0,254100.0,259300.0,0.0,0.0,0.0,0.0,0.0,0.0,0.0,232496.06,0.0,0.0,0.0,0.0,0.0,0.0,0.0
021,DICIRH,3052,30,charge,Cotisations patronales aux caisses de pension,0,0,463100.0,460400.0,0.0,0.0,0.0,0.0,0.0,0.0,0.0,445311.25,0.0,0.0,0.0,0.0,0.0,0.0,0.0
021,DICIRH,3053,30,charge,Cotisations patronales aux assurances-accidents,0,0,6400.0,6300.0,0.0,0.0,0.0,0.0,0.0,0.0,0.0,4542.16,0.0,0.0,0.0,0.0,0.0,0.0,0.0
021,DICIRH,3054,30,charge,Cotisations patronales aux caisses d'allocations familiales,0,0,109700.0,109400.0,0.0,0.0,0.0,0.0,0.0,0.0,0.0,82235.87,0.0,0.0,0.0,0.0,0.0,0.0,0.0
021,DICIRH,3059,30,charge,Autres cotisations patronales,0,0,2300.0,2400.0,0.0,0.0,0.0,0.0,0.0,0.0,0.0,2237.28,0.0,0.0,0.0,0.0,0.0,0.0,0.0
021,DICIRH,3099,30,charge,Autres charges de personnel,0,0,7000.0,7000.0,0.0,0.0,0.0,0.0,0.0,0.0,0.0,3578.2,0.0,0.0,0.0,0.0,0.0,0.0,0.0
021,DICIRH,3100,31,charge,Matériel de bureau,0,0,35000.0,35000.0,0.0,0.0,0.0,0.0,0.0,0.0,0.0,70060.2,0.0,0.0,0.0,0.0,0.0,0.0,0.0
021,DICIRH,3102,31,charge,"Imprimés, publications",0,0,0.0,0.0,0.0,0.0,0.0,0.0,0.0,0.0,0.0,127.35,0.0,0.0,0.0,0.0,0.0,0.0,0.0
021,DICIRH,3103,31,charge,"Littérature spécialisée, magazines",0,0,30000.0,30000.0,0.0,0.0,0.0,0.0,0.0,0.0,0.0,14543.9,0.0,0.0,0.0,0.0,0.0,0.0,0.0
021,DICIRH,3120,31,charge,"Alimentation et élimination, biens-fonds, PA",0,0,5000.0,5000.0,0.0,0.0,0.0,0.0,0.0,0.0,0.0,1407.95,0.0,0.0,0.0,0.0,0.0,0.0,0.0
021,DICIRH,3130,31,charge,Prestations de services de tiers,0,0,4088000.0,4123000.0,0.0,0.0,0.0,0.0,0.0,0.0,0.0,6614779.72,0.0,0.0,0.0,0.0,0.0,0.0,0.0
021,DICIRH,3132,31,charge,"Honoraires Conseillers externes, experts, spécialistes, etc.",0,0,350000.0,285000.0,0.0,0.0,0.0,0.0,0.0,0.0,0.0,101085.3,0.0,0.0,0.0,0.0,0.0,0.0,0.0
021,DICIRH,3150,31,charge,Entretien de meubles et appareils de bureau,0,0,5000.0,5000.0,0.0,0.0,0.0,0.0,0.0,0.0,0.0,0.0,0.0,0.0,0.0,0.0,0.0,0.0,0.0
021,DICIRH,3160,31,charge,Loyer et bail à ferme des biens-fonds,0,0,209000.0,209000.0,0.0,0.0,0.0,0.0,0.0,0.0,0.0,208266.85,0.0,0.0,0.0,0.0,0.0,0.0,0.0
021,DICIRH,3161,31,charge,"Loyers, frais d'utilisation des immobilisations",0,0,7000.0,7000.0,0.0,0.0,0.0,0.0,0.0,0.0,0.0,2045.05,0.0,0.0,0.0,0.0,0.0,0.0,0.0
021,DICIRH,3170,31,charge,Dédommagements - Frais de déplacement et autres frais,0,0,7000.0,7000.0,0.0,0.0,0.0,0.0,0.0,0.0,0.0,566.75,0.0,0.0,0.0,0.0,0.0,0.0,0.0
021,DICIRH,3181,31,charge,Pertes sur créance effectives,0,0,10000000.0,10000000.0,0.0,0.0,0.0,0.0,0.0,0.0,0.0,25264142.96,0.0,0.0,0.0,0.0,0.0,0.0,0.0
021,DICIRH,3199,31,charge,Autres charges d'exploitation,0,0,17801300.0,17801300.0,0.0,0.0,0.0,0.0,0.0,0.0,0.0,19448516.51,0.0,0.0,0.0,0.0,0.0,0.0,0.0
021,DICIRH,3511,35,charge,Attributions aux fonds du capital propre,0,0,200000.0,200000.0,0.0,0.0,0.0,0.0,0.0,0.0,0.0,270219.55,0.0,0.0,0.0,0.0,0.0,0.0,0.0
021,DICIRH,3635,36,charge,Subventions accordées aux entreprises privées,0,0,145000.0,145000.0,0.0,0.0,0.0,0.0,0.0,0.0,0.0,132000.0,0.0,0.0,0.0,0.0,0.0,0.0,0.0
021,DICIRH,3637,36,charge,Subventions accordées aux ménages privés,0,0,700000.0,700000.0,0.0,0.0,0.0,0.0,0.0,0.0,0.0,731540.23,0.0,0.0,0.0,0.0,0.0,0.0,0.0
021,DICIRH,4120,41,revenu,Concessions,0,0,10000.0,10000.0,0.0,0.0,0.0,0.0,0.0,0.0,0.0,3750.0,0.0,0.0,0.0,0.0,0.0,0.0,0.0
021,DICIRH,4210,42,revenu,Emoluments pour actes administratifs,0,0,555000.0,555000.0,0.0,0.0,0.0,0.0,0.0,0.0,0.0,552270.0,0.0,0.0,0.0,0.0,0.0,0.0,0.0
021,DICIRH,4260,42,revenu,Remboursements et participations de tiers,0,0,41000000.0,41200000.0,0.0,0.0,0.0,0.0,0.0,0.0,0.0,45545346.64,0.0,0.0,0.0,0.0,0.0,0.0,0.0
021,DICIRH,4270,42,revenu,Amendes,0,0,8600000.0,8600000.0,0.0,0.0,0.0,0.0,0.0,0.0,0.0,9539749.11,0.0,0.0,0.0,0.0,0.0,0.0,0.0
021,DICIRH,4290,42,revenu,Autres taxes,0,0,2800000.0,2800000.0,0.0,0.0,0.0,0.0,0.0,0.0,0.0,3084050.83,0.0,0.0,0.0,0.0,0.0,0.0,0.0
022,DJES,3010,30,charge,Salaires du personnel administratif et d'exploitation,0,0,12345400.0,13023700.0,13942800.0,20332600.0,22218700.0,23406300.0,24600100.0,25418400.0,25917400.0,11713213.4,12246145.05,12908010.1,14583081.25,19725312.65,22030010.46,23513431.7,24413764.75
022,DJES,3030,30,charge,Travailleurs temporaires,0,0,4050600.0,5459400.0,6210700.0,2378700.0,1149900.0,1209200.0,1300400.0,1968800.0,3407200.0,4394395.2,5295059.35,5894797.65,5703447.0,2206929.0,2642386.27,3377651.31,4126182.0
022,DJES,3049,30,charge,Autres Indemnités,0,0,19300.0,21200.0,21200.0,21200.0,21200.0,21200.0,21200.0,21200.0,13200.0,19568.2,20474.75,19704.1,16334.8,14368.2,15578.75,13221.3,10299.85
022,DJES,3050,30,charge,"Cotisations patronales AVS, APG, AC, frais administratifs",0,0,1035700.0,1181300.0,1287700.0,1513000.0,1525000.0,1612500.0,1696600.0,1793900.0,1920700.0,1019821.32,1108459.06,1219146.38,1322272.7,1429656.8,1613225.06,1763288.18,1871759.68
022,DJES,3052,30,charge,Cotisations patronales aux caisses de pension,0,0,1926000.0,2129900.0,2335800.0,2618800.0,2695800.0,2846000.0,2995600.0,3169200.0,3415100.0,1833824.03,2007392.15,2129657.75,2309072.5,2481417.5,2783587.72,3067024.1,3269683.07
022,DJES,3053,30,charge,Cotisations patronales aux assurances-accidents,0,0,20100.0,22600.0,29900.0,35800.0,37000.0,38900.0,41000.0,39200.0,40800.0,22385.98,24178.27,32206.35,34326.85,36640.28,41157.01,44539.17,42570.48
022,DJES,3054,30,charge,Cotisations patronales aux caisses d'allocations familiales,0,0,438200.0,487500.0,534400.0,624400.0,642700.0,652200.0,685900.0,695600.0,744900.0,359799.5,487403.51,519066.3,562854.71,607682.61,656034.95,717390.79,729293.35
022,DJES,3059,30,charge,Autres cotisations patronales,0,0,9800.0,11200.0,12500.0,13700.0,14200.0,14900.0,15500.0,16600.0,26600.0,9751.8,10637.4,11329.99,12277.84,13267.59,14867.49,16249.1,17237.82
022,DJES,3090,30,charge,Formation et perfectionnement du propre personnel,0,0,0.0,0.0,0.0,0.0,0.0,0.0,0.0,0.0,0.0,0.0,0.0,0.0,0.0,0.0,0.0,0.0,1000.0
022,DJES,3099,30,charge,Autres charges de personnel,0,0,30000.0,30000.0,33000.0,36000.0,36000.0,36000.0,28000.0,20000.0,28000.0,18274.35,24685.0,14888.6,17086.6,22892.85,22345.7,19194.7,2041.9
022,DJES,3100,31,charge,Matériel de bureau,0,0,111200.0,131300.0,148200.0,141600.0,152400.0,126000.0,114000.0,112600.0,112600.0,102413.35,105305.85,123172.4,114222.7,100398.97,99096.13,105519.18,85261.14
022,DJES,3101,31,charge,"Matériel d'exploitation, fournitures",0,0,0.0,0.0,0.0,0.0,1900.0,2700.0,2700.0,2700.0,2700.0,0.0,0.0,0.0,0.0,2656.06,2379.44,2664.84,2140.07
022,DJES,3102,31,charge,"Imprimés, publications",0,0,159400.0,159400.0,129400.0,143100.0,143100.0,143100.0,143100.0,73100.0,73100.0,35398.15,112347.0,69276.7,33634.67,22054.23,22137.3,17748.79,58905.27
022,DJES,3103,31,charge,"Littérature spécialisée, magazines",0,0,9000.0,9000.0,9000.0,9000.0,9000.0,9000.0,9000.0,4000.0,4000.0,5484.1,5791.05,4323.0,2104.5,3014.15,2636.55,623.95,4253.5
022,DJES,3104,31,charge,Matériel didactique,0,0,0.0,0.0,0.0,0.0,0.0,1600.0,1600.0,1600.0,1600.0,0.0,0.0,0.0,0.0,1569.21,3353.66,153.95,847.06
022,DJES,3106,31,charge,Matériel médical et de laboratoire,0,0,0.0,0.0,0.0,0.0,1300.0,400.0,400.0,400.0,400.0,0.0,0.0,0.0,0.0,373.7,99.4,47.6,52.75
022,DJES,3110,31,charge,Meubles et appareils de bureau,0,0,18000.0,112000.0,75000.0,75000.0,75000.0,63000.0,69900.0,34100.0,49100.0,44360.95,63122.65,128871.49,84746.45,77781.02,77010.15,78849.5,51878.11
022,DJES,3111,31,charge,"Machines, appareils et véhicules",0,0,0.0,0.0,0.0,0.0,0.0,1200.0,1200.0,900.0,900.0,0.0,600.0,0.0,0.0,1232.2,3958.09,4410.3,160.0
022,DJES,3112,31,charge,"Vêtements, linge, rideaux",0,0,0.0,0.0,0.0,0.0,0.0,0.0,0.0,0.0,0.0,0.0,0.0,0.0,0.0,0.0,0.0,70.95,0.0
022,DJES,3113,31,charge,Matériel informatique,0,0,0.0,0.0,0.0,0.0,300.0,1200.0,1200.0,1200.0,1200.0,0.0,0.0,0.0,0.0,1174.37,3546.85,863.8,8214.15
022,DJES,3120,31,charge,Alimentation et élimination des biens-fonds PA,0,0,3000.0,18100.0,19900.0,19900.0,19900.0,27700.0,35000.0,38000.0,38000.0,5542.7,12615.11,15842.52,16118.4,20949.32,23391.66,28248.26,27227.37
022,DJES,3130,31,charge,Prestations de services de tiers,0,0,944500.0,1047200.0,1170200.0,1176200.0,1306200.0,1260300.0,1398500.0,1379800.0,1542300.0,902991.47,931944.16,996964.05,1003104.0,1110227.72,1287631.48,1488458.66,1411119.44
022,DJES,3132,31,charge,"Honoraires Conseillers externes, experts, spécialistes, etc.",0,0,300000.0,427600.0,312300.0,332600.0,390000.0,387500.0,387500.0,336800.0,336800.0,203058.92,254912.14,252281.7,290485.81,350666.41,362518.17,330408.32,344477.04
022,DJES,3150,31,charge,Entretien de meubles et appareils de bureau,0,0,4000.0,4000.0,4000.0,4000.0,4000.0,4000.0,4000.0,3000.0,3000.0,325.8,140.0,464.4,573.3,3185.75,4573.75,1270.05,5182.2
022,DJES,3160,31,charge,Loyer et bail à ferme des biens-fonds,0,0,1402100.0,1632700.0,1632100.0,1640700.0,1702100.0,1769900.0,2039500.0,2086400.0,2170200.0,1355016.0,1352458.2,1549362.05,1594052.55,1585314.3,1712918.35,1804264.2,2046247.2
022,DJES,3161,31,charge,"Loyers, frais d'utilisation des immobilisations",0,0,45600.0,49700.0,43700.0,56700.0,58200.0,58200.0,58200.0,64400.0,64400.0,35221.35,31320.1,35871.45,40091.05,46131.5,52657.5,48619.3,56994.9
022,DJES,3170,31,charge,Dédommagements - Frais de déplacement et autres frais,0,0,418900.0,447800.0,412100.0,391000.0,394000.0,404600.0,340000.0,349000.0,349000.0,333476.2,344308.2,295875.9,299780.55,317177.65,301768.15,332169.1,301259.05
022,DJES,3199,31,charge,Autres charges d'exploitation,0,0,33000.0,33000.0,44000.0,44000.0,44000.0,48800.0,48800.0,48800.0,48800.0,54640.4,33625.62,23351.75,27088.5,48777.71,41307.75,33274.25,47199.27
022,DJES,3499,34,charge,Autres charges financières,0,0,0.0,0.0,0.0,0.0,0.0,0.0,6900.0,5900.0,5900.0,0.0,0.0,0.0,0.0,0.0,0.0,0.0,5289.27
022,DJES,4230,42,revenu,Frais d'écolage,0,0,0.0,0.0,0.0,0.0,0.0,0.0,0.0,0.0,0.0,0.0,0.0,0.0,0.0,0.0,4544.15,0.0,19493.65
022,DJES,4260,42,revenu,Remboursements et participations de tiers,0,0,1339000.0,1600100.0,1816300.0,2001300.0,2388300.0,2490000.0,2610000.0,2680000.0,2900000.0,1467007.6,1742889.63,1795481.65,2312637.0,2440184.18,2603335.92,2596934.07,2751329.86
022,DJES,4309,43,revenu,Autres revenus d'exploitation,0,0,240000.0,332800.0,434000.0,500600.0,650000.0,650000.0,710000.0,710000.0,790000.0,327394.9,449066.79,465368.79,635744.5,635696.68,701424.42,696321.87,751062.19
022,DJES,4419,44,revenu,Autres gains réalisés à partir du patrimoine financier,0,0,0.0,0.0,0.0,0.0,0.0,0.0,0.0,0.0,0.0,0.0,0.0,0.0,0.0,0.0,0.0,0.0,2.04
023,DEIEP,3010,30,charge,Salaires du personnel administratif et d'exploitation,0,0,16487600.0,16635300.0,16652900.0,17788300.0,17844000.0,18133700.0,19611900.0,20378700.0,20529000.0,16074922.09,16233910.0,16298546.25,15995346.4,16948685.5,17675879.75,18615140.15,19511151.75
023,DEIEP,3030,30,charge,Travailleurs temporaires,0,0,952200.0,952200.0,1842100.0,1908500.0,2048500.0,2215700.0,2482600.0,2375300.0,2286300.0,1256233.7,1186226.6,1269442.15,2265472.85,3144573.25,3293995.05,2798415.2,3085054.4
023,DEIEP,3049,30,charge,Autres Indemnités,0,0,50600.0,50600.0,50600.0,50600.0,50600.0,50600.0,30600.0,25600.0,25600.0,36870.39,18464.18,15211.75,17734.4,19551.95,23525.2,18239.95,21660.35
023,DEIEP,3050,30,charge,"Cotisations patronales AVS, APG, AC, frais administratifs",0,0,1100600.0,1144300.0,1196600.0,1315400.0,1315400.0,1339800.0,1439400.0,1525500.0,1531300.0,1092185.79,1102902.61,1140841.5,1188818.73,1310661.67,1373577.1,1404266.54,1480131.72
023,DEIEP,3052,30,charge,Cotisations patronales aux caisses de pension,0,0,1997200.0,2013900.0,2136600.0,2276700.0,2303800.0,2355800.0,2507300.0,2644300.0,2633600.0,2006847.33,2016114.79,2036663.85,2093581.05,2312527.1,2388282.8,2464231.65,2608531.35
023,DEIEP,3053,30,charge,Cotisations patronales aux assurances-accidents,0,0,24500.0,25100.0,32700.0,34500.0,35100.0,36600.0,38600.0,32700.0,31700.0,22663.53,23124.74,27801.09,31515.7,31195.09,34056.86,34737.37,33677.95
023,DEIEP,3054,30,charge,Cotisations patronales aux caisses d'allocations familiales,0,0,476600.0,484800.0,505600.0,543700.0,554400.0,542300.0,577500.0,590500.0,592700.0,384102.85,481523.79,487487.02,505208.29,557729.66,559399.08,569853.08,577134.58
023,DEIEP,3059,30,charge,Autres cotisations patronales,0,0,11300.0,11600.0,11800.0,12300.0,12500.0,12700.0,14300.0,14800.0,20900.0,10427.27,10497.38,10654.58,11020.78,12190.33,12677.03,12918.7,13660.74
023,DEIEP,3090,30,charge,Formation et perfectionnement du propre personnel,0,0,0.0,0.0,0.0,0.0,0.0,0.0,0.0,0.0,0.0,1125.5,0.0,0.0,0.0,0.0,860.0,0.0,0.0
023,DEIEP,3091,30,charge,Recrutement du personnel,0,0,0.0,0.0,0.0,0.0,0.0,0.0,0.0,0.0,0.0,0.0,0.0,0.0,0.0,0.0,0.0,0.0,300.0
023,DEIEP,3099,30,charge,Autres charges de personnel,0,0,13100.0,13100.0,13100.0,12900.0,12900.0,12900.0,12900.0,12900.0,12900.0,10496.69,11250.0,1574.7,-690.0,10520.83,12728.4,10239.0,13313.35
023,DEIEP,3100,31,charge,Matériel de bureau,0,0,121000.0,138500.0,110000.0,81500.0,81500.0,81500.0,86500.0,86500.0,86500.0,133746.4,88482.35,115907.81,100687.45,81037.39,117141.83,82611.35,39507.9
023,DEIEP,3101,31,charge,"Matériel d'exploitation, fournitures",0,0,0.0,0.0,0.0,0.0,0.0,0.0,0.0,0.0,0.0,0.0,0.0,0.0,0.0,0.0,2843.92,1367.37,1759.85
023,DEIEP,3102,31,charge,"Imprimés, publications",0,0,81100.0,81100.0,81100.0,91100.0,91100.0,91100.0,45900.0,16100.0,16100.0,76498.2,57837.55,10327.25,27965.49,53392.25,16091.7,14357.1,9300.0
023,DEIEP,3103,31,charge,"Littérature spécialisée, magazines",0,0,9200.0,9200.0,9200.0,9200.0,9200.0,9200.0,9200.0,9200.0,9200.0,8487.08,7969.01,8827.57,9644.88,11839.01,9248.16,9490.12,10177.95
023,DEIEP,3104,31,charge,Matériel didactique,0,0,0.0,0.0,0.0,0.0,0.0,0.0,0.0,0.0,0.0,0.0,0.0,0.0,0.0,0.0,87.22,88.31,317.16
023,DEIEP,3106,31,charge,Matériel médical et de laboratoire,0,0,0.0,0.0,0.0,0.0,0.0,0.0,0.0,0.0,0.0,0.0,0.0,0.0,0.0,0.0,80.84,0.0,335.0
023,DEIEP,3109,31,charge,Autres charges de matériel et de marchandises,0,0,0.0,0.0,0.0,0.0,0.0,0.0,0.0,0.0,0.0,16.45,0.0,0.0,0.0,0.0,314.0,0.0,0.0
023,DEIEP,3110,31,charge,Meubles et appareils de bureau,0,0,0.0,0.0,0.0,30000.0,240000.0,0.0,10000.0,5000.0,5000.0,31424.95,12535.1,19100.52,19618.85,65958.67,26207.59,7040.2,4851.7
023,DEIEP,3111,31,charge,"Machines, appareils et véhicules",0,0,0.0,0.0,0.0,0.0,0.0,0.0,0.0,0.0,0.0,0.0,0.0,0.0,0.0,0.0,295.5,75.65,2493.9
023,DEIEP,3112,31,charge,"Vêtements, linge, rideaux",0,0,0.0,0.0,0.0,0.0,0.0,0.0,0.0,0.0,0.0,0.0,0.0,0.0,0.0,0.0,290.8,0.0,0.0
023,DEIEP,3113,31,charge,Matériel informatique,0,0,0.0,0.0,0.0,0.0,0.0,0.0,0.0,0.0,0.0,0.0,0.0,0.0,0.0,0.0,11177.11,1245.7,492.55
023,DEIEP,3118,31,charge,Immobilisations incorporelles,0,0,0.0,0.0,0.0,0.0,5600.0,5600.0,5600.0,5600.0,5600.0,0.0,0.0,0.0,0.0,0.0,0.0,0.0,0.0
023,DEIEP,3120,31,charge,Alimentation et élimination des biens-fonds PA,0,0,5500.0,5500.0,5500.0,5500.0,8500.0,8500.0,8500.0,6500.0,6500.0,5221.85,6670.13,2364.0,1832.05,5616.55,6289.75,4535.8,5564.9
023,DEIEP,3130,31,charge,Prestations de services de tiers,0,0,741700.0,764200.0,824200.0,884200.0,1050300.0,1050300.0,941300.0,806300.0,936300.0,766274.77,760431.14,700666.95,773891.34,916234.61,863915.72,961589.69,788678.81
023,DEIEP,3132,31,charge,"Honoraires Conseillers externes, experts, spécialistes, etc.",0,0,525800.0,525800.0,517800.0,632800.0,652800.0,714900.0,664900.0,316100.0,316100.0,373685.51,388462.1,354299.65,334736.84,593645.05,432863.96,244306.91,339036.91
023,DEIEP,3133,31,charge,Charges d'utilisations informatiques,0,0,0.0,0.0,0.0,0.0,0.0,0.0,0.0,230000.0,230000.0,0.0,0.0,0.0,0.0,0.0,13155.1,-13155.1,0.0
023,DEIEP,3135,31,charge,Charges de prestations de service pour personnes en garde,0,0,2452900.0,2452900.0,2452900.0,2452900.0,2452900.0,2452900.0,2474900.0,2459900.0,3059900.0,2508066.47,2709406.87,2197257.48,2123126.36,2654880.52,2945884.34,3298055.99,3658124.16
023,DEIEP,3150,31,charge,Entretien de meubles et appareils de bureau,0,0,10500.0,10500.0,10500.0,10500.0,10500.0,10500.0,10500.0,8500.0,8500.0,19436.8,10274.24,11103.25,9555.15,8296.25,12511.0,7894.4,3006.81
023,DEIEP,3160,31,charge,Loyer et bail à ferme des biens-fonds,0,0,1091600.0,1146900.0,1084800.0,1246000.0,1388100.0,1443800.0,1386000.0,1416600.0,1953600.0,1079064.8,1092315.68,1079130.35,1049604.75,1119228.33,1375845.12,1369773.15,1420991.05
023,DEIEP,3161,31,charge,"Loyers, frais d'utilisation des immobilisations",0,0,31500.0,31500.0,31500.0,31500.0,37800.0,37800.0,37800.0,37800.0,37800.0,30268.53,27511.71,28565.87,21053.87,32366.17,42681.49,43373.02,41172.93
023,DEIEP,3170,31,charge,Dédommagements - Frais de déplacement et autres frais,0,0,68200.0,68200.0,68200.0,68200.0,88200.0,88200.0,88200.0,86200.0,86200.0,60021.8,88440.2,88406.6,80686.7,107762.3,104231.24,108931.62,81884.15
023,DEIEP,3180,31,charge,Réévaluations sur créances,0,0,0.0,0.0,0.0,0.0,0.0,0.0,0.0,0.0,0.0,-31293.25,46271.9,-14203.2,11059.5,43889.77,53414.61,52368.24,-89708.17
023,DEIEP,3181,31,charge,Pertes sur créance effectives,0,0,0.0,0.0,0.0,0.0,0.0,0.0,0.0,0.0,0.0,0.0,95.0,22710.0,9209.0,2935.6,7715.0,16735.0,33259.39
023,DEIEP,3199,31,charge,Autres charges d'exploitation,0,0,47200.0,47200.0,47200.0,47200.0,47200.0,47200.0,47200.0,47200.0,47200.0,78316.07,80809.58,87196.7,68527.1,43087.7,40864.55,37340.13,27360.3
023,DEIEP,3400,34,charge,Intérêts passifs des engagements courants,0,0,0.0,0.0,0.0,0.0,0.0,0.0,0.0,0.0,0.0,0.0,0.0,0.0,0.0,0.0,1373.85,0.0,0.0
023,DEIEP,3419,34,charge,Autres pertes réalisées à partir du patrimoine financier,0,0,0.0,0.0,0.0,0.0,0.0,0.0,0.0,0.0,0.0,-1.51,0.0,2.0,1.98,9.73,0.0,2.79,0.0
023,DEIEP,3499,34,charge,Autres charges financières,0,0,0.0,0.0,0.0,0.0,0.0,0.0,59000.0,59000.0,59000.0,1.4,-0.6,0.7,0.5,-7.42,-2.87,-0.69,95095.17
023,DEIEP,3612,36,charge,Dédommagements aux communes et associations intercommunales,0,0,1868500.0,1868500.0,2050000.0,2400000.0,2400000.0,2400000.0,4479000.0,7203000.0,7203000.0,2699484.3,2139600.0,2105778.4,2421720.05,3962793.1,7057484.75,6380749.15,4838346.0
023,DEIEP,3631,36,charge,Subventions accordées aux cantons et aux concordats,0,0,0.0,0.0,0.0,0.0,0.0,0.0,0.0,0.0,0.0,0.0,0.0,0.0,0.0,814218.16,0.0,0.0,0.0
023,DEIEP,3634,36,charge,Subventions accordées aux entreprises publiques,0,0,122574700.0,124852100.0,123552100.0,115815300.0,121776300.0,123276300.0,178412400.0,255051100.0,337038200.0,138711067.29,133676050.55,130086896.46,124535362.81,213020443.09,324629566.15,362558277.01,351892459.84
023,DEIEP,3635,36,charge,Subventions accordées aux entreprises privées,0,0,140600.0,140600.0,140600.0,0.0,0.0,0.0,0.0,0.0,0.0,126244.0,117944.45,118000.45,95040.0,0.0,27018.3,0.0,0.0
023,DEIEP,3636,36,charge,Subventions accordées aux org privées à but non lucratif,0,0,5191300.0,8606100.0,8606100.0,6154900.0,6210100.0,7706600.0,1676500.0,1676500.0,1676500.0,6484213.57,6789285.22,5868351.96,5712064.97,5751444.19,6407060.79,28414220.05,2001011.49
023,DEIEP,3637,36,charge,Subventions accordées aux ménages privés,0,0,1129000.0,1129000.0,1129000.0,1129000.0,1129000.0,1129000.0,1302800.0,1219000.0,1219000.0,1407038.11,1374242.35,770483.31,1248476.18,1030280.74,1568485.77,1424477.79,1558217.96
023,DEIEP,3701,37,charge,Subventions redistribuées aux cantons et aux concordats,0,0,0.0,0.0,0.0,0.0,0.0,0.0,0.0,0.0,0.0,0.0,0.0,0.0,0.0,0.0,0.0,0.0,18057.8
023,DEIEP,3702,37,charge,Subventions redistribuées aux comm et assoc intercommunales,0,0,0.0,0.0,0.0,0.0,0.0,0.0,0.0,0.0,0.0,0.0,0.0,0.0,0.0,0.0,0.0,0.0,1586133.95
023,DEIEP,3704,37,charge,Subventions redistribuées aux entreprises publiques,0,0,0.0,0.0,0.0,0.0,0.0,0.0,14467500.0,13943900.0,13943900.0,0.0,0.0,0.0,0.0,0.0,0.0,0.0,25197028.01
023,DEIEP,3705,37,charge,Subventions redistribuées aux entreprises privées,0,0,0.0,0.0,0.0,0.0,0.0,0.0,0.0,0.0,0.0,0.0,0.0,0.0,0.0,0.0,0.0,0.0,490024.27
023,DEIEP,3706,37,charge,Subventions redistribuées aux org privées à but non lucratif,0,0,0.0,0.0,0.0,0.0,0.0,0.0,5699400.0,5291700.0,5291700.0,0.0,0.0,0.0,0.0,0.0,0.0,0.0,7685570.83
023,DEIEP,4210,42,revenu,Emoluments pour actes administratifs,0,0,15618900.0,14018900.0,14757000.0,15120500.0,15630500.0,15630500.0,16714000.0,17126500.0,17820900.0,15500144.14,14590346.61,12664892.77,14268223.95,16278696.78,18623094.79,19188737.26,18042285.21
023,DEIEP,4221,42,revenu,Paiement pour prestations particulières,0,0,0.0,0.0,0.0,0.0,0.0,0.0,0.0,0.0,0.0,0.0,0.0,0.0,0.0,0.0,0.0,39.37,0.0
023,DEIEP,4230,42,revenu,Frais d'écolage,0,0,0.0,0.0,0.0,0.0,0.0,0.0,0.0,0.0,0.0,0.0,0.0,0.0,0.0,0.0,0.0,0.0,3562.4
023,DEIEP,4260,42,revenu,Remboursements et participations de tiers,0,0,125500.0,125500.0,125500.0,125500.0,125500.0,125500.0,125500.0,75500.0,75500.0,66260.54,58917.84,55268.89,1988859.26,633653.17,1638065.71,48154.14,-193512.81
023,DEIEP,4290,42,revenu,Autres taxes,0,0,0.0,0.0,0.0,0.0,0.0,0.0,0.0,0.0,0.0,0.0,45826.91,-44033.1,-79467.0,86294.4,469000.5,0.0,44961.1
023,DEIEP,4309,43,revenu,Autres revenus d'exploitation,0,0,1030400.0,1030400.0,1030400.0,1030400.0,1030400.0,1030400.0,1030400.0,1030400.0,730400.0,976600.0,977903.0,973715.0,973715.0,973715.0,985480.0,981389.0,657797.0
023,DEIEP,4390,43,revenu,Autres revenus,0,0,115000.0,115000.0,115000.0,115000.0,115000.0,115000.0,115000.0,0.0,0.0,41108.85,1829.3,3987.2,-20.0,-49.97,0.0,0.0,0.0
023,DEIEP,4419,44,revenu,Autres gains réalisés à partir du patrimoine financier,0,0,0.0,0.0,0.0,0.0,0.0,0.0,0.0,0.0,0.0,0.0,0.98,0.0,4.1,7.2,2.92,3.42,0.0
023,DEIEP,4429,44,revenu,Autres revenus de participations,0,0,0.0,0.0,0.0,0.0,0.0,0.0,0.0,0.0,0.0,0.0,494.6,0.0,0.0,0.0,0.0,0.0,0.0
023,DEIEP,4440,44,revenu,Réévaluation autres placements financiers PF,0,0,0.0,0.0,0.0,0.0,0.0,0.0,0.0,0.0,0.0,0.0,0.0,2.51,-2.51,1.7,1.97,-2.66,0.0
023,DEIEP,4511,45,revenu,Prélèvements sur les fonds sous capital propre,0,0,0.0,0.0,0.0,0.0,0.0,0.0,0.0,0.0,100000.0,0.0,0.0,0.0,0.0,0.0,0.0,14926.97,58368.6
023,DEIEP,4610,46,revenu,Dédommagements de la Confédération,0,0,550000.0,550000.0,550000.0,550000.0,550000.0,550000.0,715300.0,634500.0,634500.0,760352.8,272139.7,372027.3,403380.3,683587.1,998114.85,1028548.65,1020416.3
023,DEIEP,4611,46,revenu,Dédommagements des cantons et des concordats,0,0,0.0,0.0,0.0,0.0,0.0,0.0,0.0,0.0,0.0,0.0,500.0,0.0,0.0,8615.8,19976.8,3570.0,42000.0
023,DEIEP,4613,46,revenu,Indemnités des assurances sociales publiques,0,0,0.0,0.0,0.0,0.0,0.0,0.0,0.0,0.0,0.0,54591.45,14069.8,0.0,0.0,4498.05,7831.0,8500.0,19582.0
023,DEIEP,4614,46,revenu,Indemnités des entreprises publiques,0,0,0.0,0.0,0.0,0.0,0.0,0.0,50000.0,50000.0,50000.0,0.0,5000.0,0.0,0.0,0.0,22000.0,0.0,0.0
023,DEIEP,4630,46,revenu,Subventions de la Confédération,0,0,62509000.0,61416200.0,57000200.0,44506300.0,40534100.0,41797800.0,78143800.0,116273500.0,168634900.0,72948748.71,59881386.96,53390138.3,46948646.1,120538582.1,175523071.16,197762731.54,172483612.6
023,DEIEP,4700,47,revenu,Subventions à redistribuer reçues de la Confédération,0,0,0.0,0.0,0.0,0.0,0.0,0.0,20166900.0,19235600.0,19235600.0,0.0,0.0,0.0,0.0,0.0,0.0,0.0,34976814.86
024,DJES,3010,30,charge,Salaires du personnel administratif et d'exploitation,0,0,56627600.0,56990100.0,57197000.0,59162800.0,59679400.0,60825600.0,61197800.0,63630400.0,67901500.0,53463149.25,55146085.95,56799694.05,56908011.3,56681756.15,57871583.8,60231170.85,61551276.8
024,DJES,3020,30,charge,Salaires des enseignants,0,0,0.0,0.0,0.0,0.0,0.0,0.0,0.0,0.0,0.0,0.0,0.0,3683.95,0.0,0.0,0.0,0.0,0.0
024,DJES,3030,30,charge,Travailleurs temporaires,0,0,2086900.0,2425800.0,2708700.0,2234300.0,2512900.0,2496000.0,2456600.0,2780300.0,3650300.0,2146953.76,2059375.9,2099288.63,2317658.2,2338008.8,2879318.95,2717094.0,3469695.4
024,DJES,3049,30,charge,Autres Indemnités,0,0,1047000.0,1085900.0,1086000.0,1086000.0,1086000.0,1086000.0,1086000.0,1086000.0,1086000.0,1057119.72,1055414.95,1039028.15,1026643.55,1018494.95,1023310.3,1045608.7,1066408.1
024,DJES,3050,30,charge,"Cotisations patronales AVS, APG, AC, frais administratifs",0,0,3795800.0,3918200.0,3955500.0,4161800.0,4111100.0,4219300.0,4258400.0,4452000.0,4805000.0,3579071.3,3686045.63,3891745.25,3924154.96,3917919.84,4049704.32,4196219.75,4329153.26
024,DJES,3052,30,charge,Cotisations patronales aux caisses de pension,0,0,6746800.0,6802500.0,7133900.0,7308600.0,7386400.0,7517800.0,7567400.0,7895900.0,8508800.0,6486286.75,6752567.32,6943424.71,6966099.95,6976055.1,7179423.7,7454639.54,7687002.63
024,DJES,3053,30,charge,Cotisations patronales aux assurances-accidents,0,0,72900.0,73000.0,96300.0,98700.0,100100.0,104600.0,104500.0,100000.0,104100.0,71717.12,73625.89,95681.72,96284.7,96585.85,99329.48,102523.63,96114.0
024,DJES,3054,30,charge,Cotisations patronales aux caisses d'allocations familiales,0,0,1652000.0,1665800.0,1676800.0,1718000.0,1736200.0,1705500.0,1720900.0,1730600.0,1867700.0,1253942.37,1604133.91,1653576.32,1658456.85,1658931.29,1644380.57,1703349.7,1684784.2
024,DJES,3059,30,charge,Autres cotisations patronales,0,0,37200.0,36700.0,36500.0,37600.0,38000.0,39800.0,41000.0,42000.0,65500.0,33919.55,35087.74,36047.73,36212.89,36211.66,37260.15,38603.55,39902.47
024,DJES,3069,30,charge,Prestations de l'employeur - Autres,0,0,0.0,0.0,0.0,0.0,0.0,0.0,0.0,0.0,0.0,0.0,0.0,71812.55,0.0,0.0,0.0,0.0,0.0
024,DJES,3090,30,charge,Formation et perfectionnement du propre personnel,0,0,1825200.0,1793300.0,862300.0,856000.0,844500.0,696000.0,696000.0,626000.0,681200.0,1513798.9,1824214.02,386218.99,517756.47,542995.76,621649.18,550091.26,672493.33
024,DJES,3099,30,charge,Autres charges de personnel,0,0,122200.0,119600.0,119600.0,118600.0,118600.0,119600.0,165600.0,137600.0,128100.0,61973.45,67877.76,71991.85,31001.91,111695.09,110316.69,85953.28,88788.1
024,DJES,3100,31,charge,Matériel de bureau,0,0,162600.0,161600.0,162600.0,158600.0,177600.0,157600.0,151600.0,139600.0,150500.0,146948.69,136110.68,141813.75,136233.13,100569.37,126813.47,108431.2,122559.81
024,DJES,3101,31,charge,"Matériel d'exploitation, fournitures",0,0,2872400.0,3059400.0,3356800.0,3448600.0,3458000.0,3457900.0,3596400.0,3670200.0,3715300.0,2887372.84,2743032.69,2971853.23,3234540.83,3370468.29,3645990.64,3747286.49,3417562.91
024,DJES,3102,31,charge,"Imprimés, publications",0,0,19600.0,16600.0,16200.0,15700.0,13700.0,10700.0,10700.0,11200.0,11200.0,4858.3,7512.45,6360.75,5606.5,5680.16,5166.26,3394.82,5401.95
024,DJES,3103,31,charge,"Littérature spécialisée, magazines",0,0,17200.0,15800.0,16200.0,18700.0,12100.0,11500.0,11100.0,11500.0,11500.0,7959.93,7397.08,8273.3,11742.35,7657.74,6596.1,6436.1,8606.22
024,DJES,3104,31,charge,Matériel didactique,0,0,0.0,0.0,0.0,0.0,27100.0,63400.0,50100.0,45100.0,27100.0,0.0,0.0,0.0,0.0,17299.36,17535.64,25183.51,356.8
024,DJES,3105,31,charge,Denrées alimentaires,0,0,4294000.0,4280400.0,4311700.0,4272800.0,4322600.0,4389700.0,4663200.0,4870200.0,5370300.0,4207767.28,4074847.08,3898358.19,3830439.01,4114933.88,4250954.73,4660774.34,4759687.45
024,DJES,3106,31,charge,Matériel médical et de laboratoire,0,0,0.0,0.0,0.0,0.0,40000.0,54500.0,57000.0,69300.0,64100.0,0.0,0.0,0.0,0.0,45683.38,39414.12,44360.4,36765.23
024,DJES,3109,31,charge,Autres charges de matériel et de marchandises,0,0,87900.0,73300.0,57300.0,57300.0,53300.0,38800.0,18500.0,1000.0,0.0,39403.76,36277.66,38645.07,48731.8,24265.62,11516.59,751.1,0.0
024,DJES,3110,31,charge,Meubles et appareils de bureau,0,0,80000.0,40000.0,40000.0,40000.0,59500.0,129500.0,163000.0,166300.0,175100.0,90981.29,160810.37,206578.5,54664.58,72487.75,153823.73,118168.13,129536.43
024,DJES,3111,31,charge,"Machines, appareils et véhicules",0,0,1487200.0,1525000.0,1533100.0,1448000.0,1449200.0,1438400.0,1764600.0,1683600.0,2225300.0,1188888.13,1381028.72,1283199.75,1289806.14,1220210.22,1240459.39,1500286.38,1761246.31
024,DJES,3112,31,charge,"Vêtements, linge, rideaux",0,0,588400.0,496000.0,483800.0,457800.0,447500.0,453000.0,478700.0,479200.0,482500.0,371564.56,388166.66,283555.81,383538.51,375578.89,433433.42,347091.91,372123.9
024,DJES,3113,31,charge,Matériel informatique,0,0,0.0,0.0,0.0,0.0,41700.0,39700.0,39700.0,47700.0,68700.0,0.0,0.0,0.0,0.0,3661.9,15237.7,21342.87,28907.31
024,DJES,3115,31,charge,Bétail,0,0,525000.0,522000.0,493000.0,493000.0,493000.0,493000.0,493000.0,534000.0,534000.0,518761.11,486457.35,406257.97,465462.45,616182.3,483177.57,523687.9,552946.1
024,DJES,3120,31,charge,Alimentation et élimination des biens-fonds PA,0,0,2331700.0,2294300.0,265600.0,245400.0,244400.0,260400.0,261400.0,258400.0,265800.0,2150475.68,2353017.27,225287.95,210379.99,222659.04,223291.67,239509.36,231570.85
024,DJES,3130,31,charge,Prestations de services de tiers,0,0,8962200.0,8632000.0,8501700.0,8239400.0,8279400.0,9023000.0,9284000.0,9613700.0,10513800.0,9393522.04,8873067.24,7690717.27,8610016.61,7888147.7,8158589.36,8769550.24,8689695.62
024,DJES,3132,31,charge,"Honoraires Conseillers externes, experts, spécialistes, etc.",0,0,162700.0,162700.0,162700.0,162000.0,162000.0,547200.0,547200.0,547200.0,547200.0,70938.1,135149.2,32364.15,133494.2,105908.36,149364.31,500602.39,500711.38
024,DJES,3134,31,charge,Primes d'assurances choses,0,0,14900.0,11500.0,11200.0,11200.0,11200.0,10700.0,10700.0,10700.0,10700.0,9496.72,9443.66,10951.21,9154.4,9403.62,8862.03,9352.8,8651.83
024,DJES,3135,31,charge,Charges de prestations de service pour personnes en garde,0,0,42116500.0,43671000.0,45460600.0,45314900.0,45167400.0,45816200.0,42414500.0,41739300.0,42595100.0,38288436.21,45508600.39,47197129.45,48080908.78,46120331.23,46107203.14,45360860.54,45424109.58
024,DJES,3136,31,charge,Honoraires de l'activité de médecine privée,0,0,0.0,0.0,0.0,0.0,0.0,0.0,1000.0,1000.0,1000.0,0.0,0.0,0.0,0.0,0.0,675.0,445.0,653.2
024,DJES,3137,31,charge,Impôts et taxes,0,0,55900.0,43900.0,43900.0,43900.0,48900.0,40900.0,40900.0,40900.0,40900.0,42479.42,43588.85,40675.99,39336.95,37447.97,5861.85,9367.84,42774.85
024,DJES,3140,31,charge,Entretien des terrains,0,0,111000.0,145000.0,145000.0,141000.0,141000.0,151000.0,151000.0,151000.0,148100.0,13952.2,31232.28,19654.2,102908.16,136403.45,138062.5,124965.15,165963.2
024,DJES,3144,31,charge,"Entretien des bâtiments, immeubles",0,0,70000.0,70000.0,0.0,0.0,0.0,0.0,0.0,0.0,0.0,0.0,0.0,0.0,0.0,0.0,0.0,0.0,0.0
024,DJES,3145,31,charge,Entretien des forêts,0,0,15000.0,15000.0,13000.0,13000.0,13000.0,10000.0,10000.0,10000.0,10000.0,5468.45,5533.55,14365.85,8166.4,5593.95,8822.8,10894.5,8441.2
024,DJES,3150,31,charge,Entretien de meubles et appareils de bureau,0,0,55200.0,44700.0,38100.0,38100.0,38100.0,19000.0,25700.0,23100.0,17100.0,7942.19,434.05,356.8,7365.95,0.0,1293.65,0.0,1050.0
024,DJES,3151,31,charge,"Entretien de machines, appareils, véhicules",0,0,827200.0,832000.0,808500.0,784600.0,729300.0,704500.0,625700.0,602700.0,615800.0,756179.3,626790.0,488412.34,559244.46,615036.56,562362.31,557730.01,597097.84
024,DJES,3160,31,charge,Loyer et bail à ferme des biens-fonds,0,0,382200.0,415100.0,501200.0,502200.0,545200.0,503100.0,513900.0,514100.0,1121500.0,279458.25,312584.85,418151.6,491205.05,462868.35,466381.2,493852.59,920162.65
024,DJES,3161,31,charge,"Loyers, frais d'utilisation des immobilisations",0,0,113200.0,114200.0,108200.0,108200.0,107300.0,102100.0,114100.0,108100.0,107100.0,106274.04,90564.28,97670.72,83615.16,78259.93,92430.11,77096.01,87421.73
024,DJES,3162,31,charge,Taux de leasing opérationnel,0,0,170000.0,44400.0,35700.0,0.0,0.0,0.0,0.0,0.0,0.0,73311.3,44368.2,44368.2,33276.15,0.0,0.0,0.0,0.0
024,DJES,3169,31,charge,Autres loyers et frais d'utilisation,0,0,91800.0,96100.0,92700.0,91700.0,91700.0,92900.0,92900.0,81400.0,96700.0,81244.31,86410.32,83236.53,86434.45,85263.69,84841.4,74780.35,90395.99
024,DJES,3170,31,charge,Dédommagements - Frais de déplacement et autres frais,0,0,246600.0,256000.0,256400.0,242400.0,241600.0,246700.0,238200.0,239200.0,259500.0,228103.84,201794.07,193114.35,200835.8,218688.25,233786.3,241815.35,267344.91
024,DJES,3180,31,charge,Réévaluations sur créances,0,0,0.0,0.0,0.0,0.0,0.0,0.0,0.0,0.0,0.0,-2200.0,2909.45,-1861.7,2760.35,243.05,-2520.45,3576.2,-4086.8
024,DJES,3181,31,charge,Pertes sur créance effectives,0,0,5500.0,5500.0,4500.0,4500.0,3500.0,4300.0,3900.0,500.0,500.0,-1738.85,175.45,19591.2,430.35,16654.3,2333.7,703.0,0.0
024,DJES,3190,31,charge,Prestations de dommages et intérêts,0,0,1000.0,500.0,500.0,1000.0,1000.0,500.0,500.0,0.0,0.0,25800.0,125.0,730.3,70.0,0.0,0.0,0.0,0.0
024,DJES,3199,31,charge,Autres charges d'exploitation,0,0,3000.0,5000.0,3000.0,3000.0,3000.0,3000.0,27000.0,27500.0,25500.0,50.0,0.0,250.0,590.0,2270.0,5928.6,20013.54,15748.19
024,DJES,3400,34,charge,Intérêts passifs des engagements courants,0,0,0.0,0.0,0.0,0.0,0.0,0.0,0.0,0.0,0.0,0.0,0.0,0.0,0.0,0.0,0.0,0.0,0.5
024,DJES,3409,34,charge,Autres intérêts passifs,0,0,0.0,0.0,0.0,0.0,0.0,0.0,0.0,0.0,0.0,0.0,145.25,0.0,0.0,0.0,0.0,0.0,0.0
024,DJES,3419,34,charge,Autres pertes réalisées à partir du patrimoine financier,0,0,0.0,0.0,0.0,0.0,0.0,0.0,0.0,0.0,0.0,-2107.39,32.66,151.78,142.57,326.02,233.5,145.78,296.25
024,DJES,3440,34,charge,Réévaluations des placements financiers PF,0,0,0.0,0.0,0.0,0.0,0.0,0.0,0.0,0.0,0.0,0.0,0.0,0.0,0.0,106.56,-106.56,0.0,0.0
024,DJES,3499,34,charge,Autres charges financières,0,0,0.0,0.0,0.0,0.0,0.0,0.0,8600.0,12000.0,12700.0,-955.43,-865.52,-330.84,-908.67,-1334.15,-557.76,-709.42,8308.56
024,DJES,3511,35,charge,Attributions aux fonds sous capital propre,0,0,530000.0,530000.0,500000.0,500000.0,500000.0,500000.0,500000.0,500000.0,500000.0,506344.26,416462.58,594703.88,304252.9,634491.19,469372.58,786294.07,1174335.63
024,DJES,3611,36,charge,Dédommagements aux cantons et aux concordats,0,0,170000.0,170000.0,170000.0,160000.0,180000.0,180000.0,180000.0,180000.0,160000.0,113128.0,112350.0,150538.0,116375.0,163139.8,148935.0,128389.0,136081.0
024,DJES,3636,36,charge,Subventions accordées aux org privées à but non lucratif,0,0,5379900.0,5512200.0,6355200.0,6578300.0,6598300.0,6598300.0,6398300.0,5948300.0,5948300.0,5200825.0,5373746.0,5863519.55,5808691.37,5986791.13,5707874.78,6301069.62,5829586.86
024,DJES,4220,42,revenu,Taxes et subventions aux frais de pension,0,0,15019700.0,17909500.0,18275600.0,18534800.0,18692900.0,19211600.0,18981500.0,18981500.0,19701500.0,14376277.5,16641550.12,17553556.1,19380324.11,18450435.59,16463214.75,17628561.23,19692954.94
024,DJES,4230,42,revenu,Frais d'écolage,0,0,0.0,0.0,0.0,0.0,0.0,0.0,0.0,0.0,0.0,4916.65,5000.0,18906.35,8958.35,16666.65,19483.3,17666.65,3000.0
024,DJES,4240,42,revenu,Taxes d'utilisation et prestations de service,0,0,197400.0,202400.0,197000.0,194000.0,177000.0,192000.0,192000.0,196000.0,203700.0,201704.76,202762.17,188317.69,184576.25,187466.75,187124.09,179101.62,175647.89
024,DJES,4250,42,revenu,Ventes,0,0,5465300.0,5498900.0,5261600.0,5313500.0,5124000.0,4496600.0,4402900.0,4410000.0,5561500.0,5169990.99,5012697.22,4560444.14,4509211.84,4185966.63,4202633.88,4785766.79,5509471.49
024,DJES,4260,42,revenu,Remboursements et participations de tiers,0,0,411600.0,315000.0,343600.0,229100.0,321900.0,298900.0,292400.0,292400.0,292400.0,447531.45,500248.86,439522.35,446738.04,217286.52,202647.4,158748.67,295354.22
024,DJES,4270,42,revenu,Amendes,0,0,2210500.0,2230400.0,1479900.0,1530500.0,1631500.0,1635500.0,1635500.0,1635500.0,1635500.0,3300832.44,1455293.34,1449251.4,1639463.15,2016144.51,1677999.23,1663900.18,1475637.96
024,DJES,4301,43,revenu,Actifs saisis,0,0,830000.0,1230000.0,1000000.0,1000000.0,1000000.0,1000000.0,1000000.0,1000000.0,1000000.0,0.0,702958.36,1011801.56,384894.25,2477428.23,608589.44,1144862.4,1374805.41
024,DJES,4309,43,revenu,Autres revenus d'exploitation,0,0,5300.0,5300.0,5300.0,2000.0,2000.0,2000.0,0.0,0.0,0.0,6981.97,12262.96,6635.65,2749.75,23.4,3397.7,119091.92,92045.42
024,DJES,4320,43,revenu,"Variations de stocks, produits semi-finis et finis",0,0,0.0,0.0,0.0,0.0,0.0,0.0,0.0,0.0,0.0,313162.67,-19714.29,-108052.61,-7146.37,-56537.3,25921.33,62143.17,-125881.56
024,DJES,4329,43,revenu,Autres variations de stocks,0,0,0.0,0.0,0.0,0.0,0.0,0.0,0.0,0.0,0.0,-11717.53,88685.82,10448.57,-74191.61,201964.64,-71611.75,104122.55,66947.2
024,DJES,4390,43,revenu,Autres revenus,0,0,0.0,0.0,0.0,0.0,0.0,0.0,0.0,0.0,0.0,0.0,0.0,0.0,0.0,0.0,0.0,45466.1,0.0
024,DJES,4419,44,revenu,Autres gains réalisés à partir du patrimoine financier,0,0,0.0,0.0,0.0,0.0,0.0,0.0,0.0,0.0,0.0,0.0,261.36,72.86,343.55,1316.12,146.99,124.43,78.79
024,DJES,4420,44,revenu,Revenus de participations PF - Dividendes,0,0,0.0,0.0,0.0,0.0,0.0,0.0,0.0,0.0,0.0,0.0,200.0,0.0,0.0,0.0,0.0,0.0,0.0
024,DJES,4429,44,revenu,Autres revenus de participations,0,0,0.0,0.0,0.0,0.0,0.0,0.0,0.0,0.0,0.0,0.0,0.0,0.0,0.0,3550.0,0.0,0.0,0.0
024,DJES,4440,44,revenu,Réévaluation autres placements financiers PF,0,0,0.0,0.0,0.0,0.0,0.0,0.0,0.0,0.0,0.0,0.0,8.06,0.0,-6.64,-1.18,0.0,44.41,-27.52
024,DJES,4470,44,revenu,Loyers et fermages des biens-fonds PA,0,0,500.0,500.0,500.0,500.0,500.0,500.0,500.0,500.0,500.0,500.0,500.0,500.0,500.0,723.85,500.0,603.6,500.0
024,DJES,4630,46,revenu,Subventions de la Confédération,0,0,803800.0,803800.0,718000.0,718000.0,718000.0,993000.0,993000.0,993000.0,993000.0,711810.0,717999.0,721440.0,854736.0,1034542.0,992050.15,1633326.05,989684.35
024,DJES,4631,46,revenu,Subventions des cantons et des concordats,0,0,0.0,0.0,0.0,0.0,0.0,0.0,0.0,0.0,285000.0,0.0,0.0,0.0,0.0,0.0,34897.85,241625.7,284801.45
025,DICIRH,3010,30,charge,Salaires du personnel administratif et d'exploitation,0,0,8290500.0,8386600.0,0.0,0.0,0.0,0.0,0.0,0.0,0.0,8268175.8,0.0,0.0,0.0,0.0,0.0,0.0,0.0
025,DICIRH,3030,30,charge,Travailleurs temporaires,0,0,155000.0,155000.0,0.0,0.0,0.0,0.0,0.0,0.0,0.0,114203.85,0.0,0.0,0.0,0.0,0.0,0.0,0.0
025,DICIRH,3049,30,charge,Autres Indemnités,0,0,15000.0,15000.0,0.0,0.0,0.0,0.0,0.0,0.0,0.0,12117.4,0.0,0.0,0.0,0.0,0.0,0.0,0.0
025,DICIRH,3050,30,charge,"Cotisations patronales AVS, APG, AC, frais administratifs",0,0,539700.0,554900.0,0.0,0.0,0.0,0.0,0.0,0.0,0.0,527634.1,0.0,0.0,0.0,0.0,0.0,0.0,0.0
025,DICIRH,3052,30,charge,Cotisations patronales aux caisses de pension,0,0,972200.0,956100.0,0.0,0.0,0.0,0.0,0.0,0.0,0.0,997315.6,0.0,0.0,0.0,0.0,0.0,0.0,0.0
025,DICIRH,3053,30,charge,Cotisations patronales aux assurances-accidents,0,0,10300.0,10900.0,0.0,0.0,0.0,0.0,0.0,0.0,0.0,11082.25,0.0,0.0,0.0,0.0,0.0,0.0,0.0
025,DICIRH,3054,30,charge,Cotisations patronales aux caisses d'allocations familiales,0,0,237800.0,237000.0,0.0,0.0,0.0,0.0,0.0,0.0,0.0,185738.05,0.0,0.0,0.0,0.0,0.0,0.0,0.0
025,DICIRH,3059,30,charge,Autres cotisations patronales,0,0,5600.0,6000.0,0.0,0.0,0.0,0.0,0.0,0.0,0.0,5034.25,0.0,0.0,0.0,0.0,0.0,0.0,0.0
025,DICIRH,3099,30,charge,Autres charges de personnel,0,0,20000.0,34000.0,0.0,0.0,0.0,0.0,0.0,0.0,0.0,27588.55,0.0,0.0,0.0,0.0,0.0,0.0,0.0
025,DICIRH,3100,31,charge,Matériel de bureau,0,0,45000.0,50000.0,0.0,0.0,0.0,0.0,0.0,0.0,0.0,42063.3,0.0,0.0,0.0,0.0,0.0,0.0,0.0
025,DICIRH,3101,31,charge,"Matériel d'exploitation, fournitures",0,0,2500.0,2500.0,0.0,0.0,0.0,0.0,0.0,0.0,0.0,739.45,0.0,0.0,0.0,0.0,0.0,0.0,0.0
025,DICIRH,3102,31,charge,"Imprimés, publications",0,0,2290000.0,2116000.0,0.0,0.0,0.0,0.0,0.0,0.0,0.0,1292436.66,0.0,0.0,0.0,0.0,0.0,0.0,0.0
025,DICIRH,3103,31,charge,"Littérature spécialisée, magazines",0,0,20000.0,20000.0,0.0,0.0,0.0,0.0,0.0,0.0,0.0,16236.91,0.0,0.0,0.0,0.0,0.0,0.0,0.0
025,DICIRH,3110,31,charge,Meubles et appareils de bureau,0,0,13000.0,30000.0,0.0,0.0,0.0,0.0,0.0,0.0,0.0,53846.25,0.0,0.0,0.0,0.0,0.0,0.0,0.0
025,DICIRH,3120,31,charge,"Alimentation et élimination, biens-fonds, PA",0,0,17000.0,17000.0,0.0,0.0,0.0,0.0,0.0,0.0,0.0,10756.25,0.0,0.0,0.0,0.0,0.0,0.0,0.0
025,DICIRH,3130,31,charge,Prestations de services de tiers,0,0,3053000.0,2410000.0,0.0,0.0,0.0,0.0,0.0,0.0,0.0,1753645.58,0.0,0.0,0.0,0.0,0.0,0.0,0.0
025,DICIRH,3132,31,charge,"Honoraires Conseillers externes, experts, spécialistes, etc.",0,0,280000.0,280000.0,0.0,0.0,0.0,0.0,0.0,0.0,0.0,195050.86,0.0,0.0,0.0,0.0,0.0,0.0,0.0
025,DICIRH,3135,31,charge,Charges de prestations de service pour personnes en garde,0,0,90000.0,90000.0,0.0,0.0,0.0,0.0,0.0,0.0,0.0,32784.55,0.0,0.0,0.0,0.0,0.0,0.0,0.0
025,DICIRH,3150,31,charge,Entretien de meubles et appareils de bureau,0,0,13000.0,8000.0,0.0,0.0,0.0,0.0,0.0,0.0,0.0,1697.35,0.0,0.0,0.0,0.0,0.0,0.0,0.0
025,DICIRH,3160,31,charge,Loyer et bail à ferme des biens-fonds,0,0,562200.0,522400.0,0.0,0.0,0.0,0.0,0.0,0.0,0.0,565803.05,0.0,0.0,0.0,0.0,0.0,0.0,0.0
025,DICIRH,3161,31,charge,"Loyers, frais d'utilisation des immobilisations",0,0,60000.0,60000.0,0.0,0.0,0.0,0.0,0.0,0.0,0.0,49977.85,0.0,0.0,0.0,0.0,0.0,0.0,0.0
025,DICIRH,3170,31,charge,Dédommagements - Frais de déplacement et autres frais,0,0,137500.0,137500.0,0.0,0.0,0.0,0.0,0.0,0.0,0.0,105094.87,0.0,0.0,0.0,0.0,0.0,0.0,0.0
025,DICIRH,3181,31,charge,Pertes sur créance effectives,0,0,4000.0,4000.0,0.0,0.0,0.0,0.0,0.0,0.0,0.0,0.0,0.0,0.0,0.0,0.0,0.0,0.0,0.0
025,DICIRH,3199,31,charge,Autres charges d'exploitation,0,0,75000.0,75000.0,0.0,0.0,0.0,0.0,0.0,0.0,0.0,5506.0,0.0,0.0,0.0,0.0,0.0,0.0,0.0
025,DICIRH,3419,34,charge,Pertes de change sur monnaies étrangères,0,0,0.0,0.0,0.0,0.0,0.0,0.0,0.0,0.0,0.0,-0.93,0.0,0.0,0.0,0.0,0.0,0.0,0.0
025,DICIRH,3612,36,charge,Dédommagements aux communes et associations intercommunales,0,0,5000000.0,360000.0,0.0,0.0,0.0,0.0,0.0,0.0,0.0,10000000.0,0.0,0.0,0.0,0.0,0.0,0.0,0.0
025,DICIRH,3632,36,charge,Subventions accordées aux communes et ass intercommunales,0,0,600000.0,600000.0,0.0,0.0,0.0,0.0,0.0,0.0,0.0,119240.2,0.0,0.0,0.0,0.0,0.0,0.0,0.0
025,DICIRH,3634,36,charge,Subventions accordées aux entreprises publiques,0,0,600000.0,600000.0,0.0,0.0,0.0,0.0,0.0,0.0,0.0,297095.0,0.0,0.0,0.0,0.0,0.0,0.0,0.0
025,DICIRH,3635,36,charge,Subventions accordées aux entreprises privées,0,0,612000.0,612000.0,0.0,0.0,0.0,0.0,0.0,0.0,0.0,429805.0,0.0,0.0,0.0,0.0,0.0,0.0,0.0
025,DICIRH,3636,36,charge,Subventions accordées aux org privées à but non lucratif,0,0,4350000.0,3450000.0,0.0,0.0,0.0,0.0,0.0,0.0,0.0,1967646.0,0.0,0.0,0.0,0.0,0.0,0.0,0.0
025,DICIRH,4210,42,revenu,Emoluments pour actes administratifs,0,0,3567000.0,3567000.0,0.0,0.0,0.0,0.0,0.0,0.0,0.0,2945536.44,0.0,0.0,0.0,0.0,0.0,0.0,0.0
025,DICIRH,4260,42,revenu,Remboursements et participations de tiers,0,0,120500.0,120500.0,0.0,0.0,0.0,0.0,0.0,0.0,0.0,132790.95,0.0,0.0,0.0,0.0,0.0,0.0,0.0
025,DICIRH,4270,42,revenu,Amendes,0,0,9200000.0,8800000.0,0.0,0.0,0.0,0.0,0.0,0.0,0.0,8331535.26,0.0,0.0,0.0,0.0,0.0,0.0,0.0
025,DICIRH,4401,44,revenu,Intérêts des créances et comptes courants,0,0,2000.0,2000.0,0.0,0.0,0.0,0.0,0.0,0.0,0.0,0.0,0.0,0.0,0.0,0.0,0.0,0.0,0.0
025,DICIRH,4450,44,revenu,Revenus provenant de prêts PA,0,0,53000.0,55400.0,0.0,0.0,0.0,0.0,0.0,0.0,0.0,54388.45,0.0,0.0,0.0,0.0,0.0,0.0,0.0
025,DICIRH,4511,45,revenu,"Prélèvements provenant de fonds, capital propre",0,0,0.0,360000.0,0.0,0.0,0.0,0.0,0.0,0.0,0.0,0.0,0.0,0.0,0.0,0.0,0.0,0.0,0.0
026,OJV-MP,3000,30,charge,Salaires des autorités et juges,0,0,244600.0,244600.0,244600.0,244600.0,244600.0,230000.0,668800.0,654600.0,661100.0,244572.15,244572.15,237656.85,244572.15,246072.15,232033.7,663265.35,649543.4
026,OJV-MP,3001,30,charge,Paiements aux autorités et juges,0,0,0.0,0.0,0.0,3000.0,3000.0,3000.0,9000.0,11000.0,11000.0,2938.1,536.3,1123.0,2476.4,2827.05,2598.75,10636.1,7542.35
026,OJV-MP,3010,30,charge,Salaires du personnel administratif et d'exploitation,0,0,19170600.0,19638700.0,20219700.0,21034600.0,21691000.0,22801100.0,24566200.0,25318500.0,26146300.0,19282744.93,19559494.9,19808918.7,20291808.7,20670752.35,22016791.6,23035903.75,24294963.08
026,OJV-MP,3030,30,charge,Travailleurs temporaires,0,0,1520600.0,1520600.0,1590400.0,1614800.0,1137700.0,1083000.0,1158000.0,1158000.0,1172200.0,1329119.97,1325802.55,1233258.95,1490884.05,1592925.95,975888.25,983268.3,1049401.45
026,OJV-MP,3049,30,charge,Autres Indemnités,0,0,273100.0,173100.0,173100.0,173100.0,173100.0,173100.0,173100.0,165300.0,165300.0,89254.15,86883.95,92399.85,112208.7,112847.91,127326.69,130338.07,124967.43
026,OJV-MP,3050,30,charge,"Cotisations patronales AVS, APG, AC, frais administratifs",0,0,1331800.0,1391500.0,1429800.0,1521500.0,1507200.0,1584500.0,1733800.0,1782500.0,1837900.0,1316146.12,1334017.77,1379165.81,1436030.63,1472721.6,1514351.31,1607445.99,1690356.79
026,OJV-MP,3052,30,charge,Cotisations patronales aux caisses de pension,0,0,2430800.0,2481600.0,2584200.0,2680700.0,2698300.0,2820700.0,3056700.0,3142500.0,3240900.0,2422419.69,2507699.29,2534828.2,2623570.9,2697673.1,2769354.05,2959040.0,3104348.0
026,OJV-MP,3053,30,charge,Cotisations patronales aux assurances-accidents,0,0,25900.0,28300.0,34600.0,35800.0,36500.0,38400.0,41600.0,39300.0,39400.0,25096.49,25185.81,33053.98,34733.91,35635.38,35896.23,38409.69,36784.6
026,OJV-MP,3054,30,charge,Cotisations patronales aux caisses d'allocations familiales,0,0,576100.0,589400.0,603700.0,626900.0,635500.0,640900.0,701600.0,691500.0,712600.0,462012.29,585132.47,589817.98,612815.14,625463.11,623010.81,660798.07,668461.34
026,OJV-MP,3059,30,charge,Autres cotisations patronales,0,0,12900.0,13600.0,13600.0,14200.0,14100.0,14400.0,15700.0,16000.0,24900.0,12601.84,12799.79,12875.55,13386.15,13588.98,14105.72,14986.05,15825.2
026,OJV-MP,3060,30,charge,Prestations de l'employeur - Pensions,0,0,40000.0,40000.0,40000.0,0.0,0.0,0.0,0.0,0.0,0.0,37149.6,37149.6,9287.4,0.0,0.0,0.0,0.0,0.0
026,OJV-MP,3062,30,charge,Prest employeur - Alloc renchériss rentes et parts de rente,0,0,20000.0,20000.0,20000.0,0.0,0.0,0.0,0.0,0.0,0.0,14503.8,14503.8,3625.95,0.0,0.0,0.0,0.0,0.0
026,OJV-MP,3090,30,charge,Formation et perfectionnement du propre personnel,0,0,0.0,0.0,0.0,0.0,0.0,0.0,0.0,140000.0,140000.0,0.0,0.0,0.0,0.0,7200.0,0.0,0.0,0.0
026,OJV-MP,3091,30,charge,Recrutement du personnel,0,0,0.0,0.0,0.0,0.0,0.0,0.0,0.0,0.0,20000.0,0.0,0.0,0.0,0.0,0.0,2040.0,4462.4,5731.05
026,OJV-MP,3099,30,charge,Autres charges de personnel,0,0,6100.0,6100.0,6100.0,11800.0,11800.0,11800.0,11800.0,16600.0,24700.0,9182.35,10303.1,10347.2,10052.2,7515.89,9498.51,10539.15,21584.19
026,OJV-MP,3100,31,charge,Matériel de bureau,0,0,96100.0,96100.0,92500.0,92500.0,92500.0,77000.0,77000.0,77000.0,77000.0,83183.5,67557.24,81341.01,73174.38,72795.86,84490.81,75030.61,74494.99
026,OJV-MP,3101,31,charge,"Matériel d'exploitation, fournitures",0,0,0.0,0.0,0.0,0.0,0.0,2000.0,2000.0,2000.0,1500.0,0.0,0.0,0.0,0.0,671.06,1265.07,1174.34,555.13
026,OJV-MP,3102,31,charge,"Imprimés, publications",0,0,29800.0,29800.0,26200.0,26200.0,26200.0,16200.0,16200.0,10300.0,10300.0,10402.05,3446.79,1616.05,4643.28,2382.6,4637.25,4469.9,4181.44
026,OJV-MP,3103,31,charge,"Littérature spécialisée, magazines",0,0,65300.0,65300.0,65300.0,65300.0,65300.0,30300.0,100300.0,112100.0,92100.0,17157.05,12580.7,30857.8,19323.1,16523.25,21608.66,30684.64,81170.47
026,OJV-MP,3104,31,charge,Matériel didactique,0,0,0.0,0.0,0.0,0.0,0.0,500.0,500.0,500.0,500.0,0.0,415.5,0.0,0.0,30.15,49.15,132.62,198.84
026,OJV-MP,3106,31,charge,Matériel médical et de laboratoire,0,0,0.0,0.0,0.0,0.0,0.0,500.0,500.0,500.0,500.0,0.0,0.0,9427.55,0.0,132.45,190.75,0.0,93.09
026,OJV-MP,3110,31,charge,Meubles et appareils de bureau,0,0,20000.0,20000.0,20000.0,30000.0,45000.0,45500.0,45500.0,90500.0,80500.0,34605.1,6546.85,17760.3,24920.01,27881.3,53922.6,95565.68,30905.4
026,OJV-MP,3111,31,charge,"Machines, appareils et véhicules",0,0,0.0,0.0,0.0,0.0,0.0,500.0,500.0,500.0,500.0,0.0,0.0,0.0,0.0,313.8,0.0,368.62,113.2
026,OJV-MP,3113,31,charge,Matériel informatique,0,0,0.0,0.0,0.0,0.0,0.0,1500.0,11500.0,26500.0,16500.0,0.0,0.0,0.0,0.0,1231.9,2050.9,750.4,1364.2
026,OJV-MP,3120,31,charge,Alimentation et élimination des biens-fonds PA,0,0,8000.0,8000.0,8000.0,10000.0,10000.0,10000.0,10000.0,12000.0,18600.0,9266.45,7809.9,11427.6,10232.35,7763.94,17438.75,8826.9,9524.65
026,OJV-MP,3130,31,charge,Prestations de services de tiers,0,0,679200.0,679200.0,679200.0,718700.0,703700.0,610000.0,962500.0,1260500.0,1338500.0,519510.3,523534.65,541686.15,500447.3,531566.56,744908.91,652839.67,790622.29
026,OJV-MP,3132,31,charge,"Honoraires Conseillers externes, experts, spécialistes, etc.",0,0,20000.0,20000.0,20000.0,20000.0,20000.0,20000.0,20000.0,20000.0,60000.0,0.0,16190.0,0.0,3421.15,1085.0,6462.0,19459.1,27011.9
026,OJV-MP,3135,31,charge,Charges de prestations de service pour personnes en garde,0,0,804300.0,804300.0,804300.0,804300.0,2204300.0,2204300.0,3204300.0,2971300.0,2768300.0,1381860.95,1631184.2,2044287.05,2239068.4,2644734.1,3275385.56,2601493.35,2592944.59
026,OJV-MP,3137,31,charge,Impôts et taxes,0,0,500.0,500.0,500.0,500.0,500.0,500.0,500.0,500.0,500.0,0.0,802.8,0.0,0.0,0.0,0.0,0.0,0.0
026,OJV-MP,3150,31,charge,Entretien de meubles et appareils de bureau,0,0,16200.0,16200.0,16200.0,16200.0,16200.0,6200.0,6200.0,4700.0,4700.0,5577.05,6766.1,7142.75,1112.15,5409.65,6357.35,821.15,2383.15
026,OJV-MP,3160,31,charge,Loyer et bail à ferme des biens-fonds,0,0,2394100.0,2285600.0,2280900.0,2285000.0,2300700.0,2398300.0,2422400.0,2496200.0,2716700.0,2201248.5,2248627.4,2280271.5,2286332.1,2279507.41,2369709.95,2425710.88,2472969.57
026,OJV-MP,3161,31,charge,"Loyers, frais d'utilisation des immobilisations",0,0,109800.0,109800.0,109800.0,109800.0,109800.0,109800.0,109800.0,100800.0,101000.0,91723.35,92493.8,93919.55,91325.1,58892.65,72190.35,75185.85,87670.1
026,OJV-MP,3162,31,charge,Taux de leasing opérationnel,0,0,0.0,0.0,0.0,0.0,0.0,0.0,0.0,0.0,0.0,9221.25,0.0,0.0,0.0,0.0,0.0,0.0,0.0
026,OJV-MP,3170,31,charge,Dédommagements - Frais de déplacement et autres frais,0,0,195500.0,195500.0,195500.0,195500.0,195500.0,184500.0,178500.0,172900.0,174700.0,149497.45,145350.7,129427.9,138401.65,154630.55,181858.15,164252.15,180484.25
026,OJV-MP,3199,31,charge,Autres charges d'exploitation,0,0,11830700.0,11830700.0,12207700.0,11857700.0,11857700.0,11857700.0,13557700.0,14363900.0,17043900.0,11828529.85,11933420.76,11658964.47,11593241.44,12978880.3,13548847.63,13928102.78,15927103.62
026,OJV-MP,3419,34,charge,Autres pertes réalisées à partir du patrimoine financier,0,0,0.0,0.0,0.0,0.0,0.0,0.0,0.0,0.0,0.0,0.0,0.0,0.0,0.0,7.68,0.59,0.0,8.28
026,OJV-MP,3499,34,charge,Autres charges financières,0,0,0.0,0.0,0.0,0.0,0.0,0.0,2500.0,2500.0,2500.0,-7.9,0.0,0.0,0.0,292.49,0.0,0.0,1745.1
026,OJV-MP,3990,39,charge,Autres imputations internes,0,0,1360000.0,1360000.0,340000.0,700000.0,700000.0,730000.0,800000.0,1000000.0,1000000.0,1318468.9,1190289.65,682687.8,661311.35,736810.53,821070.45,951384.82,922904.46
026,OJV-MP,4260,42,revenu,Remboursements et participations de tiers,0,0,126500.0,126500.0,166500.0,166500.0,166500.0,206500.0,206500.0,206500.0,206500.0,133262.3,127090.65,128659.46,154744.25,148302.56,164095.25,167346.46,163425.95
026,OJV-MP,4270,42,revenu,Amendes,0,0,275000.0,275000.0,275000.0,275000.0,275000.0,275000.0,275000.0,275000.0,275000.0,204502.42,193314.76,172572.46,204711.81,131092.11,119637.56,133047.25,273885.21
026,OJV-MP,4390,43,revenu,Autres revenus,0,0,0.0,0.0,0.0,0.0,0.0,0.0,0.0,0.0,0.0,-435.89,43748.36,0.0,0.0,0.0,0.0,0.0,0.0
026,OJV-MP,4419,44,revenu,Autres gains réalisés à partir du patrimoine financier,0,0,0.0,0.0,0.0,0.0,0.0,0.0,0.0,0.0,0.0,0.0,534.19,4.42,57.25,0.0,0.0,0.0,0.0
026,OJV-MP,4440,44,revenu,Réévaluation autres placements financiers PF,0,0,0.0,0.0,0.0,0.0,0.0,0.0,0.0,0.0,0.0,0.0,7.82,7.25,-15.07,0.0,0.0,4.61,-4.61
026,OJV-MP,4910,49,revenu,Imput int pour prestations de service,0,0,0.0,0.0,0.0,0.0,0.0,41000.0,44300.0,45200.0,45700.0,0.0,0.0,0.0,0.0,0.0,42174.0,44231.46,45036.3
027,DSAS,3010,30,charge,Salaires du personnel administratif et d'exploitation,0,0,4527100.0,4018600.0,3776600.0,4405400.0,4700700.0,4806300.0,4947700.0,5060800.0,3842400.0,4393958.54,3906571.65,3749611.1,3728696.1,4340914.45,4635200.8,4866693.02,4932957.5
027,DSAS,3030,30,charge,Travailleurs temporaires,0,0,210000.0,381600.0,698500.0,1205400.0,913100.0,693300.0,840800.0,714800.0,714800.0,153991.96,363384.75,582757.3,793335.15,1184229.7,499416.35,320785.7,131364.6
027,DSAS,3049,30,charge,Autres Indemnités,0,0,20100.0,19200.0,19200.0,25900.0,25900.0,25900.0,25900.0,3000.0,3000.0,18018.85,17194.7,16040.2,20261.4,23418.4,13698.75,26953.85,25099.9
027,DSAS,3050,30,charge,"Cotisations patronales AVS, APG, AC, frais administratifs",0,0,290000.0,287800.0,296800.0,373800.0,365700.0,360300.0,379300.0,378300.0,298500.0,282876.08,267511.5,265492.9,292665.38,327626.81,332384.55,334317.28,328331.53
027,DSAS,3052,30,charge,Cotisations patronales aux caisses de pension,0,0,534600.0,477500.0,546000.0,656300.0,609500.0,643500.0,677400.0,675900.0,533200.0,523874.4,479701.85,473285.15,525147.25,579474.37,595265.58,616003.95,617251.25
027,DSAS,3053,30,charge,Cotisations patronales aux assurances-accidents,0,0,7300.0,5300.0,7300.0,9500.0,8700.0,8800.0,9200.0,8400.0,6300.0,6983.88,6621.85,7963.02,8640.62,10131.64,8642.0,7584.88,6915.5
027,DSAS,3054,30,charge,Cotisations patronales aux caisses d'allocations familiales,0,0,124800.0,122200.0,125800.0,153500.0,154400.0,145600.0,153400.0,146700.0,115900.0,99281.41,116830.14,115151.45,125047.64,139690.94,135593.23,137135.59,128534.05
027,DSAS,3059,30,charge,Autres cotisations patronales,0,0,2600.0,2700.0,2600.0,3300.0,3400.0,3300.0,3400.0,3500.0,4100.0,2697.76,2553.32,2516.26,2718.04,3042.8,3154.76,3104.02,3039.87
027,DSAS,3090,30,charge,Formation et perfectionnement du propre personnel,0,0,163100.0,35100.0,42000.0,40000.0,55000.0,55000.0,50000.0,50000.0,35000.0,219728.97,182984.63,28199.6,41833.45,57970.85,20770.1,37630.7,26376.89
027,DSAS,3099,30,charge,Autres charges de personnel,0,0,36000.0,36800.0,40000.0,40000.0,62000.0,62000.0,60000.0,66000.0,57000.0,34113.3,41543.45,31309.5,39933.65,27432.85,39350.2,40211.65,51414.16
027,DSAS,3100,31,charge,Matériel de bureau,0,0,28500.0,27500.0,27500.0,26000.0,24000.0,16000.0,19000.0,20000.0,20000.0,25760.86,25328.71,25159.55,17678.85,12313.37,17761.05,11807.18,7837.05
027,DSAS,3101,31,charge,"Matériel d'exploitation, fournitures",0,0,0.0,0.0,0.0,0.0,0.0,0.0,0.0,3000.0,2200.0,0.0,0.0,0.0,0.0,0.0,0.0,2549.3,1862.5
027,DSAS,3102,31,charge,"Imprimés, publications",0,0,8000.0,5000.0,3500.0,3000.0,2000.0,10000.0,38000.0,19000.0,35000.0,4121.25,2718.25,2396.75,659504.97,20341.75,3513.05,8210.45,3721.6
027,DSAS,3103,31,charge,"Littérature spécialisée, magazines",0,0,19300.0,15800.0,13500.0,14500.0,14500.0,14500.0,15500.0,15500.0,15500.0,15730.08,12144.58,15373.58,13724.87,12180.7,14363.22,13299.14,12559.85
027,DSAS,3104,31,charge,Matériel didactique,0,0,0.0,0.0,0.0,0.0,0.0,0.0,100.0,100.0,100.0,0.0,0.0,0.0,0.0,0.0,5.3,43.59,89.62
027,DSAS,3106,31,charge,Matériel médical et de laboratoire,0,0,0.0,0.0,0.0,0.0,0.0,0.0,0.0,500.0,400.0,0.0,0.0,0.0,0.0,0.0,0.0,267.76,414.05
027,DSAS,3110,31,charge,Meubles et appareils de bureau,0,0,0.0,7000.0,10000.0,30000.0,28000.0,28000.0,27500.0,13700.0,13800.0,23476.1,25791.45,18273.95,27481.0,28591.85,28659.45,27960.14,6099.7
027,DSAS,3111,31,charge,"Machines, appareils et véhicules",0,0,0.0,0.0,0.0,0.0,0.0,0.0,0.0,500.0,400.0,0.0,0.0,0.0,0.0,0.0,17.85,501.0,150.25
027,DSAS,3112,31,charge,"Vêtements, linge, rideaux",0,0,0.0,0.0,0.0,0.0,0.0,0.0,0.0,0.0,100.0,0.0,0.0,0.0,0.0,0.0,0.0,187.1,40.4
027,DSAS,3113,31,charge,Matériel informatique,0,0,0.0,0.0,0.0,0.0,0.0,0.0,900.0,900.0,600.0,0.0,0.0,0.0,0.0,0.0,619.0,154.4,352.95
027,DSAS,3130,31,charge,Prestations de services de tiers,0,0,324200.0,326200.0,326200.0,325200.0,371700.0,412900.0,374700.0,367300.0,353100.0,319501.97,322694.9,292982.75,326911.77,290985.0,391807.15,346045.29,345582.31
027,DSAS,3132,31,charge,"Honoraires Conseillers externes, experts, spécialistes, etc.",0,0,344800.0,318800.0,236400.0,236400.0,380000.0,420000.0,557100.0,362100.0,475000.0,344770.45,233205.3,300980.95,583316.27,336716.4,803676.16,370045.66,387204.65
027,DSAS,3150,31,charge,Entretien de meubles et appareils de bureau,0,0,0.0,0.0,0.0,0.0,0.0,0.0,0.0,3000.0,16600.0,0.0,0.0,0.0,0.0,345.7,0.0,1150.0,320.0
027,DSAS,3158,31,charge,Entretien des immobilisations incorporelles,0,0,0.0,0.0,0.0,0.0,0.0,0.0,0.0,0.0,93900.0,0.0,0.0,0.0,0.0,0.0,0.0,0.0,0.0
027,DSAS,3160,31,charge,Loyer et bail à ferme des biens-fonds,0,0,0.0,13600.0,13700.0,13000.0,16000.0,14000.0,14000.0,14700.0,15300.0,0.0,16935.95,13982.25,15284.15,15256.2,18774.45,16525.95,16954.05
027,DSAS,3161,31,charge,"Loyers, frais d'utilisation des immobilisations",0,0,25000.0,23000.0,20000.0,19000.0,17000.0,17000.0,16000.0,12000.0,11500.0,19087.45,18268.45,15379.95,16588.3,14187.1,14859.75,8707.5,8237.8
027,DSAS,3169,31,charge,Autres loyers et frais d'utilisation,0,0,16000.0,13000.0,13000.0,12500.0,10500.0,7000.0,10000.0,10000.0,8000.0,12420.2,11885.0,12347.6,12868.79,10226.37,12701.6,4425.45,2318.15
027,DSAS,3170,31,charge,Dédommagements - Frais de déplacement et autres frais,0,0,48900.0,55600.0,50300.0,44000.0,40500.0,44300.0,58000.0,63000.0,35000.0,48944.4,43310.84,35324.4,37286.92,46673.0,55229.44,59520.26,47724.78
027,DSAS,3199,31,charge,Autres charges d'exploitation,0,0,5200.0,5000.0,5000.0,4500.0,4500.0,5000.0,5500.0,6000.0,5500.0,3936.0,4147.1,3073.8,157282.06,4301.0,4918.02,5305.4,4623.1
027,DSAS,3419,34,charge,Autres pertes réalisées à partir du patrimoine financier,0,0,0.0,0.0,0.0,0.0,0.0,0.0,0.0,0.0,0.0,-378.21,0.0,176.65,1175.05,1798.51,0.0,7955.33,7475.2
027,DSAS,3499,34,charge,Autres charges financières,0,0,0.0,0.0,0.0,0.0,0.0,0.0,1000.0,1000.0,600.0,0.0,0.0,0.0,0.0,0.0,0.0,0.0,461.55
027,DSAS,3634,36,charge,Subventions accordées aux entreprises publiques,0,0,0.0,0.0,0.0,0.0,0.0,6000000.0,0.0,0.0,5000000.0,0.0,0.0,0.0,0.0,4500000.0,0.0,0.0,0.0
027,DSAS,3636,36,charge,Subventions accordées aux org privées à but non lucratif,0,0,1518500.0,1748800.0,0.0,0.0,0.0,0.0,0.0,0.0,0.0,1508200.0,1688500.0,1748800.0,0.0,0.0,0.0,0.0,0.0
027,DSAS,4220,42,revenu,Taxes et subventions aux frais de pension,0,0,0.0,0.0,0.0,0.0,0.0,0.0,0.0,0.0,0.0,0.0,0.0,0.0,0.0,0.0,-80.0,0.0,0.0
027,DSAS,4260,42,revenu,Remboursements et participations de tiers,0,0,4400.0,26300.0,25600.0,4200.0,3000.0,3000.0,2500.0,2500.0,2500.0,25034.3,30660.0,19750.0,4016.0,18173.2,2450.0,4385.0,5092.95
027,DSAS,4401,44,revenu,Intérêts des créances et comptes courants,0,0,10000.0,10000.0,5000.0,3000.0,3000.0,3000.0,3000.0,3000.0,0.0,30416.5,-625.5,-1281.1,1646247.6,-1434804.4,231819.85,-352317.7,1117406.3
027,DSAS,4419,44,revenu,Autres gains réalisés à partir du patrimoine financier,0,0,0.0,0.0,0.0,0.0,0.0,0.0,0.0,0.0,0.0,0.0,141.36,3867.78,1554.01,591.65,2803.29,112.6,453.73
027,DSAS,4429,44,revenu,Autres revenus de participations,0,0,0.0,0.0,0.0,0.0,0.0,0.0,0.0,0.0,0.0,0.0,2300.0,0.0,0.0,0.0,0.0,0.0,0.0
027,DSAS,4440,44,revenu,Réévaluation autres placements financiers PF,0,0,0.0,0.0,0.0,0.0,0.0,0.0,0.0,0.0,0.0,0.0,0.0,0.0,335.38,-335.38,1924.47,-1733.72,-190.75
027,DSAS,4463,44,revenu,"Revenus financiers Ent publ, SA/autre forme d'org droit priv",0,0,8500.0,9000.0,8500.0,7500.0,1000.0,1000.0,1000.0,1000.0,1000.0,8832.0,8511.0,7344.0,1197.0,1486.0,713.0,1605.8,1329.8
027,DSAS,4511,45,revenu,Prélèvements sur les fonds sous capital propre,0,0,0.0,0.0,0.0,0.0,0.0,6000000.0,0.0,0.0,5000000.0,0.0,0.0,0.0,0.0,4500000.0,0.0,0.0,0.0
027,DSAS,4610,46,revenu,Dédommagements de la Confédération,0,0,0.0,0.0,0.0,0.0,0.0,0.0,0.0,0.0,0.0,0.0,0.0,0.0,152224.45,0.0,0.0,0.0,0.0
027,DSAS,4612,46,revenu,Dédommagements des communes et associations intercommunales,0,0,759000.0,828300.0,6300.0,6300.0,6300.0,6500.0,6500.0,6500.0,13200.0,754800.0,817329.0,828453.0,245271.0,18848.0,1193.0,6169.0,6312.5
037,DSAS,3010,30,charge,Salaires du personnel administratif et d'exploitation,0,0,8471000.0,8143700.0,9298600.0,9580200.0,10473600.0,11038900.0,13182900.0,15054500.0,18062900.0,8134266.95,7885469.05,8222350.5,8782756.0,9141558.4,10383676.75,11295903.9,14083698.75
037,DSAS,3030,30,charge,Travailleurs temporaires,0,0,1304700.0,1099700.0,1039700.0,1196700.0,1226700.0,1662600.0,2165900.0,1985900.0,2781500.0,1258244.8,1382880.89,3696368.45,19121282.6,10620738.3,4176840.75,3203987.35,2961450.1
037,DSAS,3049,30,charge,Autres Indemnités,0,0,1000.0,1000.0,1000.0,1000.0,1000.0,1000.0,1000.0,5800.0,5800.0,0.0,0.0,2816.45,333906.55,45731.45,2847.0,0.0,10027.25
037,DSAS,3050,30,charge,"Cotisations patronales AVS, APG, AC, frais administratifs",0,0,598900.0,591300.0,651200.0,706200.0,750000.0,819400.0,991500.0,1100800.0,1350000.0,570800.34,562609.75,770510.46,1837016.87,1283664.52,945605.4,940083.59,1112446.07
037,DSAS,3052,30,charge,Cotisations patronales aux caisses de pension,0,0,1052000.0,1014800.0,1173200.0,1206500.0,1311100.0,1417300.0,1724900.0,1920500.0,2365600.0,1111896.05,1081081.1,1264743.45,2821630.75,2164332.05,1675080.35,1722558.95,2062948.25
037,DSAS,3053,30,charge,Cotisations patronales aux assurances-accidents,0,0,17500.0,17200.0,21800.0,22500.0,23900.0,25500.0,29600.0,30100.0,35400.0,10948.94,10760.22,18320.64,44266.66,31159.53,22300.71,22913.6,24393.83
037,DSAS,3054,30,charge,Cotisations patronales aux caisses d'allocations familiales,0,0,257200.0,248300.0,277600.0,289500.0,314100.0,330100.0,399300.0,427500.0,528300.0,200550.66,246304.37,327222.29,778087.6,545922.48,386767.54,383593.31,436047.41
037,DSAS,3059,30,charge,Autres cotisations patronales,0,0,9100.0,6000.0,16300.0,6800.0,7300.0,8000.0,9600.0,10500.0,17400.0,5436.04,5375.63,7151.01,16983.07,11919.85,8763.49,8692.6,10304.1
037,DSAS,3090,30,charge,Formation et perfectionnement du propre personnel,0,0,5000.0,59000.0,59000.0,59000.0,59000.0,149000.0,149000.0,149000.0,149000.0,0.0,0.0,24609.65,47731.51,54418.37,87828.8,106150.55,116337.58
037,DSAS,3099,30,charge,Autres charges de personnel,0,0,18200.0,18200.0,18200.0,18200.0,22000.0,47000.0,47000.0,47000.0,47000.0,16648.38,12910.17,17275.13,10590.49,18551.08,28919.44,36747.65,40486.22
037,DSAS,3100,31,charge,Matériel de bureau,0,0,38800.0,42000.0,42000.0,42000.0,42000.0,36500.0,36500.0,36500.0,36500.0,34089.55,27898.6,46221.55,40129.98,34878.27,30547.53,30148.98,53450.85
037,DSAS,3101,31,charge,"Matériel d'exploitation, fournitures",0,0,0.0,0.0,0.0,0.0,0.0,2000.0,2000.0,2000.0,2000.0,0.0,0.0,0.0,0.0,580.63,1236.43,769.4,1616.55
037,DSAS,3102,31,charge,"Imprimés, publications",0,0,80000.0,80000.0,80000.0,140000.0,190000.0,190000.0,128000.0,28000.0,108000.0,90745.85,53548.65,62885.4,41028.0,65608.6,79130.05,84483.65,62897.45
037,DSAS,3103,31,charge,"Littérature spécialisée, magazines",0,0,8000.0,8000.0,8000.0,8000.0,8000.0,8000.0,24500.0,24500.0,24500.0,6517.0,5544.79,2218.22,1978.03,2113.27,1941.22,1660.28,4723.06
037,DSAS,3104,31,charge,Matériel didactique,0,0,0.0,0.0,0.0,0.0,0.0,2000.0,2000.0,2000.0,2000.0,0.0,0.0,0.0,0.0,1418.2,924.5,498.29,2214.06
037,DSAS,3106,31,charge,Matériel médical et de laboratoire,0,0,1133400.0,1618400.0,1588400.0,1948400.0,1948400.0,1948400.0,1938400.0,2158400.0,2158400.0,1242539.28,1751500.88,17073941.79,10746856.51,3593443.42,2984439.02,2509359.57,2639464.73
037,DSAS,3110,31,charge,Meubles et appareils de bureau,0,0,0.0,0.0,10000.0,20000.0,20000.0,50500.0,51500.0,26200.0,26200.0,13325.75,2231.15,8871.35,16982.55,4608.9,36010.89,49932.4,18441.59
037,DSAS,3111,31,charge,"Machines, appareils et véhicules",0,0,0.0,0.0,0.0,0.0,0.0,0.0,0.0,0.0,0.0,0.0,0.0,0.0,0.0,0.0,140.2,0.0,302.35
037,DSAS,3112,31,charge,"Vêtements, linge, rideaux",0,0,0.0,0.0,0.0,0.0,0.0,0.0,0.0,0.0,0.0,0.0,0.0,0.0,0.0,37.7,0.0,0.0,0.0
037,DSAS,3113,31,charge,Matériel informatique,0,0,0.0,0.0,0.0,0.0,0.0,1000.0,1000.0,1000.0,1000.0,0.0,0.0,0.0,0.0,184.95,876.05,347.6,619.3
037,DSAS,3120,31,charge,Alimentation et élimination des biens-fonds PA,0,0,58000.0,63000.0,73000.0,73000.0,63000.0,53000.0,5000.0,5000.0,5000.0,62085.05,70405.7,76370.75,58765.7,30170.95,4982.0,1329.65,1560.95
037,DSAS,3130,31,charge,Prestations de services de tiers,0,0,3067700.0,3217500.0,3297100.0,3246300.0,3225000.0,3193500.0,3124400.0,2954600.0,2964600.0,2940029.14,2685769.63,2805723.52,4044126.58,6284788.14,2879217.58,2664824.73,2665369.91
037,DSAS,3132,31,charge,"Honoraires Conseillers externes, experts, spécialistes, etc.",0,0,0.0,1775000.0,1775000.0,1825000.0,1925000.0,2116000.0,2016000.0,1716000.0,1826000.0,0.0,0.0,1223332.42,2249645.87,2374636.94,1839977.05,2046510.16,1723508.31
037,DSAS,3137,31,charge,Impôts et taxes,0,0,0.0,0.0,0.0,0.0,0.0,0.0,0.0,0.0,0.0,3115.4,0.0,132.0,53828.78,392.93,253.58,0.0,0.0
037,DSAS,3150,31,charge,Entretien de meubles et appareils de bureau,0,0,5000.0,5000.0,5000.0,5000.0,5000.0,5000.0,5000.0,4000.0,4000.0,783.15,420.05,2485.89,584.85,345.7,1685.1,2719.0,494.0
037,DSAS,3160,31,charge,Loyer et bail à ferme des biens-fonds,0,0,81300.0,62000.0,62400.0,62400.0,62400.0,72400.0,240400.0,240400.0,240400.0,80747.05,61559.9,226772.0,916540.0,651629.15,270912.3,238239.31,237601.56
037,DSAS,3161,31,charge,"Loyers, frais d'utilisation des immobilisations",0,0,47600.0,47600.0,47600.0,47600.0,37600.0,37600.0,37600.0,37600.0,37600.0,37819.85,34714.75,36638.4,32425.1,26015.1,20318.9,15015.05,14424.55
037,DSAS,3169,31,charge,Autres loyers et frais d'utilisation,0,0,0.0,25000.0,35000.0,35000.0,40000.0,40000.0,40000.0,317000.0,317000.0,0.0,0.0,29474.1,32407.7,32292.2,35292.49,171948.39,366088.2
037,DSAS,3170,31,charge,Dédommagements - Frais de déplacement et autres frais,0,0,53500.0,53500.0,53500.0,53500.0,53500.0,53500.0,53500.0,53500.0,53500.0,36508.0,43731.65,30730.91,50096.45,86180.67,53348.27,60187.53,60906.3
037,DSAS,3181,31,charge,Pertes sur créance effectives,0,0,18000.0,18000.0,8000.0,8000.0,8000.0,8000.0,8000.0,8000.0,8000.0,2018.3,0.0,0.0,300.0,1150.0,3535.05,2710.86,750.0
037,DSAS,3199,31,charge,Autres charges d'exploitation,0,0,45200.0,45200.0,35200.0,35200.0,35200.0,35200.0,35200.0,35200.0,35200.0,36826.85,19024.09,253417.54,247425.19,259693.84,83272.57,45242.1,12449.75
037,DSAS,3419,34,charge,Autres pertes réalisées à partir du patrimoine financier,0,0,0.0,0.0,0.0,0.0,0.0,0.0,0.0,0.0,0.0,0.0,0.0,0.0,0.0,0.69,218.96,659.77,80.53
037,DSAS,3499,34,charge,Autres charges financières,0,0,0.0,0.0,0.0,0.0,0.0,0.0,200.0,200.0,200.0,0.0,0.0,0.0,0.0,0.0,-0.65,0.0,99.03
037,DSAS,3630,36,charge,Subventions à la Confédération,0,0,50000.0,0.0,0.0,0.0,0.0,0.0,0.0,0.0,0.0,42262.65,42710.0,0.0,0.0,0.0,0.0,0.0,0.0
037,DSAS,3631,36,charge,Subventions accordées aux cantons et aux concordats,0,0,45000.0,0.0,0.0,0.0,0.0,0.0,0.0,0.0,0.0,43330.0,43030.0,0.0,0.0,0.0,0.0,0.0,0.0
037,DSAS,3632,36,charge,Subventions accordées aux communes et ass intercommunales,0,0,2697400.0,0.0,0.0,0.0,0.0,0.0,0.0,0.0,0.0,2574201.55,2693612.64,0.0,0.0,0.0,0.0,0.0,0.0
037,DSAS,3634,36,charge,Subventions accordées aux entreprises publiques,0,0,3265000.0,0.0,0.0,0.0,0.0,0.0,0.0,0.0,0.0,7306258.69,3330744.24,0.0,0.0,0.0,0.0,0.0,0.0
037,DSAS,3636,36,charge,Subventions accordées aux org privées à but non lucratif,0,0,25181200.0,0.0,0.0,0.0,0.0,0.0,0.0,0.0,0.0,24531945.82,24570115.39,0.0,0.0,0.0,0.0,0.0,0.0
037,DSAS,3637,36,charge,Subventions accordées aux ménages privés,0,0,5000.0,0.0,0.0,0.0,0.0,0.0,0.0,0.0,0.0,5850.5,11023.9,0.0,0.0,0.0,0.0,0.0,0.0
037,DSAS,3638,36,charge,Subventions à redistribuer à l'étranger,0,0,1000000.0,0.0,0.0,0.0,0.0,0.0,0.0,0.0,0.0,956223.6,912373.0,0.0,0.0,0.0,0.0,0.0,0.0
037,DSAS,4210,42,revenu,Emoluments pour actes administratifs,0,0,341700.0,611700.0,611700.0,775800.0,775800.0,775800.0,1270600.0,1270600.0,1270600.0,396569.4,377883.81,413767.0,754125.0,1616460.0,1531135.0,1374440.0,1469225.0
037,DSAS,4230,42,revenu,Frais d'écolage,0,0,0.0,0.0,0.0,0.0,0.0,0.0,0.0,0.0,0.0,0.0,0.0,0.0,0.0,0.0,0.0,11000.0,0.0
037,DSAS,4250,42,revenu,Ventes,0,0,100.0,0.0,0.0,0.0,0.0,0.0,0.0,0.0,0.0,0.0,0.0,2317935.77,357562.58,6246.6,184690.0,176175.5,309833.7
037,DSAS,4260,42,revenu,Remboursements et participations de tiers,0,0,1083400.0,1568500.0,1568500.0,1868500.0,1868500.0,1868500.0,1868500.0,2118500.0,2118500.0,1858866.35,1915190.43,1779943.36,3685855.62,2970850.77,2832283.77,2622986.38,2629037.65
037,DSAS,4270,42,revenu,Amendes,0,0,15000.0,15000.0,15000.0,15000.0,15000.0,15000.0,15000.0,15000.0,15000.0,10000.0,0.0,17070.0,0.0,2000.0,0.0,0.0,0.0
037,DSAS,4419,44,revenu,Autres gains réalisés à partir du patrimoine financier,0,0,0.0,0.0,0.0,0.0,0.0,0.0,0.0,0.0,0.0,0.0,0.0,0.0,0.0,21.76,135.5,11.6,7.02
037,DSAS,4440,44,revenu,Réévaluation autres placements financiers PF,0,0,0.0,0.0,0.0,0.0,0.0,0.0,0.0,0.0,0.0,0.0,0.0,0.0,64.91,-64.91,0.0,0.0,0.0
037,DSAS,4510,45,revenu,Prélèvements sur les fin spéciaux sous capital propre,0,0,5000.0,5000.0,5000.0,5000.0,5000.0,5000.0,5000.0,5000.0,5000.0,0.0,0.0,0.0,0.0,0.0,0.0,0.0,0.0
037,DSAS,4610,46,revenu,Dédommagements de la Confédération,0,0,0.0,0.0,0.0,0.0,0.0,0.0,25100.0,25100.0,25100.0,0.0,0.0,0.0,3253722.0,1055347.75,88110.9,1808.0,0.0
037,DSAS,4611,46,revenu,Dédommagements des cantons et des concordats,0,0,0.0,0.0,0.0,0.0,0.0,0.0,42300.0,42300.0,42300.0,0.0,0.0,0.0,0.0,0.0,42309.0,84618.0,86783.6
039,DEIEP,3010,30,charge,Salaires du personnel administratif et d'exploitation,0,0,1758900.0,1788300.0,1802600.0,1838500.0,2734500.0,2886400.0,2975100.0,3228400.0,3146500.0,1627527.4,1661852.5,1740760.3,2530414.37,2561896.48,2713878.3,2960313.2,2975557.4
039,DEIEP,3030,30,charge,Travailleurs temporaires,0,0,19800.0,19800.0,19800.0,19800.0,199700.0,439400.0,552700.0,505700.0,505700.0,243249.9,104969.75,21126.45,120052.8,99027.74,134644.66,323477.96,441774.84
039,DEIEP,3049,30,charge,Autres Indemnités,0,0,0.0,0.0,0.0,0.0,0.0,0.0,0.0,0.0,0.0,0.0,0.0,0.0,71.0,0.0,0.0,109.4,61.1
039,DEIEP,3050,30,charge,"Cotisations patronales AVS, APG, AC, frais administratifs",0,0,112500.0,116000.0,118300.0,123800.0,189500.0,216100.0,229700.0,246200.0,240800.0,117342.94,110316.75,113873.02,172253.64,170549.0,184631.25,212419.46,221031.73
039,DEIEP,3052,30,charge,Cotisations patronales aux caisses de pension,0,0,204700.0,214900.0,213300.0,217400.0,340500.0,386100.0,409400.0,436900.0,427500.0,230666.15,212945.75,217629.55,325087.7,321851.2,349203.15,407689.35,423401.15
039,DEIEP,3053,30,charge,Cotisations patronales aux assurances-accidents,0,0,2100.0,2200.0,2800.0,3000.0,4900.0,5600.0,5600.0,5400.0,5200.0,2265.78,2048.2,2650.17,4033.93,4005.66,4321.37,4945.04,4642.7
039,DEIEP,3054,30,charge,Cotisations patronales aux caisses d'allocations familiales,0,0,49000.0,51300.0,50100.0,51000.0,79900.0,87600.0,92800.0,95900.0,93900.0,41326.46,48356.61,48456.48,72968.84,72700.06,75555.12,86535.74,86501.76
039,DEIEP,3059,30,charge,Autres cotisations patronales,0,0,1200.0,1300.0,1200.0,1200.0,2000.0,2400.0,2100.0,2200.0,3100.0,1122.02,1058.34,1061.18,1593.39,1588.87,1709.64,1958.52,2045.47
039,DEIEP,3099,30,charge,Autres charges de personnel,0,0,4000.0,4000.0,3300.0,3300.0,5800.0,7300.0,7500.0,7500.0,7500.0,3467.35,2042.0,259.8,1449.06,4735.1,5867.7,6114.04,7396.61
039,DEIEP,3100,31,charge,Matériel de bureau,0,0,6000.0,6000.0,7000.0,7000.0,10500.0,10500.0,10000.0,10000.0,6000.0,6167.2,5895.73,5092.55,7337.76,8700.49,8867.62,5787.65,2917.08
039,DEIEP,3101,31,charge,"Matériel d'exploitation, fournitures",0,0,0.0,0.0,0.0,0.0,0.0,0.0,0.0,0.0,0.0,0.0,0.0,0.0,0.0,0.0,267.5,470.3,13.64
039,DEIEP,3102,31,charge,"Imprimés, publications",0,0,2500.0,2000.0,2500.0,3000.0,50000.0,46200.0,47000.0,32900.0,32900.0,1279.1,2214.9,3297.5,40178.22,34006.25,47397.42,27895.45,32685.15
039,DEIEP,3103,31,charge,"Littérature spécialisée, magazines",0,0,10000.0,9000.0,9000.0,9000.0,12500.0,10500.0,6700.0,6700.0,6700.0,7377.95,8178.7,9536.1,10870.35,8789.1,10085.66,6189.65,4860.64
039,DEIEP,3104,31,charge,Matériel didactique,0,0,0.0,0.0,0.0,0.0,1500.0,1500.0,1500.0,1500.0,1500.0,0.0,0.0,0.0,0.0,0.0,10.6,876.0,1697.42
039,DEIEP,3110,31,charge,Meubles et appareils de bureau,0,0,0.0,0.0,0.0,0.0,0.0,0.0,0.0,0.0,5000.0,-821.5,7734.55,7587.5,2435.6,14235.41,21863.9,26204.05,4849.3
039,DEIEP,3111,31,charge,"Machines, appareils et véhicules",0,0,0.0,0.0,0.0,0.0,0.0,800.0,800.0,600.0,600.0,0.0,0.0,0.0,0.0,0.0,60.55,0.0,351.5
039,DEIEP,3113,31,charge,Matériel informatique,0,0,0.0,0.0,0.0,0.0,0.0,0.0,0.0,0.0,0.0,0.0,0.0,0.0,0.0,0.0,0.0,42.3,0.0
039,DEIEP,3120,31,charge,Alimentation et élimination des biens-fonds PA,0,0,1000.0,1000.0,1500.0,1000.0,1500.0,2000.0,1400.0,1400.0,700.0,119.3,1130.25,484.1,880.95,1572.2,883.6,926.9,352.4
039,DEIEP,3130,31,charge,Prestations de services de tiers,0,0,100800.0,94800.0,75800.0,75800.0,232800.0,212500.0,192000.0,157000.0,157000.0,85773.28,68998.02,67048.66,130747.69,154885.98,158066.61,143110.53,117795.83
039,DEIEP,3132,31,charge,"Honoraires Conseillers externes, experts, spécialistes, etc.",0,0,30000.0,38700.0,41700.0,41700.0,412500.0,396700.0,375000.0,335000.0,535000.0,96288.32,67201.82,6311.55,316262.21,393712.94,332312.9,336390.22,307979.28
039,DEIEP,3150,31,charge,Entretien de meubles et appareils de bureau,0,0,1500.0,1000.0,2000.0,2000.0,2500.0,2500.0,2500.0,2500.0,2500.0,330.15,1298.35,712.15,344.4,1179.85,386.6,1599.15,871.3
039,DEIEP,3160,31,charge,Loyer et bail à ferme des biens-fonds,0,0,851200.0,850000.0,857200.0,843300.0,887500.0,807300.0,972500.0,993300.0,1007300.0,864553.9,832648.75,842480.95,888878.6,891292.75,892696.2,888258.95,997595.8
039,DEIEP,3161,31,charge,"Loyers, frais d'utilisation des immobilisations",0,0,8000.0,8000.0,8000.0,8000.0,15600.0,13600.0,9500.0,9500.0,7500.0,7796.0,6133.07,4418.79,8282.72,10757.18,8178.43,6367.53,6135.45
039,DEIEP,3170,31,charge,Dédommagements - Frais de déplacement et autres frais,0,0,21500.0,23000.0,15000.0,15000.0,20300.0,22300.0,14500.0,25500.0,25500.0,12262.4,4400.0,1625.2,8376.13,10265.23,18302.4,30490.88,30414.6
039,DEIEP,3181,31,charge,Pertes sur créance effectives,0,0,0.0,0.0,0.0,0.0,0.0,0.0,0.0,0.0,0.0,0.0,0.0,-100.0,0.0,0.0,0.0,0.0,0.0
039,DEIEP,3199,31,charge,Autres charges d'exploitation,0,0,4000.0,3000.0,4000.0,29000.0,29300.0,5300.0,5300.0,5300.0,5300.0,7116.35,10909.15,549.8,2199.0,3047.55,3485.0,2585.85,3734.3
039,DEIEP,3419,34,charge,Autres pertes réalisées à partir du patrimoine financier,0,0,0.0,0.0,0.0,0.0,0.0,0.0,0.0,0.0,0.0,0.0,0.0,0.0,0.0,0.0,12.42,0.0,0.0
039,DEIEP,3499,34,charge,Autres charges financières,0,0,0.0,0.0,0.0,0.0,0.0,0.0,500.0,500.0,500.0,0.0,0.0,0.0,0.0,0.0,0.0,0.0,110.08
039,DEIEP,3511,35,charge,Attributions aux fonds sous capital propre,0,0,0.0,0.0,0.0,0.0,19000000.0,19000000.0,20000000.0,20000000.0,20000000.0,0.0,0.0,0.0,0.0,20478515.0,20496659.0,22516643.0,21690456.0
039,DEIEP,3634,36,charge,Subventions accordées aux entreprises publiques,0,0,0.0,0.0,0.0,0.0,5000.0,5000.0,5000.0,2000.0,2000.0,0.0,0.0,0.0,18000.0,8000.0,15000.0,2000.0,0.0
039,DEIEP,3635,36,charge,Subventions accordées aux entreprises privées,0,0,0.0,0.0,0.0,0.0,0.0,0.0,1615000.0,2350000.0,2350000.0,0.0,0.0,0.0,0.0,0.0,1510000.0,3315871.29,2028650.0
039,DEIEP,3636,36,charge,Subventions accordées aux org privées à but non lucratif,0,0,0.0,0.0,0.0,0.0,125000.0,125000.0,105000.0,93000.0,93000.0,0.0,0.0,0.0,111990.5,119935.0,100940.0,118960.0,692142.3
039,DEIEP,4130,41,revenu,"Parts de revenus à des loteries, Sport-Toto, paris",0,0,0.0,0.0,0.0,0.0,19000000.0,19000000.0,20000000.0,20000000.0,20000000.0,0.0,0.0,0.0,0.0,20478515.0,20496659.0,22516643.0,21690456.0
039,DEIEP,4210,42,revenu,Emoluments pour actes administratifs,0,0,2000.0,3400.0,3400.0,3400.0,3400.0,3400.0,4000.0,4000.0,4000.0,5650.0,1800.0,5500.0,2900.0,1000.0,2600.0,3100.0,2100.0
039,DEIEP,4250,42,revenu,Ventes,0,0,0.0,0.0,0.0,0.0,3900.0,0.0,0.0,0.0,0.0,0.0,0.0,0.0,7090.5,7335.0,0.0,0.0,0.0
039,DEIEP,4260,42,revenu,Remboursements et participations de tiers,0,0,5900.0,4500.0,4700.0,4700.0,15000.0,15000.0,3000.0,5100.0,5100.0,5591.9,4738.85,6621.15,8533.5,15366.65,3700.85,18467.88,4533.15
039,DEIEP,4309,43,revenu,Autres revenus d'exploitation,0,0,0.0,0.0,0.0,0.0,6000.0,2000.0,1100.0,1100.0,1100.0,0.0,0.0,0.0,2961.75,620.0,8475.89,1770.0,2810.0
039,DEIEP,4419,44,revenu,Autres gains réalisés à partir du patrimoine financier,0,0,0.0,0.0,0.0,0.0,0.0,0.0,0.0,0.0,0.0,0.0,140.59,0.0,0.0,38.65,0.0,0.0,9.16
039,DEIEP,4480,44,revenu,Loyers des immeubles loués,0,0,105000.0,105000.0,118400.0,118400.0,118400.0,118400.0,240000.0,120000.0,120000.0,114767.55,118494.3,122065.45,135825.15,146261.38,341896.0,75771.82,142666.55
039,DEIEP,4511,45,revenu,Prélèvements sur les fonds sous capital propre,0,0,0.0,0.0,0.0,0.0,0.0,0.0,1615000.0,2350000.0,2350000.0,0.0,0.0,0.0,0.0,0.0,1510000.0,3315871.29,2625792.3
039,DEIEP,4630,46,revenu,Subventions de la Confédération,0,0,0.0,0.0,0.0,0.0,0.0,0.0,0.0,0.0,0.0,0.0,0.0,0.0,70905.87,0.0,24000.0,0.0,0.0
039,DEIEP,4920,49,revenu,"Imput int pour bail à ferme, loyers, frais d'utilisation",0,0,21700.0,21700.0,0.0,0.0,0.0,0.0,0.0,0.0,0.0,21672.0,21672.0,0.0,0.0,0.0,0.0,0.0,0.0
040,DEIEP,3010,30,charge,Salaires du personnel administratif et d'exploitation,0,0,5047300.0,5062300.0,4909300.0,5001300.0,5099800.0,5151700.0,5201300.0,5330200.0,5427600.0,4888180.78,4602221.74,4808967.1,4852730.06,4668594.95,4994751.55,5163623.2,5273700.2
040,DEIEP,3030,30,charge,Travailleurs temporaires,0,0,0.0,0.0,0.0,0.0,0.0,0.0,0.0,0.0,0.0,0.0,0.0,0.0,0.0,0.0,0.0,7240.0,0.0
040,DEIEP,3049,30,charge,Autres Indemnités,0,0,1000.0,1000.0,1000.0,1000.0,1000.0,1000.0,1000.0,1000.0,1000.0,178.7,138.15,64.95,57.65,74.05,115.5,303.5,450.85
040,DEIEP,3050,30,charge,"Cotisations patronales AVS, APG, AC, frais administratifs",0,0,319000.0,332300.0,318600.0,333300.0,332100.0,337500.0,340700.0,349200.0,355600.0,308591.4,290574.35,313290.2,314907.15,304025.18,326244.84,337623.16,343953.72
040,DEIEP,3052,30,charge,Cotisations patronales aux caisses de pension,0,0,580500.0,590500.0,574500.0,585100.0,596700.0,602800.0,608500.0,623700.0,656200.0,595688.7,561860.8,578212.05,592170.85,578968.25,613134.85,628855.55,642081.05
040,DEIEP,3053,30,charge,Cotisations patronales aux assurances-accidents,0,0,6100.0,6300.0,7800.0,7900.0,8000.0,8200.0,8300.0,7800.0,7700.0,6116.55,5623.05,7535.22,7544.85,7290.29,7769.39,7980.61,7370.87
040,DEIEP,3054,30,charge,Cotisations patronales aux caisses d'allocations familiales,0,0,138900.0,141300.0,135100.0,137600.0,140200.0,136500.0,137700.0,135400.0,137900.0,108620.3,128126.3,133289.31,134087.8,130008.1,133345.43,137538.71,134163.25
040,DEIEP,3059,30,charge,Autres cotisations patronales,0,0,3000.0,3100.0,3000.0,3000.0,3100.0,3100.0,3100.0,3100.0,4900.0,2942.65,2794.65,2927.29,2929.25,2841.07,3023.07,3116.09,3172.08
040,DEIEP,3090,30,charge,Formation et perfectionnement du propre personnel,0,0,0.0,0.0,0.0,0.0,0.0,0.0,0.0,0.0,0.0,0.0,0.0,0.0,0.0,0.0,0.0,0.0,450.0
040,DEIEP,3099,30,charge,Autres charges de personnel,0,0,2000.0,2000.0,2000.0,2000.0,2000.0,2000.0,2000.0,2000.0,2000.0,350.0,0.0,0.0,227.0,0.0,0.0,50.0,0.0
040,DEIEP,3100,31,charge,Matériel de bureau,0,0,25000.0,25000.0,25000.0,20000.0,17000.0,17000.0,17000.0,17000.0,14000.0,21804.4,16042.1,14205.73,12561.5,14193.2,13528.05,10682.9,11452.0
040,DEIEP,3102,31,charge,"Imprimés, publications",0,0,5000.0,5000.0,5000.0,5000.0,5000.0,5000.0,5000.0,6000.0,5000.0,2221.19,2544.37,4388.86,2826.08,1325.81,4246.31,5336.45,2431.43
040,DEIEP,3103,31,charge,"Littérature spécialisée, magazines",0,0,4500.0,4700.0,4700.0,3700.0,3700.0,7000.0,7000.0,4000.0,3000.0,2510.1,2509.9,2280.0,3159.85,2161.9,2331.1,2171.35,2346.25
040,DEIEP,3110,31,charge,Meubles et appareils de bureau,0,0,0.0,0.0,0.0,0.0,0.0,0.0,10000.0,10000.0,5000.0,11564.0,0.0,0.0,0.0,0.0,0.0,0.0,10031.7
040,DEIEP,3111,31,charge,"Machines, appareils et véhicules",0,0,2000.0,2000.0,2000.0,1000.0,1000.0,2000.0,2000.0,3000.0,3000.0,645.86,925.95,341.2,913.15,412.55,455.8,4198.95,1826.55
040,DEIEP,3130,31,charge,Prestations de services de tiers,0,0,127000.0,126500.0,124300.0,130300.0,133300.0,131300.0,118500.0,119500.0,130300.0,120075.43,92821.73,87293.02,82794.86,89200.69,103083.36,102293.97,132260.13
040,DEIEP,3132,31,charge,"Honoraires Conseillers externes, experts, spécialistes, etc.",0,0,32000.0,58000.0,58000.0,58000.0,88000.0,86200.0,218200.0,205000.0,333500.0,47405.65,50500.85,32840.4,78769.7,27319.9,56302.9,131301.22,97338.9
040,DEIEP,3150,31,charge,Entretien de meubles et appareils de bureau,0,0,1000.0,1000.0,1000.0,1000.0,1000.0,1000.0,1000.0,1000.0,1000.0,376.95,376.95,376.95,0.0,0.0,0.0,0.0,0.0
040,DEIEP,3158,31,charge,Entretien des immobilisations incorporelles,0,0,0.0,0.0,0.0,137700.0,137700.0,137700.0,137700.0,137700.0,137700.0,0.0,0.0,0.0,323000.0,148045.2,109711.0,96436.0,82769.0
040,DEIEP,3161,31,charge,"Loyers, frais d'utilisation des immobilisations",0,0,8000.0,8000.0,8000.0,7000.0,7000.0,7000.0,3000.0,3000.0,3000.0,4313.55,4409.84,2073.24,2247.05,1444.62,1841.33,1819.51,2207.11
040,DEIEP,3170,31,charge,Dédommagements - Frais de déplacement et autres frais,0,0,84500.0,84500.0,84500.0,86500.0,86500.0,86500.0,86500.0,86500.0,86500.0,72531.65,64773.85,83941.65,74110.3,67491.55,63511.05,63844.75,67785.6
040,DEIEP,3180,31,charge,Réévaluations sur créances,0,0,0.0,0.0,0.0,0.0,0.0,0.0,0.0,0.0,0.0,26915.0,6450.0,-687.5,-28353.0,49405.13,52591.74,-49828.88,28882.49
040,DEIEP,3181,31,charge,Pertes sur créance effectives,0,0,100000.0,100000.0,70000.0,70000.0,70000.0,70000.0,91800.0,100800.0,120000.0,71310.0,68998.24,71410.0,81879.8,73290.0,67659.87,114926.81,157963.27
040,DEIEP,3499,34,charge,Autres charges financières,0,0,0.0,0.0,0.0,0.0,0.0,0.0,0.0,0.0,0.0,192.3,94.32,217.07,339.34,411.59,547.54,1338.83,358.89
040,DEIEP,3510,35,charge,Attributions aux financements spéciaux sous capital propre,0,0,796000.0,2000000.0,1180000.0,0.0,0.0,0.0,1375000.0,1800000.0,7766000.0,2322311.24,1048367.1,3035158.31,0.0,0.0,0.0,1848485.22,8673687.97
040,DEIEP,3511,35,charge,Attributions aux fonds sous capital propre,0,0,0.0,0.0,0.0,0.0,0.0,0.0,0.0,0.0,0.0,5196020.28,1689974.93,68014872.45,0.0,9927.65,0.0,0.0,0.0
040,DEIEP,3610,36,charge,Dédommagements à la Confédération,0,0,20260000.0,21400000.0,21800000.0,22300000.0,22750000.0,26000000.0,28600000.0,30000000.0,30000000.0,19913000.0,20996692.0,21903000.0,21753000.0,21752000.0,24573000.0,27379000.0,27731000.0
040,DEIEP,3613,36,charge,Dédommagements aux assurances sociales publiques,0,0,54159000.0,55600000.0,60000000.0,60000000.0,60000000.0,60000000.0,60000000.0,60000000.0,60000000.0,55562637.91,55459237.88,58063900.76,62880621.21,58803907.54,55657084.73,57289821.24,61470384.94
040,DEIEP,3634,36,charge,Subventions accordées aux entreprises publiques,0,0,2405000.0,2280000.0,2400000.0,2324300.0,1975300.0,1630000.0,1930000.0,2230000.0,2480000.0,2279565.43,2514559.69,2376854.24,2101199.21,1950685.12,1871173.08,2127094.53,2291799.38
040,DEIEP,3635,36,charge,Subventions accordées aux entreprises privées,0,0,2860000.0,2750000.0,2420000.0,2243000.0,1982800.0,1620000.0,2990000.0,2790000.0,2290000.0,3113218.35,2420988.06,1503508.95,1779023.85,1574808.4,2966154.0,2201344.37,1941154.49
040,DEIEP,3636,36,charge,Subventions accordées aux org privées à but non lucratif,0,0,7805000.0,6312000.0,6642000.0,6216000.0,5044200.0,3950000.0,6390000.0,6190000.0,6290000.0,7489867.15,7356303.04,5968673.16,4193122.85,3774942.15,6303726.77,5837032.64,5858921.84
040,DEIEP,3637,36,charge,Subventions accordées aux ménages privés,0,0,27160000.0,23313000.0,24461000.0,26962000.0,26943000.0,24743000.0,27833000.0,29099000.0,28533000.0,23917682.15,24733457.15,26327802.65,27076338.97,28888619.3,26067436.28,28185178.14,27403423.25
040,DEIEP,4210,42,revenu,Emoluments pour actes administratifs,0,0,1330000.0,1330000.0,1330000.0,1330000.0,1330000.0,1330000.0,1330000.0,1330000.0,1330000.0,1241305.0,1198220.0,868045.0,870610.0,994987.5,1041820.5,982795.0,1003570.0
040,DEIEP,4260,42,revenu,Remboursements et participations de tiers,0,0,38700.0,38700.0,38700.0,38700.0,38700.0,39100.0,32300.0,32300.0,42300.0,38638.71,33682.4,28801.9,31841.2,32637.75,31964.85,31805.55,32118.3
040,DEIEP,4270,42,revenu,Amendes,0,0,175300.0,175300.0,175300.0,175300.0,175300.0,150000.0,150000.0,150000.0,150000.0,148000.0,199900.0,122735.0,66440.0,90475.0,74200.0,147850.0,85847.0
040,DEIEP,4301,43,revenu,Actifs saisis,0,0,0.0,0.0,0.0,0.0,0.0,0.0,0.0,0.0,0.0,0.0,0.0,0.0,0.0,18093.5,0.0,0.0,0.0
040,DEIEP,4390,43,revenu,Autres revenus,0,0,17345000.0,16000000.0,16000000.0,17200000.0,15300000.0,20310000.0,23900000.0,25900000.0,32000000.0,16042436.96,15736096.74,20142089.7,16940313.49,11724923.6,16341043.56,25868790.44,32084910.53
040,DEIEP,4401,44,revenu,Intérêts des créances et comptes courants,0,0,0.0,0.0,0.0,0.0,0.0,0.0,0.0,0.0,0.0,1976.07,1297.8,1178.28,4127.28,790.05,1493.75,3237.35,1223.57
040,DEIEP,4510,45,revenu,Prélèvements sur les fin spéciaux sous capital propre,0,0,0.0,0.0,0.0,1080000.0,5010000.0,0.0,0.0,0.0,0.0,0.0,0.0,0.0,3583990.06,13225906.16,4303515.3,0.0,0.0
040,DEIEP,4511,45,revenu,Prélèvements sur les fonds sous capital propre,0,0,0.0,0.0,0.0,0.0,0.0,0.0,0.0,0.0,0.0,0.0,0.0,2726340.85,463192.95,0.0,672070.0,1788727.5,37533.44
040,DEIEP,4603,46,revenu,Part aux revenus des institutions publ d'assurance sociale,0,0,0.0,0.0,0.0,0.0,0.0,0.0,0.0,0.0,0.0,3008408.83,1990687.93,3099872.45,0.0,0.0,0.0,0.0,0.0
040,DEIEP,4610,46,revenu,Dédommagements de la Confédération,0,0,2598800.0,2593200.0,2548300.0,2533000.0,2412000.0,2449000.0,2600700.0,2816000.0,2739500.0,2498693.2,2416078.19,2689195.35,3094175.4,2229059.3,2628660.27,2787075.82,2712028.42
040,DEIEP,4612,46,revenu,Dédommagements des communes et associations intercommunales,0,0,20980200.0,20360200.0,20642800.0,20309500.0,19159500.0,18909500.0,21442900.0,21612900.0,20918600.0,20650100.0,20689726.0,19064155.0,18436681.0,17404730.0,20100717.0,20260038.0,20303649.0
040,DEIEP,4613,46,revenu,Indemnités des assurances sociales publiques,0,0,54159000.0,55600000.0,60000000.0,60000000.0,60000000.0,60000000.0,60000000.0,60000000.0,60000000.0,55562637.91,55459237.88,58063900.76,62880621.21,58803907.54,55657084.73,57289821.24,61470384.94
040,DEIEP,4910,49,revenu,Imput int pour prestations de service,0,0,100000.0,90000.0,95000.0,95000.0,95000.0,90000.0,90000.0,85000.0,85000.0,87736.0,90529.0,92039.1,99607.4,77584.65,90431.15,88781.69,68025.58
040,DEIEP,4930,49,revenu,Imput int pour frais administratifs et d'exploitation,0,0,6400.0,6400.0,0.0,0.0,0.0,0.0,0.0,0.0,0.0,4270.25,3136.8,0.0,0.0,0.0,0.0,0.0,0.0
041,DADN,3010,30,charge,Salaires du personnel administratif et d'exploitation,0,0,11354900.0,10664900.0,10520800.0,10386100.0,10926500.0,11316200.0,11770700.0,12208200.0,12456400.0,10437696.0,10516482.5,10517248.4,10569439.55,10487277.6,10760149.15,11424178.25,11645157.7
041,DADN,3020,30,charge,Salaires des enseignants,0,0,3917100.0,4002200.0,4015800.0,5124900.0,4515300.0,4139600.0,4282600.0,4500300.0,4516500.0,4009940.9,4036155.15,3996800.8,4056705.5,3973479.7,4070632.25,4123123.35,4161636.75
041,DADN,3030,30,charge,Travailleurs temporaires,0,0,1468600.0,1448600.0,1123500.0,1404900.0,1334700.0,1412900.0,1302100.0,1062100.0,1345500.0,1378436.7,1160079.4,1267909.0,891183.25,1027864.15,1091422.1,1176833.8,1500495.0
041,DADN,3049,30,charge,Autres Indemnités,0,0,11500.0,11500.0,15000.0,0.0,0.0,15000.0,15000.0,18000.0,18000.0,12954.75,13429.35,13978.3,15918.75,17872.65,17354.5,17486.6,17854.85
041,DADN,3050,30,charge,"Cotisations patronales AVS, APG, AC, frais administratifs",0,0,1045600.0,1040000.0,1015300.0,1127100.0,1092700.0,1104700.0,1137000.0,1145600.0,1200300.0,980490.25,985679.37,1009551.99,1006897.55,1009283.75,1037303.88,1091787.29,1125474.4
041,DADN,3052,30,charge,Cotisations patronales aux caisses de pension,0,0,1915900.0,1833700.0,1805200.0,1953700.0,1935000.0,1946800.0,1978900.0,2044700.0,2122200.0,1755783.1,1772556.5,1784407.38,1770749.2,1756320.3,1799316.72,1910515.95,1981252.75
041,DADN,3053,30,charge,Cotisations patronales aux assurances-accidents,0,0,27200.0,22500.0,25000.0,26900.0,26700.0,26600.0,27500.0,25200.0,25700.0,20255.04,22112.23,27252.14,25383.14,28175.55,26437.61,27272.0,25521.27
041,DADN,3054,30,charge,Cotisations patronales aux caisses d'allocations familiales,0,0,435300.0,431400.0,430600.0,465400.0,461300.0,447000.0,459600.0,444100.0,465400.0,342072.54,428111.14,430636.16,428257.09,427290.98,421442.65,443088.14,440573.1
041,DADN,3059,30,charge,Autres cotisations patronales,0,0,10400.0,9800.0,9700.0,10600.0,10300.0,10200.0,10500.0,10700.0,16700.0,9304.01,9369.37,9373.08,9353.38,9334.93,9544.38,10042.37,10420.16
041,DADN,3090,30,charge,Formation et perfectionnement du propre personnel,0,0,0.0,0.0,0.0,0.0,0.0,0.0,0.0,0.0,0.0,0.0,0.0,0.0,2746.55,0.0,0.0,0.0,0.0
041,DADN,3091,30,charge,Recrutement du personnel,0,0,0.0,0.0,0.0,0.0,0.0,0.0,20000.0,0.0,0.0,0.0,0.0,0.0,0.0,0.0,0.0,0.0,0.0
041,DADN,3099,30,charge,Autres charges de personnel,0,0,20200.0,25000.0,25000.0,25000.0,31000.0,31000.0,20000.0,24100.0,27600.0,22104.83,10711.3,5307.35,14232.45,21648.47,22220.75,29378.5,21268.63
041,DADN,3100,31,charge,Matériel de bureau,0,0,87500.0,77000.0,58000.0,58000.0,65000.0,52000.0,38000.0,39500.0,37000.0,64511.12,54086.86,43647.9,61977.9,35395.38,32819.57,46107.05,27342.23
041,DADN,3101,31,charge,"Matériel d'exploitation, fournitures",0,0,666600.0,692500.0,788400.0,403900.0,483500.0,521500.0,503500.0,482800.0,648600.0,617499.35,693748.71,586333.35,634399.56,492344.8,491407.8,613856.13,549785.84
041,DADN,3102,31,charge,"Imprimés, publications",0,0,69200.0,77200.0,83600.0,83800.0,88800.0,118400.0,96000.0,90000.0,87500.0,68541.24,79527.7,75121.3,62108.95,91679.41,88712.75,87223.35,69633.93
041,DADN,3103,31,charge,"Littérature spécialisée, magazines",0,0,30800.0,25000.0,21500.0,16000.0,16500.0,16500.0,9500.0,11900.0,12900.0,17228.57,20376.01,11277.73,8046.53,13976.01,8324.75,11644.9,12283.71
041,DADN,3104,31,charge,Matériel didactique,0,0,265000.0,384000.0,354000.0,354000.0,400000.0,400000.0,380000.0,340000.0,340000.0,233355.42,329713.6,299731.53,309242.49,357274.25,355715.93,329142.18,273787.67
041,DADN,3105,31,charge,Denrées alimentaires,0,0,660000.0,690000.0,675000.0,500000.0,290000.0,200000.0,215000.0,210000.0,215000.0,689381.98,664501.16,394110.44,537170.48,390658.55,210591.64,199822.54,211654.09
041,DADN,3106,31,charge,Matériel médical et de laboratoire,0,0,271500.0,443000.0,550000.0,570000.0,580000.0,490000.0,435000.0,425000.0,400000.0,406683.23,551651.22,360116.54,329113.07,408569.98,368898.13,418941.38,381110.26
041,DADN,3110,31,charge,Meubles et appareils de bureau,0,0,81500.0,81500.0,61500.0,202500.0,97000.0,148000.0,45000.0,47000.0,40000.0,33781.27,36917.9,27845.65,50462.3,87274.27,30076.64,78637.1,19586.18
041,DADN,3111,31,charge,"Machines, appareils et véhicules",0,0,513500.0,540800.0,485900.0,491000.0,381000.0,387500.0,250000.0,183000.0,194000.0,425695.91,508246.95,408576.2,155374.03,302854.84,328810.32,511983.54,84001.3
041,DADN,3112,31,charge,"Vêtements, linge, rideaux",0,0,0.0,0.0,0.0,0.0,0.0,2100.0,2100.0,4100.0,3500.0,0.0,0.0,0.0,0.0,1594.58,0.0,1931.1,2083.37
041,DADN,3113,31,charge,Matériel informatique,0,0,0.0,0.0,0.0,0.0,0.0,5000.0,9500.0,6000.0,4500.0,0.0,0.0,0.0,160.15,3524.85,1995.74,1203.4,3549.17
041,DADN,3115,31,charge,Bétail,0,0,0.0,0.0,0.0,290000.0,150000.0,250000.0,250000.0,250000.0,255000.0,0.0,0.0,0.0,0.0,243493.35,245360.58,225790.94,251228.91
041,DADN,3116,31,charge,Appareils médicaux et de laboratoire,0,0,195000.0,155000.0,155000.0,305000.0,137400.0,20000.0,40000.0,40000.0,115000.0,50564.83,74725.6,127823.83,32886.58,72542.41,56312.76,810.35,12230.76
041,DADN,3118,31,charge,Immobilisations incorporelles,0,0,0.0,0.0,0.0,0.0,39000.0,0.0,0.0,0.0,0.0,0.0,0.0,0.0,0.0,0.0,0.0,1753.38,0.0
041,DADN,3120,31,charge,Alimentation et élimination des biens-fonds PA,0,0,725000.0,712400.0,778800.0,768600.0,658600.0,553500.0,593000.0,749200.0,781300.0,599693.31,763811.27,522178.75,517953.6,413290.41,463321.0,725608.0,734212.75
041,DADN,3130,31,charge,Prestations de services de tiers,0,0,2898200.0,3038000.0,3479700.0,3491100.0,3474100.0,3177300.0,3047100.0,3071800.0,3311400.0,2918207.39,3064768.68,2580403.9,2617322.36,2871387.1,2536486.17,2561557.59,2487172.6
041,DADN,3132,31,charge,"Honoraires Conseillers externes, experts, spécialistes, etc.",0,0,952400.0,1252500.0,2229000.0,2076000.0,2733000.0,2560800.0,1819400.0,1704200.0,1618800.0,1217434.54,836225.57,1331785.55,1864170.31,2789194.87,2220328.98,1952853.44,1584470.6
041,DADN,3133,31,charge,Charges d'utilisations informatiques,0,0,0.0,0.0,180000.0,340000.0,134200.0,250100.0,293900.0,151600.0,120800.0,0.0,0.0,0.0,0.0,121867.15,13193.55,177002.15,51409.95
041,DADN,3134,31,charge,Primes d'assurances choses,0,0,12500.0,8500.0,5400.0,7400.0,6400.0,6000.0,10000.0,8900.0,9600.0,5154.33,5210.23,5693.92,5209.9,5332.74,9157.35,8124.49,9145.75
041,DADN,3137,31,charge,Impôts et taxes,0,0,133400.0,149700.0,137400.0,114800.0,99400.0,86000.0,90500.0,40800.0,97800.0,137020.67,134303.94,99065.5,117145.45,106555.39,84130.0,91742.53,103100.57
041,DADN,3140,31,charge,Entretien des terrains,0,0,3000.0,2000.0,3000.0,4000.0,4000.0,8000.0,8000.0,0.0,0.0,1970.25,2999.45,3453.95,0.0,64.5,0.0,0.0,0.0
041,DADN,3150,31,charge,Entretien de meubles et appareils de bureau,0,0,91500.0,74500.0,60500.0,113000.0,82000.0,20000.0,16000.0,15000.0,15000.0,50896.45,78589.21,20905.75,15166.75,27879.95,9563.1,13943.85,20196.85
041,DADN,3151,31,charge,"Entretien de machines, appareils, véhicules",0,0,170000.0,191000.0,185000.0,172700.0,240600.0,181000.0,130000.0,404800.0,264500.0,177535.31,180442.74,165698.36,203181.85,203512.77,85940.56,162302.42,131770.68
041,DADN,3153,31,charge,Entretien informatique (matériel),0,0,0.0,0.0,0.0,0.0,0.0,0.0,0.0,0.0,0.0,0.0,0.0,0.0,0.0,0.0,0.0,0.0,339.15
041,DADN,3156,31,charge,Entretien des appareils médicaux et de laboratoire,0,0,67000.0,77000.0,70000.0,70000.0,80000.0,88000.0,83000.0,78000.0,78000.0,51158.92,61972.49,60819.78,59919.33,56845.04,67617.69,80778.34,51801.74
041,DADN,3160,31,charge,Loyer et bail à ferme des biens-fonds,0,0,18400.0,19000.0,18300.0,47000.0,69000.0,90000.0,104000.0,97200.0,114400.0,18275.2,18275.2,22775.2,43147.2,56147.2,69087.2,69237.2,85152.2
041,DADN,3161,31,charge,"Loyers, frais d'utilisation des immobilisations",0,0,163200.0,145000.0,134500.0,122500.0,178500.0,128000.0,85700.0,104900.0,100000.0,145069.09,132376.19,107955.52,129594.31,114480.63,71586.97,92149.15,110060.2
041,DADN,3170,31,charge,Dédommagements - Frais de déplacement et autres frais,0,0,307600.0,303100.0,305600.0,299500.0,295000.0,265500.0,263500.0,280000.0,293600.0,268268.94,267165.5,197847.36,214811.19,235887.5,238479.85,263543.95,280020.71
041,DADN,3171,31,charge,"Dédommagements - Excursions, voyages scolaires et camps",0,0,90000.0,90000.0,90000.0,90000.0,90000.0,90000.0,85000.0,75000.0,75000.0,58541.36,91480.95,29865.75,17242.2,43664.55,48747.78,66697.21,68588.93
041,DADN,3180,31,charge,Réévaluations sur créances,0,0,0.0,0.0,0.0,0.0,9000.0,55000.0,38000.0,0.0,0.0,66303.48,-2114646.65,-106789.88,-38774.25,45787.45,-75459.0,-32081.05,91658.45
041,DADN,3181,31,charge,Pertes sur créance effectives,0,0,58000.0,107000.0,119000.0,95000.0,172000.0,92000.0,61000.0,106000.0,115500.0,82059.5,115901.5,278303.9,142684.84,124306.9,240415.2,137671.28,101714.75
041,DADN,3190,31,charge,Prestations de dommages et intérêts,0,0,0.0,0.0,0.0,0.0,0.0,0.0,0.0,0.0,0.0,0.0,0.0,0.0,0.0,0.0,14040.0,0.0,0.0
041,DADN,3199,31,charge,Autres charges d'exploitation,0,0,0.0,11000.0,17900.0,15900.0,47900.0,16400.0,10000.0,8000.0,3000.0,1158.25,14098.0,8769.7,13254.4,12741.35,0.0,2527.48,2600.15
041,DADN,3400,34,charge,Intérêts passifs des engagements courants,0,0,0.0,0.0,0.0,0.0,0.0,0.0,0.0,0.0,0.0,0.0,0.0,0.0,0.0,0.0,0.0,0.0,616.15
041,DADN,3419,34,charge,Autres pertes réalisées à partir du patrimoine financier,0,0,0.0,0.0,0.0,0.0,0.0,0.0,0.0,0.0,0.0,84.51,155.06,9.36,24.38,58.47,31.58,76.41,83.3
041,DADN,3499,34,charge,Autres charges financières,0,0,0.0,0.0,0.0,0.0,0.0,0.0,7700.0,7700.0,7700.0,31104.71,38794.28,63651.18,63254.46,35457.6,0.0,-0.76,6977.38
041,DADN,3500,35,charge,Attributions aux financements spéciaux sous capitaux de tier,0,0,0.0,0.0,0.0,0.0,0.0,0.0,0.0,0.0,0.0,0.0,0.0,0.0,0.0,105070.25,0.0,0.0,0.0
041,DADN,3511,35,charge,Attributions aux fonds sous capital propre,0,0,0.0,0.0,0.0,0.0,0.0,0.0,0.0,0.0,0.0,0.0,2145578.3,0.0,0.0,0.0,24564.17,29397.51,0.0
041,DADN,3610,36,charge,Dédommagements à la Confédération,0,0,0.0,0.0,0.0,0.0,0.0,0.0,1000.0,0.0,0.0,0.0,0.0,0.0,0.0,0.0,1531.0,0.0,0.0
041,DADN,3611,36,charge,Dédommagements aux cantons et aux concordats,0,0,220000.0,300000.0,300000.0,300000.0,415000.0,300000.0,320000.0,340000.0,340000.0,409819.9,267833.05,317382.25,374865.3,295383.0,320214.1,331129.75,335738.7
041,DADN,3612,36,charge,Dédommagements aux communes et associations intercommunales,0,0,329000.0,329000.0,329000.0,329000.0,139000.0,0.0,90000.0,160000.0,80000.0,246364.15,144845.67,65950.84,125439.05,173736.75,70598.35,3421.5,5949.0
041,DADN,3634,36,charge,Subventions accordées aux entreprises publiques,0,0,255000.0,275000.0,275000.0,275000.0,110000.0,110000.0,110000.0,120000.0,70000.0,986112.2,156654.5,48561.35,50364.3,87975.15,74931.95,117349.75,65588.4
041,DADN,3635,36,charge,Subventions accordées aux entreprises privées,0,0,410000.0,400000.0,400000.0,0.0,25000.0,0.0,0.0,0.0,0.0,143825.0,294000.0,0.0,23223.7,0.0,0.0,0.0,0.0
041,DADN,3636,36,charge,Subventions accordées aux org privées à but non lucratif,0,0,14189100.0,13997800.0,13926000.0,12844700.0,14187400.0,14953400.0,14001100.0,15488300.0,16658700.0,12492228.91,12015751.59,15307308.7,14258029.85,16099111.7,13032612.73,13831268.5,13273038.24
041,DADN,3637,36,charge,Subventions accordées aux ménages privés,0,0,40295000.0,41305000.0,41565000.0,43717000.0,42257000.0,41988000.0,40507000.0,40112000.0,41762000.0,38850528.63,39915229.72,38956997.3,38524874.63,39306665.0,41853916.58,40292658.95,40466531.5
041,DADN,3640,36,charge,Réévaluations des prêts PA,0,0,0.0,0.0,0.0,0.0,0.0,0.0,0.0,0.0,0.0,225000.0,70342.25,-2742.8,-19199.45,-48400.0,0.0,0.0,75000.0
041,DADN,3650,36,charge,Réévaluations des participations PA,0,0,0.0,0.0,0.0,0.0,0.0,0.0,0.0,0.0,0.0,0.0,0.0,0.0,3400.0,0.0,0.0,0.0,0.0
041,DADN,3707,37,charge,Subventions redistribuées aux ménages privés,0,0,254000000.0,254600000.0,256600000.0,257550000.0,254550000.0,257050000.0,266050000.0,273030000.0,278180000.0,250833715.75,256025605.15,253889440.11,254777820.85,256186789.2,276182233.25,270949247.7,275328416.35
041,DADN,3900,39,charge,Imput int pour l'approvisionn en matériel et en marchandises,0,0,8000.0,8000.0,8000.0,8000.0,8000.0,48000.0,41000.0,35000.0,36000.0,8000.0,8000.0,8000.0,8000.0,8000.0,33644.6,44217.4,37972.4
041,DADN,3910,39,charge,Imput int pour prestations de service,0,0,0.0,0.0,0.0,0.0,0.0,90000.0,1117000.0,1238000.0,1182000.0,0.0,0.0,0.0,7490.0,0.0,65840.55,1183173.85,1199295.2
041,DADN,4120,41,revenu,Concessions,0,0,0.0,0.0,0.0,0.0,26000.0,0.0,0.0,0.0,0.0,3000.0,1200.0,26000.0,200.0,1300.0,29400.0,600.0,0.0
041,DADN,4210,42,revenu,Emoluments pour actes administratifs,0,0,906500.0,754900.0,1155400.0,1149800.0,1122800.0,1068000.0,1050000.0,1048700.0,1040400.0,512356.8,875533.2,852289.95,989865.5,946306.85,982445.41,1023851.06,995121.21
041,DADN,4220,42,revenu,Taxes et subventions aux frais de pension,0,0,0.0,0.0,0.0,0.0,0.0,0.0,0.0,0.0,0.0,0.0,0.0,420.0,446.0,1940.0,0.0,420.0,220.0
041,DADN,4221,42,revenu,Paiement pour prestations particulières,0,0,1245000.0,1275000.0,1251500.0,916600.0,420000.0,270000.0,300000.0,300000.0,300000.0,1262058.55,1174129.6,673336.81,922327.45,652185.65,305645.6,303316.05,304562.4
041,DADN,4230,42,revenu,Frais d'écolage,0,0,400000.0,600000.0,640500.0,683100.0,602500.0,770000.0,712500.0,545400.0,608000.0,603063.2,788767.05,665166.0,617325.0,780336.0,704630.0,505725.0,685411.0
041,DADN,4231,42,revenu,Taxes de cours,0,0,0.0,0.0,0.0,0.0,0.0,0.0,20000.0,88000.0,36300.0,0.0,0.0,0.0,0.0,0.0,13440.0,84650.0,41110.0
041,DADN,4250,42,revenu,Ventes,0,0,1417900.0,1419300.0,1504300.0,1477300.0,1293000.0,1310000.0,1310000.0,1291000.0,1234000.0,1255825.8,1440104.7,1216431.64,1164364.33,1335887.26,1321599.73,1267563.94,1252474.53
041,DADN,4260,42,revenu,Remboursements et participations de tiers,0,0,1444700.0,1427200.0,1413700.0,1405200.0,1325200.0,1425600.0,1475600.0,1544000.0,1446100.0,1423874.7,1315462.7,1077987.66,1265129.89,1343447.75,1385679.35,1439010.9,1319760.55
041,DADN,4309,43,revenu,Autres revenus d'exploitation,0,0,2411000.0,2564000.0,3291800.0,3291800.0,2787200.0,2776300.0,2493800.0,2682300.0,2713300.0,2890582.41,3117552.65,2783528.72,2719008.95,2684562.66,2443847.05,2659074.26,2746243.87
041,DADN,4390,43,revenu,Autres revenus,0,0,0.0,0.0,0.0,0.0,0.0,30000.0,30000.0,25000.0,0.0,354.7,143.2,4545.7,0.0,52568.15,41494.24,44073.62,2060.0
041,DADN,4400,44,revenu,Intérêts des liquidités,0,0,0.0,0.0,0.0,0.0,0.0,0.0,0.0,0.0,0.0,0.0,0.0,0.0,0.0,3500.57,12382.37,16201.99,0.0
041,DADN,4401,44,revenu,Intérêts des créances et comptes courants,0,0,0.0,0.0,0.0,0.0,0.0,0.0,0.0,0.0,0.0,0.0,0.0,0.0,85.25,0.0,0.0,0.0,0.0
041,DADN,4419,44,revenu,Autres gains réalisés à partir du patrimoine financier,0,0,0.0,0.0,0.0,0.0,0.0,0.0,0.0,0.0,0.0,0.0,310.19,75.23,84.19,71.93,132.02,176.37,209.84
041,DADN,4440,44,revenu,Réévaluation autres placements financiers PF,0,0,0.0,0.0,0.0,0.0,0.0,0.0,0.0,0.0,0.0,0.0,17.37,-13.75,-2.01,16.25,-10.52,79.32,-71.06
041,DADN,4450,44,revenu,Revenus provenant de prêts PA,0,0,0.0,0.0,0.0,0.0,0.0,0.0,0.0,0.0,0.0,26659.4,18906.75,10085.4,12103.4,19631.2,12202.1,8994.2,7088.4
041,DADN,4470,44,revenu,Loyers et fermages des biens-fonds PA,0,0,18500.0,18500.0,18500.0,0.0,0.0,0.0,0.0,0.0,0.0,18335.0,18870.0,18335.0,18335.0,0.0,0.0,0.0,0.0
041,DADN,4471,44,revenu,Paiement pour appartements de service PA,0,0,102600.0,56600.0,57800.0,57800.0,0.0,0.0,0.0,0.0,0.0,58735.0,51549.9,3460.0,0.0,0.0,0.0,0.0,0.0
041,DADN,4472,44,revenu,Paiement pour utilisations des immeubles PA,0,0,75000.0,117600.0,116400.0,125600.0,88800.0,95500.0,116700.0,97900.0,82300.0,79507.35,66221.2,130584.6,135854.15,94417.2,107903.7,109197.7,93669.7
041,DADN,4479,44,revenu,"Autres revenus, biens-fonds PA",0,0,0.0,0.0,0.0,0.0,0.0,0.0,4000.0,4000.0,4500.0,0.0,280.0,5970.2,3825.3,4680.0,4040.0,4509.65,6620.0
041,DADN,4500,45,revenu,Prélèvements sur les fin spéciaux sous capitaux de tiers,0,0,190600.0,300500.0,533300.0,534500.0,405000.0,246100.0,219900.0,330300.0,304200.0,350045.12,761063.8,359783.9,235037.12,536.85,82813.37,135487.54,130141.22
041,DADN,4510,45,revenu,Prélèvements sur les financements spéciaux du capital propre,0,0,0.0,0.0,0.0,0.0,0.0,0.0,0.0,0.0,0.0,67274.5,55514.74,0.0,0.0,0.0,0.0,0.0,0.0
041,DADN,4511,45,revenu,Prélèvements sur les fonds sous capital propre,0,0,0.0,0.0,0.0,0.0,0.0,0.0,0.0,0.0,1000000.0,361319.39,0.0,3875529.17,3008006.07,2963950.99,0.0,0.0,106772.0
041,DADN,4610,46,revenu,Dédommagements de la Confédération,0,0,33365000.0,33370000.0,33183000.0,33405000.0,33130000.0,31930000.0,30820000.0,30625000.0,30840000.0,32334382.1,33676237.35,31358649.44,31105008.08,31219112.3,33723454.15,30097747.2,30789664.65
041,DADN,4611,46,revenu,Dédommagements des cantons et des concordats,0,0,945000.0,945000.0,955000.0,965000.0,965000.0,1031400.0,1101400.0,1050000.0,1060000.0,689124.0,965389.69,995589.95,825920.05,1034579.0,1102268.0,959735.0,1218794.0
041,DADN,4612,46,revenu,Dédommagements des communes et associations intercommunales,0,0,275000.0,275000.0,225000.0,225000.0,300000.0,300000.0,300000.0,300000.0,200000.0,228326.4,171788.5,199841.1,195430.5,188945.4,199250.5,194806.8,259890.2
041,DADN,4614,46,revenu,Indemnités des entreprises publiques,0,0,10000.0,0.0,0.0,0.0,0.0,5000.0,0.0,0.0,0.0,16200.0,11898.2,0.0,0.0,5760.0,0.0,28610.0,0.0
041,DADN,4630,46,revenu,Subventions de la Confédération,0,0,689100.0,699100.0,739100.0,677900.0,698900.0,692500.0,643300.0,627400.0,659700.0,401736.6,526548.5,434641.3,426009.5,646516.9,406523.93,589237.27,710908.35
041,DADN,4637,46,revenu,Subventions des ménages privés,0,0,0.0,0.0,0.0,0.0,0.0,0.0,0.0,0.0,0.0,0.0,0.0,0.0,0.0,0.0,35351.0,0.0,0.0
041,DADN,4700,47,revenu,Subventions à redistribuer reçues de la Confédération,0,0,254000000.0,254600000.0,256600000.0,257550000.0,254550000.0,257050000.0,266050000.0,273030000.0,278180000.0,0.0,256025605.15,253889440.11,254777820.85,256186789.2,276182233.25,270949247.7,275328416.35
041,DADN,4701,47,revenu,Subventions à redistribuer reçues des cantons et concordats,0,0,0.0,0.0,0.0,0.0,0.0,0.0,0.0,0.0,0.0,250833715.75,0.0,0.0,0.0,0.0,0.0,0.0,0.0
041,DADN,4900,49,revenu,Imput int pour l'approvisionnement en matériel/marchandises,0,0,0.0,0.0,0.0,0.0,0.0,40000.0,41000.0,35000.0,36000.0,0.0,0.0,0.0,0.0,0.0,25644.6,36217.4,37972.4
041,DADN,4910,49,revenu,Imput int pour prestations de service,0,0,0.0,0.0,0.0,0.0,0.0,90000.0,1117000.0,1238000.0,1182000.0,0.0,0.0,0.0,0.0,0.0,65840.55,1183173.85,1199295.2
041,DADN,4990,49,revenu,Autres imputations internes,0,0,1200000.0,1200000.0,1200000.0,1200000.0,1600000.0,1600000.0,1600000.0,1750000.0,1750000.0,1454744.0,1515481.5,1547599.5,1697630.86,1726417.27,1782817.0,1923831.0,1895033.25
042,DFTS,3010,30,charge,Salaires du personnel administratif et d'exploitation,0,0,2282000.0,2402500.0,2336100.0,2285800.0,2423300.0,2570500.0,2525200.0,2534300.0,2526900.0,2266307.65,2247186.65,2227424.3,2313350.25,2336781.6,2413833.05,2586245.6,2452551.6
042,DFTS,3030,30,charge,Travailleurs temporaires,0,0,380500.0,420500.0,434600.0,459700.0,447300.0,367000.0,743800.0,742800.0,909700.0,301703.7,348130.55,257077.45,349147.65,431640.6,401450.15,315284.2,453854.65
042,DFTS,3049,30,charge,Autres Indemnités,0,0,3400.0,3600.0,3600.0,5200.0,5200.0,5200.0,5200.0,5200.0,5200.0,1704.2,3072.6,2826.05,1807.95,2238.5,7383.05,3910.05,1400.25
042,DFTS,3050,30,charge,"Cotisations patronales AVS, APG, AC, frais administratifs",0,0,169600.0,181200.0,178300.0,181100.0,188800.0,191500.0,212800.0,213900.0,225700.0,160161.38,162518.15,159736.11,171285.05,178412.61,182335.3,188434.73,188503.15
042,DFTS,3052,30,charge,Cotisations patronales aux caisses de pension,0,0,263900.0,278200.0,287700.0,281800.0,298700.0,308100.0,347500.0,348900.0,361600.0,290640.95,287141.0,279475.7,300848.55,306464.75,310737.7,322385.15,316621.0
042,DFTS,3053,30,charge,Cotisations patronales aux assurances-accidents,0,0,3300.0,4300.0,4400.0,4300.0,4600.0,5000.0,5200.0,5100.0,5600.0,3177.63,3298.11,3981.96,4196.24,4458.95,4490.2,4562.84,4201.94
042,DFTS,3054,30,charge,Cotisations patronales aux caisses d'allocations familiales,0,0,73800.0,77400.0,76300.0,74900.0,79200.0,78400.0,86300.0,84100.0,88300.0,56255.89,71003.85,67962.21,72975.92,75646.41,74409.15,76605.94,73538.52
042,DFTS,3059,30,charge,Autres cotisations patronales,0,0,1700.0,1800.0,1800.0,1700.0,1800.0,2100.0,2100.0,2200.0,3100.0,19616.73,1552.94,1485.15,1594.56,1653.47,1688.78,1738.16,1741.43
042,DFTS,3099,30,charge,Autres charges de personnel,0,0,1500.0,9500.0,9500.0,9500.0,5000.0,5000.0,5000.0,6500.0,8000.0,5276.1,135.0,2142.4,3651.4,650.0,2523.3,3462.6,2363.25
042,DFTS,3100,31,charge,Matériel de bureau,0,0,8000.0,8500.0,10000.0,10000.0,10000.0,7000.0,7000.0,7000.0,10000.0,8252.95,9845.75,3069.55,7488.0,3655.73,2359.2,2050.64,2412.63
042,DFTS,3101,31,charge,"Matériel d'exploitation, fournitures",0,0,0.0,0.0,0.0,0.0,0.0,500.0,500.0,500.0,2000.0,0.0,0.0,0.0,0.0,0.0,78.85,11.15,466.3
042,DFTS,3102,31,charge,"Imprimés, publications",0,0,2100.0,2100.0,1500.0,1500.0,1000.0,16000.0,10000.0,10000.0,15000.0,988.15,589.05,224.3,59.25,3.06,0.0,2278.18,3728.85
042,DFTS,3103,31,charge,"Littérature spécialisée, magazines",0,0,4900.0,4600.0,4300.0,4300.0,3400.0,6400.0,6500.0,6500.0,6500.0,2140.4,1322.1,2425.99,1793.85,1344.15,1096.23,5713.46,2379.74
042,DFTS,3104,31,charge,Matériel didactique,0,0,456000.0,363100.0,369500.0,482500.0,500500.0,360500.0,439000.0,437000.0,456000.0,445578.45,325558.0,340837.85,518768.35,301680.63,416472.79,336457.13,391843.54
042,DFTS,3106,31,charge,Matériel médical et de laboratoire,0,0,0.0,0.0,0.0,0.0,0.0,500.0,500.0,500.0,500.0,0.0,0.0,0.0,0.0,0.0,0.0,0.0,0.0
042,DFTS,3110,31,charge,Meubles et appareils de bureau,0,0,0.0,0.0,0.0,0.0,0.0,0.0,4500.0,27000.0,27000.0,9258.8,1902.95,17710.15,-7106.74,0.0,0.0,8537.75,18772.55
042,DFTS,3111,31,charge,"Machines, appareils et véhicules",0,0,10000.0,10000.0,10000.0,10000.0,8000.0,2000.0,2000.0,8000.0,2500.0,1645.05,1616.6,21685.3,15738.9,866.98,189.98,0.0,432.4
042,DFTS,3112,31,charge,"Vêtements, linge, rideaux",0,0,0.0,0.0,0.0,0.0,0.0,0.0,0.0,30000.0,30000.0,0.0,0.0,0.0,0.0,0.0,0.0,0.0,225.45
042,DFTS,3113,31,charge,Matériel informatique,0,0,0.0,0.0,0.0,0.0,0.0,0.0,0.0,0.0,0.0,0.0,0.0,0.0,0.0,0.0,0.0,0.0,1278.2
042,DFTS,3120,31,charge,Alimentation et élimination des biens-fonds PA,0,0,900.0,900.0,900.0,900.0,900.0,1700.0,1700.0,1500.0,1500.0,0.0,0.0,0.0,834.7,17.2,1002.1,0.0,321.47
042,DFTS,3130,31,charge,Prestations de services de tiers,0,0,177400.0,173000.0,176800.0,177800.0,248500.0,279900.0,281000.0,311200.0,364700.0,117171.89,95838.28,53185.89,186807.31,176585.3,153630.77,218524.37,208200.66
042,DFTS,3132,31,charge,"Honoraires Conseillers externes, experts, spécialistes, etc.",0,0,87200.0,124200.0,132500.0,132500.0,12900.0,285000.0,186600.0,761500.0,1346100.0,145501.55,83035.38,127283.45,136479.6,121196.75,156071.25,238992.77,177032.95
042,DFTS,3138,31,charge,"Cours, examens et conseils",0,0,0.0,8000.0,8000.0,9000.0,9000.0,1000.0,1000.0,1000.0,1000.0,8934.5,1500.0,1000.0,8990.1,5685.0,1000.0,1000.0,1000.0
042,DFTS,3150,31,charge,Entretien de meubles et appareils de bureau,0,0,0.0,2000.0,2000.0,2000.0,2000.0,3500.0,3500.0,3500.0,3500.0,213.25,0.0,0.0,0.0,0.0,430.8,403.5,240.0
042,DFTS,3151,31,charge,"Entretien de machines, appareils, véhicules",0,0,1500.0,2000.0,2000.0,2000.0,2000.0,12000.0,12000.0,12000.0,17000.0,430.8,753.9,430.8,753.9,770.05,373.1,3015.15,6193.2
042,DFTS,3161,31,charge,"Loyers, frais d'utilisation des immobilisations",0,0,14700.0,16000.0,16000.0,16000.0,16000.0,9000.0,6600.0,5000.0,7000.0,20245.85,1048.85,4811.25,6837.7,5225.1,5264.8,3897.65,3927.3
042,DFTS,3170,31,charge,Dédommagements - Frais de déplacement et autres frais,0,0,112500.0,111800.0,101800.0,101800.0,101800.0,86800.0,86800.0,96000.0,105000.0,69014.95,93903.5,48644.55,56719.43,78298.49,73251.15,76837.55,81593.15
042,DFTS,3171,31,charge,"Dédommagements - Excursions, voyages scolaires et camps",0,0,520000.0,497000.0,467000.0,499000.0,499000.0,459000.0,476000.0,481000.0,606500.0,583808.35,391418.1,288861.1,325938.77,410515.4,387849.05,445256.26,509315.59
042,DFTS,3180,31,charge,Réévaluations sur créances,0,0,0.0,0.0,0.0,0.0,0.0,0.0,0.0,0.0,0.0,0.0,-2740.0,2680.0,-1650.0,2950.0,-40.0,2600.0,-7510.0
042,DFTS,3181,31,charge,Pertes sur créance effectives,0,0,0.0,0.0,0.0,0.0,0.0,0.0,0.0,0.0,0.0,0.0,5150.0,0.0,0.0,0.0,2930.0,2460.0,3800.0
042,DFTS,3199,31,charge,Autres charges d'exploitation,0,0,10800.0,10800.0,30800.0,215800.0,279000.0,1500.0,1800.0,1800.0,1800.0,5299.75,10521.25,24918.0,224881.66,341390.04,145828.7,408.69,533.15
042,DFTS,3419,34,charge,Autres pertes réalisées à partir du patrimoine financier,0,0,0.0,0.0,0.0,0.0,0.0,0.0,0.0,0.0,0.0,0.0,0.0,0.0,0.0,1.69,0.0,0.0,40.97
042,DFTS,3499,34,charge,Autres charges financières,0,0,0.0,0.0,0.0,0.0,0.0,0.0,0.0,0.0,7500.0,-0.5,0.0,0.0,0.0,2.95,3.0,0.0,5333.28
042,DFTS,3610,36,charge,Dédommagements à la Confédération,0,0,0.0,0.0,0.0,0.0,0.0,0.0,0.0,0.0,0.0,0.0,0.0,0.0,0.0,0.0,0.0,23.2,0.0
042,DFTS,3611,36,charge,Dédommagements aux cantons et aux concordats,0,0,40000.0,30000.0,30000.0,30000.0,20000.0,25000.0,25000.0,25000.0,25000.0,22499.03,15649.05,13616.77,8994.0,26178.98,26383.74,26188.78,22616.0
042,DFTS,3612,36,charge,Dédommagements aux communes et associations intercommunales,0,0,1650000.0,1680000.0,1789000.0,1789000.0,839000.0,820000.0,770000.0,1180000.0,2050000.0,2202929.5,1672751.8,1470432.1,583447.6,2109786.2,1177399.3,953473.51,797787.1
042,DFTS,3632,36,charge,Subventions accordées aux communes et ass intercommunales,0,0,0.0,0.0,0.0,0.0,0.0,0.0,0.0,500000.0,786000.0,0.0,0.0,0.0,0.0,0.0,0.0,0.0,0.0
042,DFTS,3636,36,charge,Subventions accordées aux org privées à but non lucratif,0,0,1937700.0,1935700.0,1831000.0,1821600.0,1840100.0,2039900.0,4320800.0,8690900.0,9837300.0,3202730.0,3242938.0,1682512.0,1190300.0,3217428.0,3546489.35,3988352.0,9509300.8
042,DFTS,4231,42,revenu,Taxes de cours,0,0,445000.0,403000.0,408000.0,408000.0,411000.0,391000.0,478000.0,411000.0,521000.0,367799.15,403850.15,234638.8,345849.3,410459.1,425365.5,397202.95,467300.0
042,DFTS,4250,42,revenu,Ventes,0,0,400.0,0.0,0.0,0.0,0.0,0.0,0.0,0.0,0.0,7500.0,0.0,0.0,0.0,0.0,0.0,0.0,0.0
042,DFTS,4260,42,revenu,Remboursements et participations de tiers,0,0,120600.0,77500.0,79500.0,79500.0,183800.0,172800.0,65800.0,36300.0,36300.0,840705.65,152224.95,69751.2,143431.25,736289.45,160690.75,133327.0,73927.55
042,DFTS,4419,44,revenu,Autres gains réalisés à partir du patrimoine financier,0,0,0.0,0.0,0.0,0.0,0.0,0.0,0.0,0.0,0.0,0.0,0.0,0.0,0.0,0.0,0.0,1.89,0.0
042,DFTS,4511,45,revenu,Prélèvements sur les fonds sous capital propre,0,0,0.0,0.0,0.0,0.0,0.0,0.0,0.0,0.0,0.0,0.0,0.0,0.0,0.0,1747925.0,2017833.0,1984877.0,5464438.8
042,DFTS,4611,46,revenu,Dédommagements des cantons et des concordats,0,0,20000.0,20000.0,20000.0,20000.0,20000.0,20000.0,20000.0,30000.0,30000.0,8454.35,13515.7,6966.05,16503.25,1985.85,10157.3,12588.3,23079.15
042,DFTS,4630,46,revenu,Subventions de la Confédération,0,0,1160000.0,1240000.0,1309000.0,1300000.0,350000.0,355000.0,375000.0,400000.0,403000.0,1203638.0,1257467.0,1081748.0,618803.0,1777186.0,850507.36,488274.32,427166.0
043,DFTS,3010,30,charge,Salaires du personnel administratif et d'exploitation,0,0,8015700.0,7710400.0,12979800.0,13306900.0,13601900.0,14537700.0,15819700.0,16144400.0,16201200.0,7536747.9,12997381.65,12738416.4,12990704.8,12952806.8,13670620.05,14628729.0,15749424.59
043,DFTS,3030,30,charge,Travailleurs temporaires,0,0,387400.0,388700.0,731200.0,858100.0,1123000.0,1350800.0,699800.0,734300.0,1039700.0,376369.6,425856.05,436603.65,550490.75,778445.45,960439.85,790749.3,652341.31
043,DFTS,3049,30,charge,Autres Indemnités,0,0,1600.0,2000.0,4000.0,4000.0,5000.0,5000.0,5300.0,6800.0,6800.0,960.0,3343.85,3666.65,2682.65,3680.0,5173.35,6130.7,6130.25
043,DFTS,3050,30,charge,"Cotisations patronales AVS, APG, AC, frais administratifs",0,0,530800.0,523600.0,888100.0,941600.0,956700.0,1038600.0,1082200.0,1104100.0,1127700.0,500683.64,844754.96,854694.35,878797.7,891745.28,948208.19,1004495.04,1069912.56
043,DFTS,3052,30,charge,Cotisations patronales aux caisses de pension,0,0,966800.0,927300.0,1598300.0,1646600.0,1708800.0,1845000.0,1922700.0,1957600.0,1999400.0,980241.9,1652117.5,1623022.25,1676334.5,1688122.05,1735689.4,1887592.9,2006254.75
043,DFTS,3053,30,charge,Cotisations patronales aux assurances-accidents,0,0,117800.0,95400.0,161200.0,180900.0,145800.0,127800.0,127900.0,122500.0,108300.0,112611.87,142574.59,158383.28,181041.01,117528.92,112031.05,117626.63,116695.08
043,DFTS,3054,30,charge,Cotisations patronales aux caisses d'allocations familiales,0,0,232400.0,223800.0,376300.0,388700.0,404100.0,420200.0,437600.0,428200.0,437400.0,174877.2,369623.64,365432.12,374618.53,378441.77,388797.48,408755.93,418542.47
043,DFTS,3059,30,charge,Autres cotisations patronales,0,0,6100.0,5400.0,8800.0,8400.0,9000.0,9700.0,10200.0,10500.0,15500.0,4760.46,8076.63,7983.68,8179.34,8269.93,8808.98,9257.96,9896.99
043,DFTS,3099,30,charge,Autres charges de personnel,0,0,10900.0,15400.0,28400.0,29400.0,29400.0,47400.0,51500.0,51500.0,51500.0,10012.5,18357.85,12394.9,7139.6,28630.27,29315.9,44563.09,46327.56
043,DFTS,3100,31,charge,Matériel de bureau,0,0,12000.0,14000.0,40000.0,40000.0,40000.0,20000.0,15000.0,20000.0,20000.0,13496.27,30198.82,28670.8,28702.76,17111.28,12815.45,14504.37,17924.41
043,DFTS,3101,31,charge,"Matériel d'exploitation, fournitures",0,0,0.0,0.0,12300.0,12300.0,10000.0,9500.0,8500.0,9000.0,9000.0,0.0,4725.95,2892.75,3484.3,3174.6,3698.25,8123.69,6693.63
043,DFTS,3102,31,charge,"Imprimés, publications",0,0,70000.0,50000.0,951800.0,973800.0,1009000.0,1006000.0,70300.0,998000.0,999500.0,26701.9,869046.95,804687.85,948086.0,1016616.95,1024160.02,855994.05,775538.15
043,DFTS,3103,31,charge,"Littérature spécialisée, magazines",0,0,14000.0,15000.0,21200.0,21200.0,21000.0,16000.0,18000.0,15000.0,16000.0,15691.8,12506.62,12686.1,13377.2,14843.15,15559.5,13697.0,11858.75
043,DFTS,3104,31,charge,Matériel didactique,0,0,0.0,0.0,0.0,0.0,0.0,4000.0,2000.0,500.0,500.0,0.0,0.0,0.0,0.0,1992.46,15.0,48.17,127.57
043,DFTS,3106,31,charge,Matériel médical et de laboratoire,0,0,0.0,0.0,0.0,0.0,0.0,500.0,500.0,500.0,500.0,4886.95,0.0,0.0,0.0,94.51,246.69,301.7,71.8
043,DFTS,3110,31,charge,Meubles et appareils de bureau,0,0,0.0,10000.0,27000.0,27000.0,27000.0,5000.0,5000.0,5000.0,10000.0,74893.93,7140.7,7931.2,11704.55,72041.57,12688.65,62928.2,4976.35
043,DFTS,3111,31,charge,"Machines, appareils et véhicules",0,0,0.0,0.0,40000.0,40000.0,10000.0,2000.0,1000.0,1000.0,1000.0,0.0,46214.1,30678.65,0.0,48.55,62.6,1384.05,859.9
043,DFTS,3112,31,charge,"Vêtements, linge, rideaux",0,0,0.0,0.0,3000.0,3000.0,2000.0,0.0,0.0,0.0,0.0,0.0,887.3,722.85,0.0,0.0,273.9,0.0,0.0
043,DFTS,3113,31,charge,Matériel informatique,0,0,0.0,0.0,0.0,0.0,0.0,2000.0,7000.0,8200.0,6000.0,0.0,0.0,0.0,0.0,855.15,5015.56,32943.05,4296.65
043,DFTS,3120,31,charge,Alimentation et élimination des biens-fonds PA,0,0,1000.0,1000.0,6000.0,6000.0,8000.0,8000.0,8000.0,3000.0,5000.0,0.0,2299.84,308.02,1758.53,5001.14,7172.26,2194.86,0.0
043,DFTS,3130,31,charge,Prestations de services de tiers,0,0,270000.0,265000.0,608400.0,584300.0,517200.0,458200.0,554200.0,580000.0,535000.0,170002.07,397989.32,382347.4,443062.63,450771.18,469620.61,511689.67,432994.55
043,DFTS,3132,31,charge,"Honoraires Conseillers externes, experts, spécialistes, etc.",0,0,2143400.0,2285800.0,2410400.0,2357500.0,2369700.0,3780900.0,3563500.0,2071600.0,2401600.0,1138763.4,1451852.85,1455368.72,1762883.09,2200387.9,2193896.91,3411924.03,2014162.29
043,DFTS,3134,31,charge,Primes d'assurances choses,0,0,500.0,500.0,3000.0,3500.0,3500.0,1000.0,1000.0,1000.0,1000.0,135.73,1341.06,2994.02,323.43,857.54,135.46,812.48,799.58
043,DFTS,3137,31,charge,Impôts et taxes,0,0,0.0,0.0,90000.0,90000.0,74000.0,70200.0,70200.0,65200.0,65200.0,0.0,69955.41,66204.56,68359.89,65052.75,60791.42,62967.11,64181.32
043,DFTS,3150,31,charge,Entretien de meubles et appareils de bureau,0,0,6000.0,6000.0,19000.0,19000.0,9000.0,9000.0,9000.0,10000.0,10000.0,3379.7,3395.9,3686.85,5018.1,9414.94,5333.34,7616.2,6143.25
043,DFTS,3151,31,charge,"Entretien de machines, appareils, véhicules",0,0,0.0,8000.0,23000.0,28000.0,23000.0,28000.0,40000.0,38000.0,37000.0,969.3,8809.77,12562.0,12054.08,11501.1,21744.52,28829.21,30838.4
043,DFTS,3160,31,charge,Loyer et bail à ferme des biens-fonds,0,0,2000.0,2000.0,130400.0,137300.0,131300.0,63200.0,0.0,0.0,0.0,4175.9,126292.0,126292.0,125981.55,126292.0,126504.0,85496.85,979.85
043,DFTS,3161,31,charge,"Loyers, frais d'utilisation des immobilisations",0,0,40000.0,27000.0,83000.0,85000.0,60000.0,45000.0,45000.0,35000.0,35000.0,20498.75,53975.9,39381.13,37811.3,34917.9,33730.89,29183.41,28634.46
043,DFTS,3169,31,charge,Autres loyers et frais d'utilisation,0,0,0.0,0.0,30900.0,0.0,0.0,0.0,0.0,0.0,0.0,0.0,631.6,0.0,0.0,0.0,0.0,0.0,0.0
043,DFTS,3170,31,charge,Dédommagements - Frais de déplacement et autres frais,0,0,35500.0,33500.0,64300.0,60800.0,61800.0,46800.0,47200.0,48000.0,47000.0,18882.85,46959.79,34308.25,27445.23,31361.75,38124.4,41368.25,34094.55
043,DFTS,3180,31,charge,Réévaluations sur créances,0,0,0.0,0.0,0.0,0.0,0.0,0.0,0.0,0.0,0.0,-3228.5,49265.77,-64013.12,45644.1,-5435.8,-8437.15,605.95,6242.5
043,DFTS,3181,31,charge,Pertes sur créance effectives,0,0,5000.0,10000.0,18500.0,20000.0,20000.0,10000.0,15000.0,15000.0,15000.0,0.0,2230.0,65377.4,0.0,3593.15,18648.15,15930.0,11639.7
043,DFTS,3192,31,charge,Indemnisation de droits,0,0,0.0,0.0,0.0,0.0,0.0,0.0,0.0,0.0,0.0,0.0,0.0,0.0,0.0,0.0,0.0,0.0,224709.2
043,DFTS,3199,31,charge,Autres charges d'exploitation,0,0,17500.0,31500.0,39500.0,60000.0,30000.0,30000.0,24200.0,28000.0,28000.0,18950.5,29436.1,32533.65,14537.0,18473.5,22940.15,21673.85,21127.65
043,DFTS,3419,34,charge,Autres pertes réalisées à partir du patrimoine financier,0,0,0.0,0.0,0.0,0.0,0.0,0.0,0.0,0.0,0.0,0.0,9.11,7.79,26.31,0.0,23.92,27.14,54.47
043,DFTS,3440,34,charge,Réévaluations des placements financiers PF,0,0,0.0,0.0,0.0,0.0,0.0,0.0,0.0,0.0,0.0,0.0,-25.44,0.0,0.0,0.0,0.0,10.78,-10.78
043,DFTS,3499,34,charge,Autres charges financières,0,0,0.0,0.0,0.0,0.0,0.0,0.0,0.0,0.0,0.0,0.0,-56.58,-7.64,1.34,-2.65,-6.38,6.27,-33.15
043,DFTS,3510,35,charge,Attributions aux financements spéciaux sous capital propre,0,0,0.0,0.0,0.0,1850100.0,1893500.0,184200.0,0.0,0.0,0.0,0.0,0.0,0.0,1882962.5,365141.76,0.0,1025634.19,16587340.95
043,DFTS,3632,36,charge,Subventions accordées aux communes et ass intercommunales,0,0,0.0,0.0,600000.0,200000.0,218000.0,172000.0,172000.0,112000.0,150000.0,0.0,143002.35,34212.9,85269.8,-7992.55,110812.5,141657.5,110696.5
043,DFTS,3634,36,charge,Subventions accordées aux entreprises publiques,0,0,1883000.0,1883000.0,2532000.0,2294700.0,2226700.0,2051200.0,2051200.0,1913600.0,2148200.0,1135586.3,1542235.55,1579222.14,1822816.09,1721665.29,2147524.32,1987037.02,1905085.02
043,DFTS,3635,36,charge,Subventions accordées aux entreprises privées,0,0,0.0,0.0,612000.0,1000600.0,1049800.0,1049800.0,715800.0,1535500.0,816400.0,0.0,488462.0,646078.0,583093.63,509165.0,657198.0,814259.37,904880.0
043,DFTS,3636,36,charge,Subventions accordées aux org privées à but non lucratif,0,0,0.0,0.0,2450000.0,2698700.0,2699500.0,2820700.0,2820700.0,3186600.0,3491100.0,0.0,1823990.0,1567273.0,1116999.0,1198273.0,1670258.0,2320148.0,2426059.0
043,DFTS,3637,36,charge,Subventions accordées aux ménages privés,0,0,0.0,0.0,0.0,0.0,0.0,0.0,0.0,0.0,2000000.0,0.0,0.0,0.0,0.0,0.0,0.0,0.0,0.0
043,DFTS,3640,36,charge,Réévaluations des prêts PA,0,0,0.0,0.0,0.0,0.0,0.0,0.0,0.0,0.0,0.0,0.0,0.0,0.0,600000.0,0.0,0.0,0.0,0.0
043,DFTS,3650,36,charge,"Réévaluations, participations PA",0,0,0.0,0.0,0.0,0.0,0.0,0.0,0.0,0.0,0.0,100.0,0.0,0.0,0.0,0.0,0.0,0.0,0.0
043,DFTS,4200,42,revenu,Taxes de compensation,0,0,0.0,0.0,0.0,2975000.0,3177700.0,2000000.0,2000000.0,2000000.0,3000000.0,0.0,0.0,0.0,2517600.0,900476.2,0.0,2687675.3,18679994.2
043,DFTS,4210,42,revenu,Emoluments pour actes administratifs,0,0,370000.0,100000.0,4725000.0,4725000.0,4915000.0,5036900.0,4592400.0,6156900.0,6347300.0,266042.2,4647345.0,4689047.0,5682475.0,5901768.0,5891244.0,5667218.0,5144811.0
043,DFTS,4240,42,revenu,Taxes d'utilisation et prestations de service,0,0,0.0,0.0,1239000.0,1239000.0,1239000.0,1239000.0,1239000.0,1239000.0,1239000.0,0.0,1166887.0,1105438.55,1110202.65,1109014.05,1049923.8,1032499.6,1051795.55
043,DFTS,4260,42,revenu,Remboursements et participations de tiers,0,0,3600.0,3600.0,28800.0,29800.0,27500.0,27500.0,27500.0,27500.0,27500.0,2329.4,162494.35,100677.65,64743.0,25050.65,27765.14,191329.75,10067.35
043,DFTS,4290,42,revenu,Autres taxes,0,0,0.0,0.0,0.0,0.0,0.0,0.0,0.0,0.0,0.0,0.0,0.0,0.0,0.0,1786.95,2.52,0.0,0.0
043,DFTS,4309,43,revenu,Autres revenus d'exploitation,0,0,0.0,0.0,1700.0,1700.0,1700.0,1700.0,1700.0,1700.0,1700.0,20.0,1600.0,1440.0,1355.0,1100.0,1020.0,1220.0,920.0
043,DFTS,4401,44,revenu,Intérêts des créances et comptes courants,0,0,0.0,0.0,400.0,400.0,400.0,400.0,400.0,400.0,400.0,0.0,1350.05,1488.79,4530.36,1308.1,776.15,965.3,1147.55
043,DFTS,4419,44,revenu,Autres gains réalisés à partir du patrimoine financier,0,0,0.0,0.0,0.0,0.0,0.0,0.0,0.0,0.0,0.0,0.0,2.8,0.0,38.06,5.8,83.77,123.45,8.37
043,DFTS,4429,44,revenu,Autres revenus de participations,0,0,0.0,0.0,0.0,0.0,0.0,0.0,0.0,0.0,0.0,0.0,500.0,0.0,0.0,0.0,0.0,0.0,0.0
043,DFTS,4440,44,revenu,Réévaluation autres placements financiers PF,0,0,0.0,0.0,0.0,0.0,0.0,0.0,0.0,0.0,0.0,0.0,10.5,-10.5,0.0,23.78,79.68,-103.46,49.5
043,DFTS,4450,44,revenu,Revenus provenant de prêts PA,0,0,0.0,0.0,52000.0,52000.0,52000.0,52000.0,52000.0,52000.0,52000.0,0.0,52922.25,51455.95,49989.75,22417.15,95133.85,72470.35,70807.05
043,DFTS,4510,45,revenu,Prélèvements sur les fin spéciaux sous capital propre,0,0,316600.0,718400.0,807300.0,0.0,0.0,0.0,324500.0,515400.0,1088900.0,5000.0,298744.5,661671.81,0.0,0.0,1031857.3,0.0,0.0
043,DFTS,4610,46,revenu,Dédommagements de la Confédération,0,0,0.0,0.0,96000.0,96000.0,96000.0,96000.0,0.0,0.0,0.0,0.0,33235.7,121984.0,50847.0,55600.0,0.0,68735.0,90000.0
043,DFTS,4612,46,revenu,Dédommagements des communes et associations intercommunales,0,0,360000.0,270000.0,150000.0,150000.0,150000.0,150000.0,150000.0,150000.0,150000.0,53403.0,98745.05,65942.15,58580.2,65356.26,214306.0,255627.25,81267.25
044,DEIEP,3001,30,charge,Paiements aux autorités et juges,0,0,0.0,0.0,0.0,0.0,0.0,0.0,0.0,0.0,0.0,-450.0,0.0,0.0,0.0,0.0,0.0,0.0,0.0
044,DEIEP,3010,30,charge,Salaires du personnel administratif et d'exploitation,0,0,8879200.0,8552700.0,8542100.0,8911800.0,8957600.0,9323300.0,9443900.0,4332100.0,4864500.0,7967451.5,8371154.3,8393169.5,8393697.95,8670920.95,8429353.05,4111403.73,4372701.68
044,DEIEP,3030,30,charge,Travailleurs temporaires,0,0,133200.0,133200.0,178000.0,406500.0,406500.0,1373100.0,1508100.0,2586500.0,2186800.0,210264.4,406222.15,349030.6,1508306.35,2477744.45,2034682.85,2341284.75,2756560.55
044,DEIEP,3049,30,charge,Autres Indemnités,0,0,6000.0,6000.0,6000.0,6000.0,6000.0,6000.0,6000.0,0.0,0.0,3444.5,4291.1,4344.1,4361.25,3967.1,5819.65,492.35,1696.7
044,DEIEP,3050,30,charge,"Cotisations patronales AVS, APG, AC, frais administratifs",0,0,569600.0,579900.0,565000.0,622100.0,611700.0,696700.0,712200.0,444500.0,449800.0,516508.33,555249.87,566769.48,646048.49,724063.74,682243.81,421487.41,465883.8
044,DEIEP,3052,30,charge,Cotisations patronales aux caisses de pension,0,0,1041200.0,1027700.0,1015900.0,1083300.0,1089300.0,1244800.0,1265000.0,794200.0,803400.0,983028.0,1061981.95,1044132.65,1165309.75,1315194.85,1242635.8,760433.33,838820.14
044,DEIEP,3053,30,charge,Cotisations patronales aux assurances-accidents,0,0,11700.0,11800.0,14700.0,16200.0,16300.0,16700.0,17100.0,9600.0,9600.0,10353.96,11139.33,13883.69,15834.64,17621.16,16807.21,10151.04,10341.58
044,DEIEP,3054,30,charge,Cotisations patronales aux caisses d'allocations familiales,0,0,245400.0,246100.0,239000.0,256600.0,258300.0,281800.0,287200.0,172400.0,174100.0,180297.92,242293.74,240946.93,274501.72,306290.8,277613.65,171445.21,181633.1
044,DEIEP,3059,30,charge,Autres cotisations patronales,0,0,6000.0,5800.0,5500.0,6400.0,6200.0,6200.0,6400.0,4400.0,6300.0,4882.98,5304.49,5269.11,5999.11,6687.92,6282.1,3886.73,4293.32
044,DEIEP,3069,30,charge,Prestations de l'employeur - Autres,0,0,0.0,0.0,0.0,0.0,0.0,0.0,0.0,0.0,0.0,0.0,0.0,67976.0,0.0,0.0,0.0,0.0,0.0
044,DEIEP,3090,30,charge,Formation et perfectionnement du propre personnel,0,0,0.0,0.0,0.0,0.0,0.0,0.0,0.0,0.0,0.0,753.0,1266.23,0.0,0.0,0.0,540.0,65.6,8663.4
044,DEIEP,3099,30,charge,Autres charges de personnel,0,0,5100.0,5100.0,5100.0,26100.0,10000.0,10000.0,24000.0,21000.0,21000.0,10375.35,4804.75,4627.15,-939.4,18534.36,21002.76,23589.69,22836.46
044,DEIEP,3100,31,charge,Matériel de bureau,0,0,27500.0,27500.0,27500.0,32500.0,50000.0,35000.0,35000.0,20000.0,20000.0,21666.58,40330.27,56952.02,51073.29,25933.26,52616.14,17574.88,10119.41
044,DEIEP,3101,31,charge,"Matériel d'exploitation, fournitures",0,0,3800.0,3800.0,3800.0,3800.0,6500.0,11500.0,11500.0,500.0,500.0,1408.73,2886.45,3423.64,6906.33,9740.59,9410.35,592.47,216.8
044,DEIEP,3102,31,charge,"Imprimés, publications",0,0,48000.0,48000.0,48000.0,48000.0,27000.0,23000.0,33000.0,21000.0,21000.0,75200.9,30949.22,32874.4,2106.58,13506.69,9222.35,11127.35,33987.45
044,DEIEP,3103,31,charge,"Littérature spécialisée, magazines",0,0,10700.0,10700.0,10700.0,10700.0,9000.0,7500.0,5000.0,3000.0,3000.0,6666.75,7274.47,5418.55,3049.52,3759.6,3882.0,4228.35,3994.51
044,DEIEP,3104,31,charge,Matériel didactique,0,0,0.0,0.0,0.0,0.0,0.0,0.0,0.0,0.0,0.0,332.4,60.6,0.0,0.0,672.99,2050.0,1076.28,92.29
044,DEIEP,3106,31,charge,Matériel médical et de laboratoire,0,0,471500.0,471500.0,471500.0,521500.0,606500.0,686500.0,790000.0,0.0,0.0,446785.06,472992.92,432952.64,540851.18,511211.59,684017.43,0.0,203.95
044,DEIEP,3110,31,charge,Meubles et appareils de bureau,0,0,0.0,0.0,0.0,0.0,13000.0,0.0,0.0,5000.0,5000.0,9746.0,28873.85,6340.15,4649.6,9639.35,111246.98,20603.53,14387.2
044,DEIEP,3111,31,charge,"Machines, appareils et véhicules",0,0,26000.0,26000.0,26000.0,26000.0,10000.0,5000.0,5000.0,0.0,0.0,9308.57,7485.3,2952.45,9220.2,377.55,1226.1,12.05,449.9
044,DEIEP,3112,31,charge,"Vêtements, linge, rideaux",0,0,0.0,0.0,0.0,0.0,0.0,0.0,0.0,0.0,0.0,0.0,0.0,0.0,0.0,249.6,0.0,0.0,0.0
044,DEIEP,3113,31,charge,Matériel informatique,0,0,0.0,0.0,0.0,0.0,0.0,0.0,0.0,0.0,0.0,94.7,0.0,0.0,0.0,81.85,186.75,217.95,0.0
044,DEIEP,3116,31,charge,Appareils médicaux et de laboratoire,0,0,605900.0,519900.0,614900.0,564900.0,629900.0,629900.0,629900.0,0.0,0.0,435489.85,348632.62,610422.1,288212.23,496553.45,635575.4,0.0,0.0
044,DEIEP,3120,31,charge,Alimentation et élimination des biens-fonds PA,0,0,96100.0,96100.0,96100.0,96100.0,99500.0,100000.0,133000.0,41000.0,41000.0,74058.21,72010.12,86273.62,101701.52,87796.3,140644.1,31551.51,28707.35
044,DEIEP,3130,31,charge,Prestations de services de tiers,0,0,430900.0,430700.0,427000.0,401000.0,395000.0,383000.0,383000.0,308000.0,308000.0,297688.1,220847.46,224587.14,269305.65,391221.44,419519.38,300756.61,337918.62
044,DEIEP,3132,31,charge,"Honoraires Conseillers externes, experts, spécialistes, etc.",0,0,1053000.0,1139000.0,1044000.0,1044000.0,1255000.0,1008000.0,1313500.0,1144000.0,884000.0,974999.9,1005764.36,1807434.41,6340007.25,2423057.46,1316010.24,1096829.58,931807.57
044,DEIEP,3133,31,charge,Charges d'utilisations informatiques,0,0,0.0,0.0,0.0,0.0,0.0,0.0,0.0,0.0,30000.0,0.0,0.0,0.0,0.0,0.0,0.0,43341.58,30108.09
044,DEIEP,3134,31,charge,Primes d'assurances choses,0,0,1000.0,1000.0,1000.0,1000.0,1000.0,500.0,1500.0,1000.0,1000.0,0.0,268.46,499.53,406.2,439.86,0.0,0.0,0.0
044,DEIEP,3137,31,charge,Impôts et taxes,0,0,27100.0,27100.0,27100.0,27100.0,31000.0,16000.0,12000.0,2000.0,2000.0,22969.45,28157.09,3585.86,6178.06,30949.16,9740.7,0.0,10558.91
044,DEIEP,3150,31,charge,Entretien de meubles et appareils de bureau,0,0,3500.0,3500.0,3500.0,3500.0,12000.0,10000.0,10000.0,6000.0,6000.0,818.2,625.45,93.75,411.25,480.05,724.65,749.2,432.4
044,DEIEP,3151,31,charge,"Entretien de machines, appareils, véhicules",0,0,211000.0,211000.0,211000.0,211000.0,211000.0,211000.0,211000.0,50000.0,0.0,228347.08,210999.74,194369.18,203525.4,191717.73,223148.37,48853.61,50786.12
044,DEIEP,3156,31,charge,Entretien des appareils médicaux et de laboratoire,0,0,169500.0,169500.0,169500.0,169500.0,219500.0,219500.0,250000.0,0.0,0.0,88397.91,150253.13,102993.18,165590.12,149632.39,230246.09,0.0,0.0
044,DEIEP,3160,31,charge,Loyer et bail à ferme des biens-fonds,0,0,0.0,0.0,0.0,0.0,0.0,0.0,0.0,0.0,60000.0,0.0,0.0,0.0,0.0,0.0,0.0,0.0,0.0
044,DEIEP,3161,31,charge,"Loyers, frais d'utilisation des immobilisations",0,0,69500.0,69500.0,69500.0,69500.0,60000.0,60000.0,60000.0,10000.0,10000.0,57480.73,54591.17,44400.3,45744.65,49582.1,47472.25,5552.3,5143.9
044,DEIEP,3170,31,charge,Dédommagements - Frais de déplacement et autres frais,0,0,273100.0,273100.0,273100.0,273100.0,271400.0,278700.0,297000.0,49000.0,49000.0,233789.8,275827.8,223959.55,221852.25,272896.85,266865.19,34416.34,37500.94
044,DEIEP,3180,31,charge,Réévaluations sur créances,0,0,0.0,0.0,0.0,0.0,0.0,0.0,0.0,0.0,0.0,4520.15,-505965.9,20754.25,-39963.05,5529272.78,-2131940.93,-1482127.15,4558491.5
044,DEIEP,3181,31,charge,Pertes sur créance effectives,0,0,87000.0,87000.0,87000.0,87000.0,87000.0,80000.0,80000.0,50000.0,50000.0,68786.9,71939.25,23636.1,145863.35,460585.65,2281382.71,10336822.3,7575050.36
044,DEIEP,3199,31,charge,Autres charges d'exploitation,0,0,2000.0,2000.0,2000.0,2000.0,4000.0,4000.0,4000.0,3000.0,3000.0,1510.7,1286.45,1810.5,899.55,0.0,0.0,-1.0,0.0
044,DEIEP,3419,34,charge,Autres pertes réalisées à partir du patrimoine financier,0,0,0.0,0.0,0.0,0.0,0.0,0.0,0.0,0.0,0.0,-215.78,627.72,243.14,944.57,824.37,641.35,0.0,0.0
044,DEIEP,3499,34,charge,Autres charges financières,0,0,0.0,0.0,0.0,0.0,0.0,0.0,0.0,0.0,0.0,-766.8,0.8,4.8,99.1,1.55,3.35,0.0,73.1
044,DEIEP,3511,35,charge,Attributions aux fonds sous capital propre,0,0,4000000.0,4000000.0,4000000.0,19000000.0,0.0,0.0,0.0,0.0,0.0,3884922.0,3919916.0,30264444.0,4111903.0,428034.3,0.0,0.0,0.0
044,DEIEP,3602,36,charge,Parts de revenus destinées aux comm/assoc intercommunales,0,0,2700000.0,2700000.0,2700000.0,2700000.0,2800000.0,3050000.0,3250000.0,3250000.0,3250000.0,2726493.25,2895738.25,2815924.6,3173479.65,3318966.45,3257308.05,3254678.1,3378333.8
044,DEIEP,3604,36,charge,Parts de revenus destinées aux entreprises publiques,0,0,0.0,0.0,0.0,0.0,0.0,0.0,0.0,0.0,945000.0,0.0,0.0,0.0,0.0,0.0,0.0,0.0,945177.49
044,DEIEP,3610,36,charge,Dédommagements à la Confédération,0,0,35000.0,35000.0,35000.0,35000.0,35000.0,30000.0,30000.0,0.0,0.0,28628.85,21751.85,31776.3,20383.6,26321.35,9728011.55,14781686.3,7444691.83
044,DEIEP,3632,36,charge,Subventions accordées aux communes et ass intercommunales,0,0,400000.0,2000000.0,2000000.0,1800000.0,670000.0,670000.0,700000.0,700000.0,700000.0,1956101.05,11475.85,307352.5,158217.0,1238822.85,250434.75,115065.25,885305.0
044,DEIEP,3634,36,charge,Subventions accordées aux entreprises publiques,0,0,14074000.0,13525000.0,13525000.0,14225000.0,15614200.0,17024500.0,18747000.0,20868000.0,20818000.0,14269878.6,13316189.65,13108291.2,14692855.5,14859517.2,14601397.0,16695254.75,14921829.0
044,DEIEP,3635,36,charge,Subventions accordées aux entreprises privées,0,0,14175800.0,12623000.0,11601700.0,27301000.0,23921700.0,24322200.0,20523000.0,21581500.0,22481500.0,12419740.6,12311373.45,105754220.89,332460967.89,25420553.8,12759872.58,19019037.23,21693661.33
044,DEIEP,3640,36,charge,Réévaluations des prêts PA,0,0,200000.0,0.0,0.0,0.0,0.0,0.0,0.0,0.0,0.0,-96600.0,-2389500.0,-16250.0,3362085.0,1413950.0,1405500.0,-269550.0,1433820.0
044,DEIEP,3702,37,charge,Subventions redistribuées aux comm et assoc intercommunales,0,0,100000.0,200000.0,200000.0,150000.0,150000.0,150000.0,320000.0,50000.0,50000.0,144612.0,-20723.0,70756.0,6344.0,419740.0,100000.0,118425.0,215758.5
044,DEIEP,3704,37,charge,Subventions redistribuées aux entreprises publiques,0,0,100000.0,100000.0,500000.0,370000.0,420000.0,420000.0,100000.0,125000.0,125000.0,81500.0,0.0,0.0,10250.0,88174.0,0.0,121376.0,456036.0
044,DEIEP,3705,37,charge,Subventions redistribuées aux entreprises privées,0,0,1385000.0,1285000.0,887500.0,980000.0,1000000.0,1000000.0,1250000.0,730000.0,730000.0,739401.55,776229.0,1112965.25,192875509.35,-2999298.05,5149069.47,635941.48,345347.2
044,DEIEP,3910,39,charge,Imput int pour prestations de service,0,0,100000.0,90000.0,95000.0,95000.0,95000.0,90000.0,90000.0,85000.0,85000.0,87736.0,90529.0,92039.1,99607.4,77584.65,90431.15,88781.69,68025.58
044,DEIEP,4120,41,revenu,Concessions,0,0,5400000.0,5500000.0,5500000.0,5500000.0,5600000.0,6100000.0,6500000.0,6500000.0,6500000.0,5547561.7,5871263.35,5789309.15,6317129.5,6969116.3,6631727.05,6187886.4,6801338.6
044,DEIEP,4130,41,revenu,"Parts de revenus à des loteries, Sport-Toto, paris",0,0,20000000.0,20000000.0,20000000.0,19000000.0,0.0,0.0,0.0,0.0,0.0,19943352.43,19743014.13,21325650.95,20559517.0,0.0,0.0,0.0,0.0
044,DEIEP,4210,42,revenu,Emoluments pour actes administratifs,0,0,3389600.0,3627000.0,3327000.0,3797500.0,3667500.0,3850000.0,3850000.0,2200000.0,3145000.0,3412762.05,2769960.05,2947834.25,3144347.62,3629834.96,3930830.63,2391090.25,3336040.49
044,DEIEP,4230,42,revenu,Frais d'écolage,0,0,20000.0,20000.0,20000.0,20000.0,20000.0,20000.0,30000.0,30000.0,30000.0,28314.0,32076.0,20232.0,24426.0,34668.0,36450.0,31536.0,31356.0
044,DEIEP,4250,42,revenu,Ventes,0,0,10000.0,10000.0,10000.0,10000.0,0.0,0.0,0.0,0.0,0.0,8547.0,0.0,6541.5,1113.0,4578.0,10588.0,15220.0,26561.0
044,DEIEP,4260,42,revenu,Remboursements et participations de tiers,0,0,67700.0,67700.0,67700.0,67700.0,67700.0,67700.0,67700.0,64400.0,64400.0,82925.53,31688.73,58405.86,4894666.38,18917924.47,2797840.82,20385611.26,20736678.7
044,DEIEP,4270,42,revenu,Amendes,0,0,0.0,0.0,0.0,0.0,0.0,0.0,0.0,0.0,0.0,0.0,0.0,0.0,0.0,0.0,0.0,0.0,2630.0
044,DEIEP,4309,43,revenu,Autres revenus d'exploitation,0,0,4156000.0,3956000.0,3306000.0,2716000.0,196000.0,196000.0,196000.0,126000.0,171000.0,908144.7,1126348.3,986915.3,165668.68,225388.4,142304.99,266349.3,159466.15
044,DEIEP,4390,43,revenu,Autres revenus,0,0,0.0,0.0,0.0,0.0,0.0,0.0,0.0,0.0,0.0,250.0,0.0,0.0,0.0,0.0,0.0,0.0,0.0
044,DEIEP,4419,44,revenu,Autres gains réalisés à partir du patrimoine financier,0,0,0.0,0.0,0.0,0.0,0.0,0.0,0.0,0.0,0.0,0.0,689.47,574.79,619.1,1584.68,440.36,455.93,252.37
044,DEIEP,4429,44,revenu,Autres revenus de participations,0,0,0.0,0.0,0.0,0.0,0.0,0.0,0.0,0.0,0.0,0.0,194.6,0.0,0.0,0.0,0.0,0.0,0.0
044,DEIEP,4440,44,revenu,Réévaluation autres placements financiers PF,0,0,0.0,0.0,0.0,0.0,0.0,0.0,0.0,0.0,0.0,0.0,0.0,0.0,56.29,-29.03,733.59,0.0,0.0
044,DEIEP,4511,45,revenu,Prélèvements sur les fonds sous capital propre,0,0,1500000.0,1500000.0,1300000.0,14000000.0,14000000.0,16098900.0,15266400.0,20240400.0,20505800.0,587736.0,494250.0,20193360.64,16321941.42,5766731.61,8093741.56,8611353.64,14076375.84
044,DEIEP,4610,46,revenu,Dédommagements de la Confédération,0,0,0.0,0.0,0.0,0.0,0.0,0.0,0.0,0.0,0.0,0.0,0.0,0.0,249874835.2,2280950.0,1928682.9,2412465.7,-101057.07
044,DEIEP,4700,47,revenu,Subventions à redistribuer reçues de la Confédération,0,0,1585000.0,1585000.0,1587500.0,1500000.0,1570000.0,1570000.0,1670000.0,905000.0,905000.0,965513.55,755506.0,1183721.25,192892103.35,-2491384.05,5249069.47,875742.23,1017141.7
045,DICIRH,3010,30,charge,Salaires du personnel administratif et d'exploitation,0,0,11759000.0,11928600.0,8826100.0,9253100.0,9134200.0,3803700.0,4068600.0,3044200.0,2901300.0,10938584.4,8516702.15,8628219.8,7911400.9,8307764.0,3637065.55,2956313.3,3043840.15
045,DICIRH,3030,30,charge,Travailleurs temporaires,0,0,328300.0,320000.0,365000.0,422500.0,411600.0,172400.0,175500.0,269600.0,304600.0,357080.9,300966.65,303451.4,186010.0,367858.05,118883.5,126599.55,135095.75
045,DICIRH,3049,30,charge,Autres Indemnités,0,0,11700.0,11500.0,10400.0,13100.0,18500.0,10600.0,10600.0,9700.0,9700.0,10520.0,9725.35,9808.0,11379.2,13970.8,9220.6,8618.0,8058.95
045,DICIRH,3050,30,charge,"Cotisations patronales AVS, APG, AC, frais administratifs",0,0,763300.0,788600.0,594900.0,644400.0,620200.0,260700.0,278600.0,216400.0,209300.0,714783.25,546909.48,571165.24,525909.05,561971.49,243469.84,199659.75,205037.18
045,DICIRH,3052,30,charge,Cotisations patronales aux caisses de pension,0,0,1387400.0,1359200.0,1050000.0,1099100.0,1077900.0,445700.0,476700.0,369300.0,356800.0,1339261.4,1039774.35,1034222.6,949204.6,1008570.85,454889.15,366985.4,387208.1
045,DICIRH,3053,30,charge,Cotisations patronales aux assurances-accidents,0,0,176900.0,144800.0,20200.0,16600.0,16200.0,6800.0,7100.0,6000.0,5600.0,162111.06,89808.58,104818.27,13671.95,17376.49,5506.66,5676.35,5263.23
045,DICIRH,3054,30,charge,Cotisations patronales aux caisses d'allocations familiales,0,0,332800.0,334800.0,252300.0,265100.0,262100.0,105300.0,112700.0,84000.0,81400.0,250117.41,239565.78,242915.02,223035.85,238251.51,99220.14,81514.9,80321.72
045,DICIRH,3059,30,charge,Autres cotisations patronales,0,0,8200.0,8100.0,6100.0,6400.0,6100.0,2500.0,2600.0,2000.0,3000.0,6821.39,5224.65,5300.26,4864.65,5202.9,2249.22,1847.4,1901.57
045,DICIRH,3090,30,charge,Formation et perfectionnement du personnel,0,0,0.0,0.0,0.0,0.0,0.0,0.0,0.0,0.0,0.0,8000.0,0.0,0.0,0.0,0.0,0.0,0.0,0.0
045,DICIRH,3099,30,charge,Autres charges de personnel,0,0,33200.0,39000.0,40500.0,41200.0,38800.0,35900.0,36500.0,24600.0,24600.0,34588.65,45157.78,24201.7,38939.75,34145.8,20760.49,15606.29,11718.95
045,DICIRH,3100,31,charge,Matériel de bureau,0,0,61000.0,61000.0,43500.0,42800.0,39300.0,27800.0,27800.0,20300.0,20300.0,41116.95,35223.03,25609.7,23848.95,13772.6,13782.76,11659.16,5891.85
045,DICIRH,3101,31,charge,"Matériel d'exploitation, fournitures",0,0,27500.0,27100.0,16000.0,16900.0,16900.0,200.0,400.0,400.0,400.0,16182.0,10119.8,14122.17,11472.33,12185.25,571.94,3.73,105.8
045,DICIRH,3102,31,charge,"Imprimés, publications",0,0,970100.0,902900.0,85800.0,87600.0,34600.0,33900.0,33400.0,18800.0,18800.0,814349.07,71324.5,36881.98,3321.0,9429.55,3649.9,10807.25,8063.85
045,DICIRH,3103,31,charge,"Littérature spécialisée, magazines",0,0,14800.0,14800.0,17200.0,17700.0,12500.0,8500.0,8800.0,6800.0,6800.0,10288.87,11397.81,10890.76,7279.75,8055.75,7815.95,5604.66,5847.0
045,DICIRH,3104,31,charge,Matériel didactique,0,0,19000.0,19000.0,20000.0,20000.0,20000.0,2000.0,2000.0,2000.0,2000.0,16986.63,16286.75,9295.88,10982.72,6241.31,350.22,1846.36,638.15
045,DICIRH,3105,31,charge,Denrées alimentaires,0,0,285500.0,312000.0,302000.0,299500.0,299500.0,0.0,0.0,0.0,0.0,233398.3,243392.15,227067.1,258119.15,257057.55,0.0,0.0,0.0
045,DICIRH,3106,31,charge,Matériel médical et de laboratoire,0,0,9000.0,9000.0,10000.0,11100.0,11100.0,1000.0,1000.0,1000.0,0.0,18507.05,7135.95,34817.35,9558.28,8924.05,0.0,0.0,0.0
045,DICIRH,3110,31,charge,Meubles et appareils de bureau,0,0,45000.0,20000.0,10000.0,14200.0,24400.0,0.0,10000.0,5000.0,5500.0,20936.65,355279.3,30356.9,34618.16,49736.08,9512.58,1824.0,753.3
045,DICIRH,3111,31,charge,"Machines, appareils et véhicules",0,0,73500.0,50500.0,8500.0,8500.0,10800.0,1500.0,1500.0,1100.0,1600.0,20012.3,17112.65,2483.75,12454.78,10182.13,0.0,1190.55,1644.1
045,DICIRH,3112,31,charge,"Vêtements, linge, rideaux",0,0,9000.0,9000.0,4800.0,4800.0,4800.0,0.0,0.0,0.0,0.0,4180.7,4097.15,3099.58,1867.35,1269.8,0.0,0.0,0.0
045,DICIRH,3113,31,charge,Matériel informatique,0,0,0.0,0.0,0.0,0.0,0.0,2000.0,2000.0,2000.0,2000.0,0.0,0.0,0.0,0.0,2436.65,422.25,73.2,403.68
045,DICIRH,3120,31,charge,Alimentation et élimination des biens-fonds PA,0,0,34700.0,34700.0,24700.0,23300.0,23400.0,1300.0,1300.0,1000.0,1000.0,28887.9,24406.7,11717.6,16632.62,17168.87,736.7,695.8,529.65
045,DICIRH,3130,31,charge,Prestations de services de tiers,0,0,495100.0,528800.0,564600.0,615000.0,452100.0,179800.0,208000.0,204000.0,204000.0,413607.88,331302.04,323237.98,380430.44,245982.6,136321.92,132020.97,162074.81
045,DICIRH,3132,31,charge,"Honoraires Conseillers externes, experts, spécialistes, etc.",0,0,483700.0,484500.0,457400.0,429300.0,98500.0,159000.0,179000.0,102500.0,102500.0,411954.74,357594.12,381115.52,142352.22,47305.55,40578.9,130733.25,122474.6
045,DICIRH,3134,31,charge,Primes d'assurances choses,0,0,5000.0,5000.0,2500.0,1200.0,800.0,800.0,800.0,800.0,0.0,2917.59,1546.38,523.3,439.99,521.32,0.0,0.0,0.0
045,DICIRH,3137,31,charge,Impôts et taxes,0,0,90000.0,90000.0,0.0,0.0,0.0,0.0,0.0,0.0,0.0,72924.25,0.0,785.05,0.0,0.0,0.0,0.0,0.0
045,DICIRH,3140,31,charge,Entretien des terrains,0,0,3800.0,3800.0,4800.0,6800.0,6800.0,0.0,0.0,0.0,0.0,895.1,2380.85,4923.15,7095.85,9194.4,0.0,0.0,0.0
045,DICIRH,3150,31,charge,Entretien de meubles et appareils de bureau,0,0,12900.0,22900.0,13700.0,14700.0,13700.0,8400.0,8400.0,5000.0,5800.0,6952.23,6294.15,3796.91,2085.15,11688.96,3277.68,1054.15,965.15
045,DICIRH,3151,31,charge,"Entretien de machines, appareils, véhicules",0,0,22500.0,22500.0,8000.0,8500.0,9200.0,0.0,0.0,0.0,0.0,14559.4,14203.0,7071.95,7307.56,2814.25,0.0,0.0,0.0
045,DICIRH,3160,31,charge,Loyer et bail à ferme des biens-fonds,0,0,356100.0,610100.0,662700.0,715000.0,669700.0,87600.0,80800.0,21500.0,21500.0,278898.2,417500.45,651799.7,616039.65,637487.7,76020.0,16756.0,22143.7
045,DICIRH,3161,31,charge,"Loyers, frais d'utilisation des immobilisations",0,0,102300.0,98900.0,52700.0,52200.0,45500.0,31800.0,31800.0,27500.0,27500.0,61928.56,36098.68,32070.71,29179.86,33970.22,19682.61,19916.18,15571.87
045,DICIRH,3169,31,charge,Autres loyers et frais d'utilisation,0,0,30900.0,30900.0,0.0,0.0,0.0,0.0,0.0,0.0,0.0,0.0,0.0,0.0,0.0,0.0,0.0,0.0,0.0
045,DICIRH,3170,31,charge,Dédommagements - Frais de déplacement et autres frais,0,0,62200.0,66000.0,50100.0,48400.0,43200.0,19600.0,19600.0,16100.0,16100.0,50541.75,33762.4,21648.6,20837.4,37508.8,13705.95,13394.92,9954.67
045,DICIRH,3171,31,charge,"Dédommagements - Excursions, voyages scolaires et camps",0,0,3800.0,3800.0,3300.0,3300.0,3300.0,0.0,0.0,0.0,0.0,2145.75,1488.05,309.5,1422.6,1773.6,0.0,0.0,0.0
045,DICIRH,3180,31,charge,Réévaluations sur créances,0,0,0.0,0.0,0.0,0.0,0.0,0.0,0.0,0.0,0.0,19552.65,-2968.2,2777.55,-539.7,-3466.8,0.0,0.0,0.0
045,DICIRH,3181,31,charge,Pertes sur créance effectives,0,0,12000.0,12000.0,0.0,0.0,0.0,0.0,0.0,0.0,0.0,8212.25,0.0,0.0,0.0,3620.45,0.0,0.0,0.0
045,DICIRH,3199,31,charge,Autres charges d'exploitation,0,0,3600.0,3600.0,2900.0,2900.0,3900.0,3500.0,3500.0,3500.0,3500.0,4821.85,1687.2,2951.65,3331.15,3154.45,3160.0,3020.0,2740.0
045,DICIRH,3419,34,charge,Autres pertes réalisées à partir du patrimoine financier,0,0,0.0,0.0,0.0,0.0,0.0,0.0,0.0,0.0,0.0,2.88,0.0,0.0,0.0,1.28,1.16,0.0,0.0
045,DICIRH,3440,34,charge,Réévaluations des placements financiers PF,0,0,0.0,0.0,0.0,0.0,0.0,0.0,0.0,0.0,0.0,0.0,0.0,0.0,0.0,0.0,13.79,-10.36,2.88
045,DICIRH,3499,34,charge,Autres charges financières,0,0,0.0,0.0,0.0,0.0,0.0,0.0,2500.0,2500.0,2500.0,-35.97,2.31,9.2,2.9,0.0,0.0,0.0,51.86
045,DICIRH,3634,36,charge,Subventions accordées aux entreprises publiques,0,0,0.0,0.0,15000.0,15000.0,0.0,0.0,0.0,0.0,0.0,0.0,10000.0,13820.0,0.0,0.0,0.0,0.0,0.0
045,DICIRH,3635,36,charge,Subventions accordées aux entreprises privées,0,0,0.0,0.0,0.0,0.0,0.0,0.0,0.0,0.0,0.0,0.0,0.0,4600000.0,0.0,0.0,0.0,0.0,0.0
045,DICIRH,3636,36,charge,Subventions accordées aux org privées à but non lucratif,0,0,48360000.0,56360000.0,64285000.0,69775000.0,81561600.0,50000.0,50000.0,50000.0,50000.0,42300000.0,48462693.5,79139791.64,69995061.09,76540840.0,50000.0,50000.0,50000.0
045,DICIRH,4210,42,revenu,Emoluments pour actes administratifs,0,0,3935200.0,3935200.0,0.0,0.0,0.0,0.0,0.0,0.0,0.0,4077069.0,0.0,0.0,0.0,0.0,0.0,0.0,0.0
045,DICIRH,4240,42,revenu,Taxes d'utilisation et prestations de service,0,0,1240000.0,1239000.0,0.0,0.0,0.0,0.0,0.0,0.0,0.0,1220886.45,0.0,6000.0,0.0,0.0,0.0,0.0,0.0
045,DICIRH,4250,42,revenu,Ventes,0,0,0.0,0.0,4100.0,3900.0,0.0,0.0,0.0,0.0,0.0,0.0,5623.5,26299.3,-90.05,0.0,0.0,0.0,0.0
045,DICIRH,4260,42,revenu,Remboursements et participations de tiers,0,0,7400.0,10200.0,18500.0,18500.0,8100.0,2100.0,12100.0,11800.0,11800.0,97337.85,20796.3,13872.6,8970.5,7330.0,8092.15,20498.1,11075.1
045,DICIRH,4309,43,revenu,Autres revenus d'exploitation,0,0,1475200.0,1361700.0,1372000.0,1366000.0,1360000.0,0.0,0.0,0.0,0.0,1252000.0,1317804.75,1251550.15,1493972.85,1437620.75,0.0,0.0,0.0
045,DICIRH,4401,44,revenu,Intérêts des créances et comptes courants,0,0,400.0,400.0,0.0,0.0,0.0,0.0,0.0,0.0,0.0,287.92,117.55,0.0,0.0,0.0,0.0,0.0,0.0
045,DICIRH,4419,44,revenu,Autres gains réalisés à partir du patrimoine financier,0,0,0.0,0.0,0.0,0.0,0.0,0.0,0.0,0.0,0.0,0.0,0.0,0.0,0.0,0.0,5.95,0.0,0.0
045,DICIRH,4429,44,revenu,Autres revenus de participations,0,0,0.0,0.0,0.0,0.0,0.0,0.0,0.0,0.0,0.0,0.0,2500.0,0.0,0.0,0.0,0.0,0.0,0.0
045,DICIRH,4610,46,revenu,Dédommagements de la Confédération,0,0,96000.0,96000.0,0.0,0.0,0.0,0.0,0.0,0.0,0.0,100764.5,0.0,4175865.0,5843945.5,0.0,0.0,0.0,0.0
045,DICIRH,4630,46,revenu,Subventions de la Confédération,0,0,0.0,0.0,60000.0,24000.0,0.0,0.0,0.0,0.0,0.0,0.0,6900.0,18194.13,0.0,0.0,0.0,0.0,0.0
045,DICIRH,4634,46,revenu,Subventions des entreprises publiques,0,0,1175000.0,1236500.0,1236500.0,1236500.0,1236500.0,0.0,0.0,0.0,0.0,960987.0,1315855.4,1334139.75,1111806.55,1047272.7,0.0,0.0,0.0
045,DICIRH,4636,46,revenu,Subventions des organisations privées à but non lucratif,0,0,1005000.0,1129000.0,1182000.0,1146600.0,1136600.0,0.0,0.0,0.0,0.0,974538.0,1069880.0,1218346.25,1156052.0,1204536.6,0.0,0.0,0.0
046,DICIRH,3010,30,charge,Salaires du personnel administratif et d'exploitation,0,0,46016500.0,45885000.0,46386600.0,47505900.0,48379100.0,48551000.0,49200700.0,51843800.0,53206000.0,44161194.45,44501354.85,44592946.6,44718948.8,44553875.55,45441695.85,47997722.13,49290293.55
046,DICIRH,3030,30,charge,Travailleurs temporaires,0,0,333300.0,333300.0,465800.0,473600.0,298600.0,354300.0,477100.0,387100.0,352100.0,616177.05,620135.95,490926.05,630437.05,653582.75,809152.2,1223200.9,1226846.6
046,DICIRH,3049,30,charge,Autres Indemnités,0,0,1252600.0,1252600.0,1252600.0,1252600.0,1284500.0,1284500.0,1284500.0,1284500.0,1284500.0,1107772.15,1140191.9,1182970.9,1284210.65,1253787.55,1259395.9,1259442.22,1275360.03
046,DICIRH,3050,30,charge,"Cotisations patronales AVS, APG, AC, frais administratifs",0,0,2959600.0,3021100.0,3070300.0,3205800.0,3208700.0,3242900.0,3302400.0,3462400.0,3672500.0,2933338.22,2896329.63,2963078.63,3012233.65,3018481.76,3095219.06,3283839.51,3389516.55
046,DICIRH,3052,30,charge,Cotisations patronales aux caisses de pension,0,0,5373400.0,5344500.0,5511700.0,5615600.0,5740100.0,5761300.0,5837200.0,6138100.0,6298800.0,5329195.65,5335165.3,5342358.3,5381308.5,5360552.1,5478621.55,5868555.3,6063320.2
046,DICIRH,3053,30,charge,Cotisations patronales aux assurances-accidents,0,0,682300.0,554600.0,624500.0,651600.0,422300.0,398600.0,400200.0,395800.0,339300.0,666951.59,532738.26,593151.97,638192.65,407218.21,382616.14,394085.01,379869.59
046,DICIRH,3054,30,charge,Cotisations patronales aux caisses d'allocations familiales,0,0,1286000.0,1281500.0,1299700.0,1334700.0,1354300.0,1305100.0,1288200.0,1343800.0,1376700.0,1023540.66,1261652.83,1272152.03,1284007.43,1279586.04,1262972.7,1330212.03,1279513.01
046,DICIRH,3055,30,charge,Cotisations patronales aux ass indem journalière maladie,0,0,0.0,0.0,0.0,0.0,0.0,0.0,0.0,0.0,0.0,0.0,741.7,0.0,0.0,0.0,0.0,0.0,0.0
046,DICIRH,3059,30,charge,Autres cotisations patronales,0,0,28400.0,28100.0,28400.0,29300.0,29600.0,35900.0,80600.0,31700.0,49300.0,27904.81,27567.79,27775.09,28066.11,27958.52,28650.37,30354.63,31151.95
046,DICIRH,3090,30,charge,Formation et perfectionnement du propre personnel,0,0,100000.0,0.0,0.0,0.0,0.0,0.0,0.0,0.0,0.0,54403.32,6710.0,0.0,0.0,386.0,-386.0,0.0,200.0
046,DICIRH,3099,30,charge,Autres charges de personnel,0,0,151700.0,152700.0,152700.0,152700.0,152700.0,152700.0,152700.0,152700.0,152700.0,134194.76,145137.24,97455.22,113886.49,123866.79,219175.3,120922.93,106749.82
046,DICIRH,3100,31,charge,Matériel de bureau,0,0,80000.0,69800.0,69800.0,69800.0,90800.0,89100.0,115600.0,87600.0,71600.0,76249.52,82907.58,62371.06,76968.73,33085.02,51452.21,46098.68,39743.25
046,DICIRH,3101,31,charge,"Matériel d'exploitation, fournitures",0,0,2466000.0,1706500.0,1870700.0,1864900.0,1864900.0,1865900.0,2015900.0,2001700.0,2001700.0,2517591.6,2084558.2,1498886.18,1951163.84,2039433.68,2040189.82,1895101.49,2095649.6
046,DICIRH,3102,31,charge,"Imprimés, publications",0,0,106000.0,102800.0,102800.0,102800.0,102800.0,102800.0,163800.0,102800.0,102800.0,154017.25,134707.5,60426.86,68134.8,70247.29,83106.2,64741.07,81848.87
046,DICIRH,3103,31,charge,"Littérature spécialisée, magazines",0,0,39000.0,36300.0,36300.0,36300.0,36300.0,36300.0,36300.0,36300.0,36300.0,31252.99,32699.29,33419.19,34577.55,19925.78,24318.1,29404.54,28727.8
046,DICIRH,3104,31,charge,Matériel didactique,0,0,0.0,0.0,0.0,0.0,0.0,500.0,500.0,500.0,500.0,0.0,0.0,0.0,0.0,140.7,234.74,113.72,259.33
046,DICIRH,3106,31,charge,Matériel médical et de laboratoire,0,0,0.0,0.0,0.0,0.0,0.0,200.0,200.0,200.0,200.0,0.0,0.0,0.0,0.0,84.0,0.0,71.4,0.0
046,DICIRH,3109,31,charge,Autres charges de matériel et de marchandises,0,0,0.0,0.0,0.0,0.0,0.0,0.0,0.0,0.0,0.0,0.61,0.73,1.84,12248.37,10720.03,7905.68,6419.48,2024.27
046,DICIRH,3110,31,charge,Meubles et appareils de bureau,0,0,0.0,0.0,0.0,0.0,0.0,0.0,55000.0,55000.0,55000.0,0.0,35547.45,35000.0,34129.1,34157.23,48034.18,54863.79,91214.09
046,DICIRH,3111,31,charge,"Machines, appareils et véhicules",0,0,264000.0,228000.0,228000.0,228000.0,228000.0,228000.0,288000.0,288000.0,288000.0,259195.49,238141.44,297963.48,230355.49,264243.51,353039.92,241426.24,224996.24
046,DICIRH,3112,31,charge,"Vêtements, linge, rideaux",0,0,700700.0,700700.0,680700.0,680700.0,680700.0,680200.0,580200.0,580200.0,580200.0,752176.6,656732.95,454475.02,455372.22,372718.24,395872.77,530197.33,580193.91
046,DICIRH,3113,31,charge,Matériel informatique,0,0,0.0,0.0,0.0,0.0,0.0,500.0,4000.0,4000.0,4000.0,0.0,0.0,0.0,0.0,47.25,3308.55,294.8,12054.8
046,DICIRH,3120,31,charge,Alimentation et élimination des biens-fonds PA,0,0,2361800.0,1201900.0,1554000.0,1554000.0,1554000.0,1467000.0,1557000.0,1571200.0,1519200.0,2744939.93,1986822.7,1002849.28,1217912.51,1366437.9,1551400.06,1368828.19,1232546.46
046,DICIRH,3130,31,charge,Prestations de services de tiers,0,0,699500.0,517300.0,639500.0,679500.0,679500.0,679500.0,668500.0,589700.0,643900.0,667101.23,775503.64,460740.02,627272.83,510130.19,496426.38,531173.7,558041.86
046,DICIRH,3131,31,charge,Planifications et projections de tiers,0,0,100000.0,100000.0,100000.0,100000.0,100000.0,100000.0,100000.0,100000.0,100000.0,1530.0,0.0,0.0,0.0,0.0,0.0,0.0,0.0
046,DICIRH,3132,31,charge,"Honoraires Conseillers externes, experts, spécialistes, etc.",0,0,1123700.0,1206200.0,1206200.0,1206200.0,1326200.0,1193600.0,1193600.0,1193600.0,1193600.0,1897544.73,1229896.68,1085428.05,1071895.33,1165243.17,1486936.72,1735935.64,1117449.65
046,DICIRH,3134,31,charge,Primes d'assurances choses,0,0,138000.0,29000.0,49000.0,65000.0,65000.0,65000.0,65000.0,65000.0,65000.0,76148.13,121853.51,64566.38,57072.64,64938.86,49743.16,47735.01,42158.86
046,DICIRH,3137,31,charge,Impôts et taxes,0,0,1449000.0,222000.0,222000.0,222000.0,222000.0,222000.0,222000.0,222000.0,242000.0,1077784.58,307845.81,240117.6,232196.01,175311.19,164792.7,345266.25,162980.41
046,DICIRH,3141,31,charge,Entretien des routes,0,0,37154500.0,33376300.0,29566400.0,29821600.0,30409000.0,30258600.0,30683600.0,32669600.0,28269600.0,46182264.99,47189478.39,34655194.84,35280057.27,30897774.38,34277132.69,34318223.42,30794497.7
046,DICIRH,3150,31,charge,Entretien de meubles et appareils de bureau,0,0,15000.0,15000.0,15000.0,15000.0,15000.0,15000.0,15000.0,15000.0,15000.0,14577.15,16579.25,3755.35,9833.1,1673.84,955.84,2368.65,373.9
046,DICIRH,3151,31,charge,"Entretien de machines, appareils, véhicules",0,0,451300.0,423300.0,423300.0,423300.0,723300.0,723300.0,793300.0,793300.0,793300.0,364786.69,325912.54,327784.04,518965.41,369782.01,446734.05,564236.46,502387.02
046,DICIRH,3160,31,charge,Loyer et bail à ferme des biens-fonds,0,0,103100.0,103100.0,102500.0,108300.0,108300.0,101000.0,125100.0,125000.0,133300.0,137906.59,118829.9,110152.0,107815.7,108714.95,101801.7,123095.0,125617.55
046,DICIRH,3161,31,charge,"Loyers, frais d'utilisation des immobilisations",0,0,162000.0,150500.0,150500.0,150500.0,150500.0,150500.0,150500.0,150500.0,150500.0,129191.3,138211.61,93310.52,122013.01,95545.81,86571.79,88495.97,99815.61
046,DICIRH,3170,31,charge,Dédommagements - Frais de déplacement et autres frais,0,0,1823200.0,1783200.0,1765100.0,1725100.0,1725100.0,1725100.0,1675100.0,1675100.0,1650100.0,1809192.8,1770067.45,1479137.99,1569723.25,1584236.38,1591274.29,1511385.0,1525305.85
046,DICIRH,3180,31,charge,Réévaluations sur créances,0,0,0.0,0.0,0.0,0.0,0.0,0.0,0.0,0.0,0.0,80492.33,-23893.37,-3972.55,-43364.85,212549.8,-114370.94,-76896.56,73592.32
046,DICIRH,3181,31,charge,Pertes sur créance effectives,0,0,10000.0,10000.0,10000.0,10000.0,10000.0,10000.0,10000.0,10000.0,10000.0,12234.0,5812.6,2899.7,0.0,416.5,60285.25,27934.96,29048.69
046,DICIRH,3199,31,charge,Autres charges d'exploitation,0,0,2000.0,2000.0,2000.0,2000.0,2000.0,2000.0,2000.0,2000.0,2000.0,0.0,407.55,1056.95,709.2,572.35,1049.25,1735.7,661.3
046,DICIRH,3300,33,charge,Amortissements planifiés immobilisations corporelles PA,0,0,8538200.0,7032900.0,7054000.0,8144900.0,8144900.0,6500000.0,7000000.0,7500000.0,8187500.0,8554417.76,7387298.22,6255923.45,5922917.4,6272002.82,6724346.0,6132846.64,5739474.92
046,DICIRH,3301,33,charge,Amortissements non planifiés immobilisations corporelles PA,0,0,30000.0,30000.0,30000.0,30000.0,30000.0,30000.0,30000.0,30000.0,30000.0,0.0,490200.0,0.0,0.0,6000.0,0.0,0.0,40685.9
046,DICIRH,3400,34,charge,Intérêts passifs des engagements courants,0,0,0.0,0.0,0.0,0.0,0.0,0.0,0.0,0.0,0.0,0.0,0.0,0.0,142.15,0.0,0.0,0.0,0.0
046,DICIRH,3419,34,charge,Autres pertes réalisées à partir du patrimoine financier,0,0,0.0,0.0,0.0,0.0,0.0,0.0,0.0,0.0,0.0,-1209.27,1773.57,17726.38,2280.06,67046.19,361.87,44900.42,681.94
046,DICIRH,3499,34,charge,Autres charges financières,0,0,0.0,0.0,0.0,0.0,0.0,0.0,0.0,0.0,0.0,-272.61,-2.16,1.01,8.64,49.46,32.61,2.91,0.71
046,DICIRH,3510,35,charge,Attributions aux financements spéciaux sous capital propre,0,0,1200000.0,1200000.0,1200000.0,1200000.0,500000.0,100000.0,100000.0,100000.0,100000.0,1138767.45,885797.75,276988.25,132618.7,46251.15,23656.2,319003.14,16089.75
046,DICIRH,3612,36,charge,Dédommagements aux communes et associations intercommunales,0,0,325000.0,325000.0,325000.0,325000.0,625000.0,625000.0,0.0,0.0,0.0,325000.0,324937.9,306153.35,325000.0,27972.4,0.0,0.0,0.0
046,DICIRH,3630,36,charge,Subventions à la Confédération,0,0,33340000.0,35300000.0,35191000.0,34157000.0,36910000.0,36910000.0,44510000.0,45615000.0,48115000.0,30862170.0,33140180.0,33584320.0,34835600.0,36356410.0,40400570.0,41520930.0,43905800.0
046,DICIRH,3632,36,charge,Subventions accordées aux communes et ass intercommunales,0,0,510000.0,1450000.0,7050000.0,7120000.0,7110000.0,7018000.0,6818000.0,1815000.0,1654000.0,552700.0,505000.0,875000.0,6546462.0,6162730.7,6545405.0,6495990.0,5002024.0
046,DICIRH,3635,36,charge,Subventions accordées aux entreprises privées,0,0,198641000.0,202367000.0,203923000.0,205977000.0,215002000.0,254442000.0,280042000.0,296601000.0,307919000.0,190234651.87,185243726.43,228530368.07,245591417.11,230195479.48,254506530.3,244341590.18,266489718.36
046,DICIRH,3636,36,charge,Subventions accordées aux org privées à but non lucratif,0,0,374000.0,371000.0,476000.0,466000.0,451000.0,543000.0,543000.0,487000.0,449000.0,306892.0,350407.5,335334.5,345442.1,403446.4,438371.0,459065.5,452629.0
046,DICIRH,3640,36,charge,"Réévaluations, prêts PA",0,0,0.0,0.0,0.0,0.0,0.0,0.0,0.0,0.0,0.0,12651265.25,0.0,0.0,0.0,0.0,0.0,0.0,0.0
046,DICIRH,3650,36,charge,"Réévaluations, participations PA",0,0,0.0,0.0,0.0,0.0,0.0,0.0,0.0,0.0,0.0,0.0,3964000.0,0.0,0.0,0.0,0.0,0.0,0.0
046,DICIRH,3660,36,charge,Amortissements planifiés des subventions d'investissement,0,0,5972000.0,4064000.0,4174300.0,4494000.0,5907000.0,5907000.0,11807000.0,13307000.0,17307000.0,3683336.0,4414829.65,3676380.0,4567096.0,5657731.0,7268037.0,9793831.0,11032434.0
046,DICIRH,3702,37,charge,Subventions redistribuées aux comm et assoc intercommunales,0,0,500000.0,500000.0,500000.0,500000.0,500000.0,500000.0,500000.0,500000.0,500000.0,5577653.61,4667043.3,4798799.18,4476823.4,4721309.81,3921246.35,5574846.29,4746516.02
046,DICIRH,3705,37,charge,Subventions redistribuées aux entreprises privées,0,0,0.0,0.0,2392000.0,2392000.0,2392000.0,4492000.0,6992000.0,7692000.0,7692000.0,293451.0,597954.0,2229215.9,2311950.94,3779880.68,4011887.38,4548688.34,6022842.4
046,DICIRH,3910,39,charge,Imput int pour prestations de service,0,0,983500.0,212500.0,212500.0,227000.0,285300.0,272500.0,292500.0,302500.0,322500.0,817683.6,231800.0,220300.0,257850.0,259400.0,289500.0,295300.0,296300.0
046,DICIRH,3920,39,charge,"Imput int pour bail à ferme, loyers, frais d'utilisation",0,0,27900.0,41800.0,41800.0,49300.0,64400.0,54800.0,60800.0,0.0,0.0,31270.0,38710.0,38710.0,46400.0,54290.0,56330.0,54450.0,4530.0
046,DICIRH,3990,39,charge,Autres imputations internes,0,0,31000.0,31000.0,31000.0,8000.0,0.0,0.0,0.0,0.0,0.0,30132.0,8000.0,8000.0,0.0,0.0,0.0,0.0,0.0
046,DICIRH,4210,42,revenu,Emoluments pour actes administratifs,0,0,385100.0,358900.0,358900.0,358900.0,358900.0,358900.0,358900.0,358900.0,358900.0,433283.15,423139.25,387574.05,387759.15,592143.2,578216.45,807368.35,1406876.25
046,DICIRH,4230,42,revenu,Frais d'écolage,0,0,0.0,0.0,0.0,0.0,0.0,0.0,0.0,0.0,0.0,0.0,0.0,4150.0,5895.0,0.0,0.0,0.0,0.0
046,DICIRH,4250,42,revenu,Ventes,0,0,29800.0,29800.0,16600.0,0.0,0.0,0.0,0.0,0.0,750000.0,11972.88,23555.19,44315.05,19206.65,24339.15,58135.7,13545.8,4729.6
046,DICIRH,4260,42,revenu,Remboursements et participations de tiers,0,0,3801000.0,746100.0,746100.0,746100.0,746100.0,746100.0,746100.0,746100.0,746100.0,3523365.99,111680.02,771012.63,732158.89,703326.06,1063678.39,1046529.07,1088649.16
046,DICIRH,4309,43,revenu,Autres revenus d'exploitation,0,0,3067000.0,21302800.0,20951300.0,21793600.0,20680300.0,20667900.0,20938400.0,21396500.0,21259500.0,3177445.99,29625883.65,18091573.96,19272016.01,18066776.13,17791443.65,18205824.12,17919278.99
046,DICIRH,4329,43,revenu,Autres variations de stocks,0,0,0.0,0.0,0.0,0.0,0.0,0.0,0.0,0.0,0.0,0.0,0.0,1.28,4929.75,8934.15,11176.94,1755.54,4559.22
046,DICIRH,4390,43,revenu,Autres revenus,0,0,0.0,0.0,0.0,0.0,0.0,0.0,0.0,0.0,0.0,0.0,100.0,0.0,0.0,878.4,3208.0,108012.6,10158.0
046,DICIRH,4401,44,revenu,Intérêts des créances et comptes courants,0,0,0.0,0.0,0.0,0.0,0.0,0.0,0.0,0.0,0.0,671.0,0.0,0.0,0.0,0.0,0.0,0.0,0.0
046,DICIRH,4411,44,revenu,Gains provenant des ventes des immo corp et incorp PF,0,0,0.0,0.0,0.0,22000.0,22000.0,20500.0,20500.0,20500.0,20500.0,0.0,0.0,0.0,11475.28,13506.5,18654.83,29940.34,42518.77
046,DICIRH,4419,44,revenu,Autres gains réalisés à partir du patrimoine financier,0,0,0.0,0.0,0.0,0.0,0.0,0.0,0.0,0.0,0.0,0.0,4761.77,8487.63,4615.83,82105.98,28327.67,54774.77,9950.75
046,DICIRH,4429,44,revenu,Autres revenus de participations,0,0,0.0,0.0,0.0,0.0,0.0,0.0,0.0,0.0,0.0,0.0,1200.0,0.0,0.0,0.0,0.0,0.0,0.0
046,DICIRH,4440,44,revenu,Réévaluation autres placements financiers PF,0,0,0.0,0.0,0.0,0.0,0.0,0.0,0.0,0.0,0.0,0.0,1103.98,11319.48,-11458.7,-842.26,638.55,-542.76,3861.22
046,DICIRH,4461,44,revenu,Revenus financiers d'entreprises publiques et cantons,0,0,0.0,0.0,690000.0,690000.0,690000.0,690000.0,690000.0,690000.0,690000.0,0.0,0.0,686532.0,1701735.2,682856.0,682856.0,711271.0,1528458.0
046,DICIRH,4470,44,revenu,Loyers et fermages des biens-fonds PA,0,0,4790000.0,5240000.0,5240000.0,5240000.0,5240000.0,5240000.0,5240000.0,5240000.0,5240000.0,5368845.3,5569931.45,5103762.95,5313099.65,5836149.1,5770726.65,5815363.25,5450468.4
046,DICIRH,4490,44,revenu,Réévaluations PA,0,0,0.0,0.0,0.0,0.0,0.0,0.0,0.0,0.0,0.0,0.0,2652531.7,0.0,0.0,0.0,0.0,0.0,0.0
046,DICIRH,4600,46,revenu,Part aux revenus de la Confédération,0,0,27749900.0,30393300.0,38585000.0,34720900.0,33330600.0,31958600.0,31832700.0,31427000.0,28527400.0,35593434.62,31664558.6,34271891.0,34386456.0,33347443.0,32638517.0,32446282.0,32297420.0
046,DICIRH,4610,46,revenu,Dédommagements de la Confédération,0,0,30000.0,400000.0,400000.0,400000.0,400000.0,400000.0,400000.0,400000.0,400000.0,469253.38,378779.93,231280.51,501597.87,110424.51,416550.07,817458.89,310116.93
046,DICIRH,4611,46,revenu,Dédommagements des cantons et des concordats,0,0,490000.0,0.0,0.0,0.0,0.0,0.0,0.0,0.0,0.0,467758.75,0.0,0.0,96350.85,0.0,0.0,0.0,0.0
046,DICIRH,4630,46,revenu,Subventions de la Confédération,0,0,23786400.0,0.0,0.0,0.0,0.0,0.0,0.0,0.0,0.0,34066288.33,-980503.48,0.0,0.0,0.0,0.0,0.0,0.0
046,DICIRH,4631,46,revenu,Subventions des cantons et des concordats,0,0,0.0,0.0,0.0,0.0,0.0,0.0,0.0,0.0,0.0,0.0,0.0,38938.6,0.0,135155.0,0.0,32146.5,67604.51
046,DICIRH,4632,46,revenu,Subventions des communes et des associations intercommunales,0,0,63241000.0,65078000.0,65274000.0,65598000.0,69124000.0,83469000.0,91299000.0,98981000.0,104636000.0,60242450.5,59091205.5,61772559.9,67059962.2,74261750.85,83298260.05,82442766.45,91638955.45
046,DICIRH,4700,47,revenu,Subventions à redistribuer reçues de la Confédération,0,0,500000.0,500000.0,500000.0,500000.0,500000.0,500000.0,500000.0,500000.0,500000.0,5871104.61,5264997.3,4798799.18,4476823.4,4721309.81,3921246.35,5631846.29,4818858.02
046,DICIRH,4708,47,revenu,Subventions à redistribuer reçues de l'étranger,0,0,0.0,0.0,2392000.0,2392000.0,2392000.0,4492000.0,6992000.0,7692000.0,7692000.0,0.0,0.0,2229215.9,2311950.94,3779880.68,4011887.38,4491688.34,5950500.4
046,DICIRH,4910,49,revenu,Imput int pour prestations de service,0,0,689000.0,0.0,0.0,0.0,0.0,0.0,0.0,0.0,0.0,535323.6,0.0,0.0,0.0,0.0,0.0,0.0,0.0
047,DADN,3010,30,charge,Salaires du personnel administratif et d'exploitation,0,0,47979300.0,49200500.0,51760500.0,55387500.0,56580000.0,57765100.0,58772700.0,59596000.0,60793100.0,46671620.2,46463028.85,49338429.85,52641868.65,54809810.05,56540570.6,58336557.2,59260248.9
047,DADN,3030,30,charge,Travailleurs temporaires,0,0,244200.0,244200.0,463800.0,596800.0,584900.0,602300.0,606400.0,618400.0,622100.0,229276.35,344284.6,370906.65,692680.4,586888.35,626986.3,601026.2,565920.95
047,DADN,3049,30,charge,Autres Indemnités,0,0,430000.0,430000.0,430000.0,430000.0,550000.0,550000.0,510000.0,510000.0,510000.0,416135.2,454308.85,455810.6,486752.75,502925.6,479438.4,468354.6,471424.6
047,DADN,3050,30,charge,"Cotisations patronales AVS, APG, AC, frais administratifs",0,0,3056400.0,3233400.0,3396400.0,3738800.0,3731600.0,3836400.0,3899000.0,3956300.0,4035200.0,2997452.34,2984463.8,3246398.35,3498298.8,3635675.88,3761871.22,3876767.06,3932592.72
047,DADN,3052,30,charge,Cotisations patronales aux caisses de pension,0,0,5557900.0,5726400.0,6103500.0,6540400.0,6675400.0,6824500.0,6933200.0,7035400.0,7721600.0,5860673.8,5876952.45,6213408.15,6646224.45,6912462.6,7123791.2,7397196.05,7487473.76
047,DADN,3053,30,charge,Cotisations patronales aux assurances-accidents,0,0,62600.0,60100.0,82800.0,88800.0,90700.0,94700.0,96600.0,89700.0,89000.0,55292.62,59444.02,80045.69,86045.82,89630.62,92106.94,94362.14,87290.75
047,DADN,3054,30,charge,Cotisations patronales aux caisses d'allocations familiales,0,0,1328600.0,1374400.0,1439700.0,1544400.0,1575900.0,1552300.0,1577500.0,1534400.0,1565000.0,1043489.21,1300816.16,1378102.59,1482677.66,1537986.03,1526343.55,1572875.64,1531407.65
047,DADN,3059,30,charge,Autres cotisations patronales,0,0,29200.0,30200.0,31800.0,33800.0,34600.0,35200.0,35800.0,36400.0,55800.0,28292.9,28416.63,30094.84,32309.75,33591.17,34577.26,35733.31,36212.66
047,DADN,3091,30,charge,Recrutement du personnel,0,0,0.0,0.0,0.0,0.0,0.0,0.0,0.0,0.0,0.0,0.0,0.0,0.0,0.0,60994.83,49489.77,44805.29,0.0
047,DADN,3099,30,charge,Autres charges de personnel,0,0,45000.0,45000.0,71000.0,71000.0,71000.0,71000.0,71000.0,71000.0,71000.0,30861.95,33998.55,43358.8,9294.15,47833.55,68579.75,64429.06,50657.15
047,DADN,3100,31,charge,Matériel de bureau,0,0,65000.0,60000.0,70000.0,65000.0,65000.0,30000.0,30000.0,30000.0,32500.0,37620.6,64946.7,36805.2,37785.35,28901.24,29203.23,18367.79,25442.53
047,DADN,3101,31,charge,"Matériel d'exploitation, fournitures",0,0,60000.0,54800.0,54700.0,54700.0,62300.0,75200.0,91000.0,94500.0,83400.0,37514.72,32625.06,19343.49,17542.37,32993.0,31651.5,26121.89,63079.27
047,DADN,3102,31,charge,"Imprimés, publications",0,0,3000.0,6000.0,6000.0,6000.0,6000.0,6000.0,3000.0,3000.0,2500.0,2926.15,5434.1,1136.0,1846.6,406.3,507.3,1283.5,242.65
047,DADN,3103,31,charge,"Littérature spécialisée, magazines",0,0,3000.0,3000.0,3000.0,3000.0,4000.0,5000.0,4000.0,4000.0,3000.0,5573.65,2742.96,2777.38,2586.52,2439.1,3874.08,3897.6,1532.5
047,DADN,3105,31,charge,Denrées alimentaires,0,0,0.0,0.0,28000.0,28000.0,28000.0,117900.0,122400.0,125500.0,120500.0,0.0,0.0,0.0,9662.5,26915.15,102000.6,115651.5,116215.23
047,DADN,3106,31,charge,Matériel médical et de laboratoire,0,0,500.0,500.0,10000.0,10000.0,10000.0,10000.0,9000.0,9000.0,9000.0,0.0,34.65,56365.9,9838.85,9449.6,7526.45,7812.55,10363.9
047,DADN,3109,31,charge,Autres charges de matériel et de marchandises,0,0,0.0,100.0,200.0,200.0,200.0,100.0,100.0,100.0,100.0,93.17,148.05,192.6,50.56,39.37,25.53,15.73,14.07
047,DADN,3110,31,charge,Meubles et appareils de bureau,0,0,0.0,0.0,0.0,0.0,0.0,0.0,0.0,0.0,0.0,0.0,0.0,146528.95,0.0,0.0,0.0,0.0,0.0
047,DADN,3111,31,charge,"Machines, appareils et véhicules",0,0,0.0,0.0,0.0,0.0,0.0,3000.0,4000.0,8900.0,8900.0,0.0,0.0,0.0,0.0,0.0,6805.67,3146.47,2413.89
047,DADN,3113,31,charge,Matériel informatique,0,0,691900.0,459000.0,773600.0,878800.0,461500.0,295300.0,231500.0,320000.0,262100.0,665999.22,1206999.0,498208.38,512703.52,2007528.46,591708.74,351336.36,270601.64
047,DADN,3118,31,charge,Immobilisations incorporelles,0,0,1122700.0,2053500.0,1797500.0,413500.0,339900.0,1208800.0,1141200.0,800000.0,1147700.0,2900693.85,2261091.17,1857022.85,1363224.94,1638303.79,321699.39,746686.62,1081258.6
047,DADN,3120,31,charge,Alimentation et élimination des biens-fonds PA,0,0,521000.0,521000.0,516000.0,556000.0,1032000.0,1044000.0,1045000.0,1046000.0,1086300.0,449630.07,489494.05,551081.44,595453.95,822710.2,1498383.0,1299431.3,990656.94
047,DADN,3130,31,charge,Prestations de services de tiers,0,0,2625200.0,2715400.0,2152100.0,2343100.0,2251300.0,1789200.0,1798100.0,1963000.0,1682200.0,2480608.1,2360265.36,2543321.9,2279632.61,1945758.28,1755111.11,1777573.39,1717441.55
047,DADN,3131,31,charge,Planifications et projections de tiers,0,0,0.0,0.0,0.0,0.0,0.0,0.0,0.0,0.0,0.0,0.0,0.0,217903.33,0.0,0.0,0.0,0.0,0.0
047,DADN,3132,31,charge,"Honoraires Conseillers externes, experts, spécialistes, etc.",0,0,221400.0,353200.0,447500.0,552000.0,504000.0,624800.0,500000.0,494000.0,494000.0,128985.09,206289.03,257123.92,149030.67,248135.08,460111.01,711134.53,318664.1
047,DADN,3133,31,charge,Charges d'utilisations informatiques,0,0,10000.0,6000.0,5700.0,17000.0,800.0,9400.0,8900.0,2600.0,4100.0,545394.02,18710.21,5137.28,1562.7,451.25,1122.03,6256.57,2048.9
047,DADN,3134,31,charge,Primes d'assurances choses,0,0,15000.0,15400.0,15700.0,15700.0,18800.0,18800.0,18800.0,18000.0,14000.0,15384.63,15658.94,15522.14,17337.45,18324.31,17080.84,17054.24,16822.01
047,DADN,3137,31,charge,Impôts et taxes,0,0,92000.0,97200.0,97200.0,155000.0,155000.0,116500.0,116500.0,120000.0,89000.0,96359.94,148394.04,157638.2,152319.66,163751.27,162872.39,181440.22,164515.35
047,DADN,3150,31,charge,Entretien de meubles et appareils de bureau,0,0,366400.0,310700.0,359400.0,508200.0,551200.0,544000.0,578100.0,488000.0,504200.0,326614.08,357128.54,239300.16,371511.59,580926.67,569853.61,441249.18,396131.71
047,DADN,3151,31,charge,"Entretien de machines, appareils, véhicules",0,0,15000.0,15000.0,10000.0,10000.0,10000.0,10000.0,6000.0,5000.0,5000.0,1504.52,200.0,1404.2,2852.85,4558.7,1956.25,1118.7,775.85
047,DADN,3153,31,charge,Entretien informatique (matériel),0,0,2601600.0,2938200.0,2750100.0,2027200.0,2016500.0,2654300.0,2891500.0,2617200.0,2793600.0,2668300.89,2554846.87,2325964.14,1850948.16,2125005.06,2349071.95,2748824.94,2689946.38
047,DADN,3158,31,charge,Entretien des immobilisations incorporelles,0,0,62630700.0,66132400.0,66679400.0,70198500.0,73572200.0,74994100.0,80120200.0,81139800.0,85398700.0,57027132.34,61645829.63,67852561.56,67899608.76,72107972.95,78126396.71,79415049.13,80282899.18
047,DADN,3160,31,charge,Loyer et bail à ferme des biens-fonds,0,0,3746000.0,3755500.0,3716900.0,3670900.0,3963500.0,4071300.0,4198700.0,4196700.0,4199700.0,3632494.2,3656278.65,3497482.0,3577368.0,3583647.77,3951016.5,4061652.05,4153031.85
047,DADN,3161,31,charge,"Loyers, frais d'utilisation des immobilisations",0,0,65000.0,60000.0,56200.0,56200.0,52600.0,53800.0,68000.0,64000.0,62000.0,78315.43,35332.78,26189.83,10433.24,13981.99,61443.0,47305.21,57833.64
047,DADN,3169,31,charge,Autres loyers et frais d'utilisation,0,0,48000.0,48000.0,49000.0,5000.0,5000.0,5400.0,5500.0,7500.0,0.0,48000.0,48000.0,48821.4,49000.0,5228.39,5183.12,4970.98,0.0
047,DADN,3170,31,charge,Dédommagements - Frais de déplacement et autres frais,0,0,137000.0,133000.0,153000.0,153000.0,150000.0,120000.0,120000.0,126000.0,130000.0,100177.37,124744.56,76211.45,38159.95,76960.57,94459.07,106436.98,87482.45
047,DADN,3181,31,charge,Pertes sur créance effectives,0,0,0.0,0.0,0.0,0.0,0.0,0.0,0.0,0.0,0.0,0.0,0.0,0.0,0.0,53.85,0.0,0.0,0.0
047,DADN,3199,31,charge,Autres charges d'exploitation,0,0,5000.0,5000.0,4000.0,4000.0,4000.0,4000.0,4000.0,4000.0,4000.0,1728.74,2841.78,574.89,508.3,752.0,3333.2,2308.3,1595.0
047,DADN,3300,33,charge,Amortissements planifiés immobilisations corporelles PA,0,0,9346000.0,8463000.0,8463000.0,9808000.0,10400000.0,11332100.0,10360000.0,10360000.0,11810000.0,7875880.96,8732716.03,9981916.2,11005679.4,10647353.56,9608853.54,10939269.6,10810348.75
047,DADN,3301,33,charge,Amortissements non planifiés immobilisations corporelles PA,0,0,0.0,0.0,0.0,0.0,0.0,0.0,0.0,0.0,0.0,31224.98,18029.37,575232.59,323734.21,120169.6,57107.53,117120.56,89656.97
047,DADN,3400,34,charge,Intérêts passifs des engagements courants,0,0,0.0,0.0,0.0,0.0,0.0,0.0,0.0,0.0,0.0,0.0,0.0,4000.0,837.0,0.0,0.0,0.0,0.0
047,DADN,3419,34,charge,Autres pertes réalisées à partir du patrimoine financier,0,0,0.0,0.0,0.0,0.0,0.0,0.0,0.0,0.0,0.0,-2996.1,12336.94,6479.82,25561.08,23854.2,6900.16,67318.21,18721.12
047,DADN,3499,34,charge,Autres charges financières,0,0,0.0,0.0,0.0,0.0,0.0,0.0,0.0,0.0,0.0,-0.8,0.0,0.0,0.0,0.0,0.0,0.0,0.0
047,DADN,3650,36,charge,Réévaluations des participations PA,0,0,0.0,0.0,0.0,0.0,0.0,0.0,0.0,0.0,0.0,0.0,0.0,0.0,0.0,50000.0,195.98,0.0,0.0
047,DADN,4120,41,revenu,Concessions,0,0,41100.0,92000.0,28000.0,5700.0,10000.0,35000.0,35000.0,0.0,0.0,91966.7,28078.16,5664.75,42659.0,71841.25,37400.0,0.0,35423.9
047,DADN,4230,42,revenu,Frais d'écolage,0,0,0.0,0.0,0.0,0.0,0.0,0.0,0.0,0.0,0.0,0.0,0.0,0.0,0.0,0.0,0.0,0.0,7000.0
047,DADN,4240,42,revenu,Taxes d'utilisation et prestations de service,0,0,3827900.0,3836100.0,4291900.0,4577400.0,4235500.0,3445500.0,2389000.0,3190000.0,2358000.0,3473325.24,4028593.16,4439682.93,4570494.57,4573269.63,4736708.46,4571639.23,3987486.83
047,DADN,4250,42,revenu,Ventes,0,0,109300.0,198100.0,0.0,2000.0,74800.0,29300.0,29300.0,21800.0,14800.0,198064.47,87616.25,33148.42,74798.16,35041.2,177175.55,21769.2,14752.0
047,DADN,4260,42,revenu,Remboursements et participations de tiers,0,0,1976100.0,1713500.0,1643000.0,1379300.0,1775800.0,1457100.0,1630100.0,2010000.0,1932500.0,1602450.26,1689943.62,1877231.35,1769365.52,4588411.8,3426726.96,2657040.19,2296894.59
047,DADN,4329,43,revenu,Autres variations de stocks,0,0,0.0,0.0,0.0,0.0,0.0,0.0,0.0,0.0,0.0,97.75,186.97,482.62,92.18,44.05,22.13,15.01,12.74
047,DADN,4411,44,revenu,Gains provenant des ventes des immo corp et incorp PF,0,0,0.0,0.0,0.0,0.0,0.0,0.0,0.0,0.0,0.0,8057.26,5865.14,-15.0,0.0,0.0,0.0,0.0,0.0
047,DADN,4419,44,revenu,Autres gains réalisés à partir du patrimoine financier,0,0,0.0,0.0,0.0,0.0,0.0,0.0,0.0,0.0,0.0,0.0,12587.31,23593.69,15099.18,61103.58,37604.82,88970.36,228993.03
047,DADN,4440,44,revenu,Réévaluation autres placements financiers PF,0,0,0.0,0.0,0.0,0.0,0.0,0.0,0.0,0.0,0.0,0.0,5962.29,550.15,-3299.61,-2707.19,3682.23,-2214.53,388.78
047,DADN,4499,44,revenu,Autres revenus financiers,0,0,0.0,0.0,0.0,0.0,0.0,0.0,0.0,0.0,0.0,0.0,1351.8,0.0,0.0,0.0,0.0,0.0,0.0
047,DADN,4612,46,revenu,Dédommagements des communes et associations intercommunales,0,0,736600.0,736600.0,832600.0,0.0,0.0,0.0,0.0,0.0,0.0,707900.0,832576.0,836646.0,906358.0,0.0,0.0,0.0,0.0
047,DADN,4910,49,revenu,Imput int pour prestations de service,0,0,252000.0,170000.0,170000.0,184500.0,242800.0,230000.0,250000.0,260000.0,280000.0,240060.0,188000.0,180000.0,217650.0,220000.0,250000.0,255000.0,255000.0
048,DEIEP,3010,30,charge,Salaires du personnel administratif et d'exploitation,0,0,21723200.0,21384800.0,22361700.0,23708000.0,23984800.0,25814200.0,26528200.0,27562600.0,28812900.0,20672159.05,20955144.24,21700912.83,22220326.51,22653873.37,23178566.58,25569185.42,26300660.35
048,DEIEP,3030,30,charge,Travailleurs temporaires,0,0,942700.0,1506200.0,2144600.0,2435200.0,2501500.0,2054800.0,2524000.0,2346700.0,2204400.0,2813714.0,2299480.23,1971823.8,2896183.2,2672712.58,3341137.28,2550528.72,2216738.93
048,DEIEP,3049,30,charge,Autres Indemnités,0,0,46900.0,54200.0,47100.0,47100.0,47100.0,47100.0,47100.0,47100.0,47100.0,38940.75,33323.55,27616.6,36187.45,24102.7,33261.5,30984.7,28018.65
048,DEIEP,3050,30,charge,"Cotisations patronales AVS, APG, AC, frais administratifs",0,0,1433700.0,1524200.0,1592400.0,1741500.0,1726200.0,1802900.0,1829500.0,1966000.0,2062000.0,1447660.07,1435055.87,1533286.29,1628143.27,1645703.97,1729334.31,1835118.53,1863424.2
048,DEIEP,3052,30,charge,Cotisations patronales aux caisses de pension,0,0,2614700.0,2715800.0,2828700.0,3017900.0,3060700.0,3181700.0,3227600.0,3342500.0,3473900.0,2469867.11,2519390.56,2671833.36,2848493.96,2875349.8,2961071.63,3145169.7,3156562.82
048,DEIEP,3053,30,charge,Cotisations patronales aux assurances-accidents,0,0,29700.0,273200.0,347100.0,358300.0,275100.0,273200.0,218700.0,209900.0,188900.0,326521.08,264987.63,308022.51,335505.92,216424.44,210304.95,217185.37,206288.06
048,DEIEP,3054,30,charge,Cotisations patronales aux caisses d'allocations familiales,0,0,618400.0,635600.0,675000.0,719000.0,729100.0,732100.0,740800.0,762600.0,799500.0,505450.43,622634.24,651166.28,690290.6,697528.66,702666.21,745104.18,724947.52
048,DEIEP,3059,30,charge,Autres cotisations patronales,0,0,15000.0,16400.0,15500.0,16300.0,16600.0,17100.0,16900.0,18200.0,27700.0,13768.48,13618.75,14590.31,14792.87,15235.58,15965.32,16888.9,17139.5
048,DEIEP,3099,30,charge,Autres charges de personnel,0,0,19800.0,26000.0,24000.0,24000.0,24000.0,28500.0,28500.0,58500.0,58500.0,23076.59,18822.08,9562.42,6463.37,60221.35,58010.03,75772.24,50385.79
048,DEIEP,3100,31,charge,Matériel de bureau,0,0,27400.0,27200.0,32200.0,32200.0,42200.0,783600.0,1040500.0,1065500.0,1051100.0,39019.95,27900.03,39971.03,35698.64,1830023.75,1362100.09,1065171.9,1009726.77
048,DEIEP,3101,31,charge,"Matériel d'exploitation, fournitures",0,0,716400.0,758200.0,785800.0,843600.0,854300.0,1046500.0,816600.0,713900.0,713900.0,734845.0,710239.59,708104.6,799654.03,770925.77,769881.54,676674.75,781044.09
048,DEIEP,3102,31,charge,"Imprimés, publications",0,0,59800.0,96000.0,61000.0,66000.0,71100.0,330000.0,151000.0,215000.0,235000.0,86634.34,56711.76,79657.51,67324.74,311172.33,258913.88,212757.42,181974.5
048,DEIEP,3103,31,charge,"Littérature spécialisée, magazines",0,0,23200.0,11000.0,11000.0,6000.0,6000.0,5500.0,5500.0,5500.0,5500.0,6568.1,8705.37,5562.14,5647.9,5246.32,4586.0,10144.28,10827.46
048,DEIEP,3104,31,charge,Matériel didactique,0,0,1855000.0,1755000.0,1755500.0,1456000.0,1456000.0,791000.0,547100.0,315000.0,315000.0,1535218.22,2034639.75,1345609.61,2034799.18,792870.03,782452.39,294463.55,459724.07
048,DEIEP,3106,31,charge,Matériel médical et de laboratoire,0,0,0.0,0.0,0.0,0.0,0.0,123000.0,95000.0,80000.0,80000.0,0.0,0.0,0.0,0.0,71483.22,94167.89,76522.71,111132.62
048,DEIEP,3109,31,charge,Autres charges de matériel et de marchandises,0,0,0.0,0.0,0.0,0.0,0.0,0.0,75000.0,135000.0,135000.0,18330.72,13.18,11.63,9.64,178481.83,397314.14,134669.05,104478.54
048,DEIEP,3110,31,charge,Meubles et appareils de bureau,0,0,0.0,0.0,30000.0,30000.0,61800.0,0.0,17000.0,68500.0,68500.0,12705.91,45703.47,7225.91,15615.72,1217287.29,259018.63,89270.84,1035869.11
048,DEIEP,3111,31,charge,"Machines, appareils et véhicules",0,0,536500.0,621100.0,689000.0,725800.0,772400.0,400000.0,378300.0,244200.0,344200.0,300064.3,370118.2,514888.44,449201.6,334992.12,651966.66,219783.36,240697.84
048,DEIEP,3112,31,charge,"Vêtements, linge, rideaux",0,0,23100.0,23100.0,38100.0,38100.0,33100.0,45000.0,46000.0,51000.0,51000.0,23371.32,31642.52,19985.74,24311.4,40307.09,32909.42,39948.36,40110.66
048,DEIEP,3113,31,charge,Matériel informatique,0,0,0.0,0.0,0.0,0.0,0.0,15200.0,202000.0,227000.0,227000.0,0.0,0.0,0.0,0.0,21992.15,454321.52,226120.53,444277.86
048,DEIEP,3118,31,charge,Immobilisations incorporelles,0,0,0.0,0.0,0.0,0.0,0.0,0.0,8300.0,15000.0,15000.0,0.0,0.0,0.0,0.0,5099.46,19104.71,10732.99,7663.98
048,DEIEP,3120,31,charge,Alimentation et élimination des biens-fonds PA,0,0,9989800.0,10312900.0,12712200.0,12777500.0,12666100.0,18391300.0,17572000.0,17812500.0,17209500.0,9588997.88,9696047.69,10476203.05,12267838.76,13277113.77,14886410.46,17344401.08,16360007.78
048,DEIEP,3130,31,charge,Prestations de services de tiers,0,0,10987200.0,11450200.0,12216000.0,13430400.0,14386400.0,14414900.0,14923100.0,15289300.0,15689100.0,10825049.59,11187389.39,11341610.36,13641263.64,13168466.08,14004313.08,14040399.93,14251444.68
048,DEIEP,3132,31,charge,"Honoraires Conseillers externes, experts, spécialistes, etc.",0,0,2339300.0,2558700.0,2608700.0,2728800.0,2786900.0,2794600.0,2794600.0,9398300.0,9172800.0,1812422.68,2782002.52,3046307.69,3176225.73,3061319.03,5145950.94,8722836.99,8318996.27
048,DEIEP,3134,31,charge,Primes d'assurances choses,0,0,3489000.0,3484000.0,3484000.0,3484000.0,3484000.0,3901500.0,3901500.0,3401500.0,3495500.0,2839626.05,3469131.99,2942379.62,3220285.14,3173963.27,3778607.77,3420474.81,3431315.29
048,DEIEP,3136,31,charge,Honoraires de l'activité de médecine privée,0,0,0.0,0.0,0.0,0.0,500.0,500.0,500.0,500.0,500.0,690.0,230.0,0.0,430.0,215.0,0.0,345.0,55.5
048,DEIEP,3137,31,charge,Impôts et taxes,0,0,894500.0,701300.0,725500.0,789500.0,784500.0,876300.0,872300.0,986000.0,986000.0,547388.38,1035997.37,696560.93,1015749.09,864769.06,2972683.34,934912.88,1001622.43
048,DEIEP,3140,31,charge,Entretien des terrains,0,0,809000.0,1090000.0,1210000.0,1284000.0,1324200.0,1300000.0,1455400.0,1541100.0,1541100.0,695941.6,1348391.44,1205365.19,1163800.63,1202342.57,1309011.07,1509968.06,1506899.02
048,DEIEP,3141,31,charge,Entretien des routes,0,0,80000.0,80000.0,80000.0,80000.0,80000.0,80000.0,50000.0,50000.0,50000.0,100134.18,58012.65,45201.55,94562.65,47639.96,43384.0,56790.0,39904.3
048,DEIEP,3144,31,charge,"Entretien des bâtiments, immeubles",0,0,22355800.0,21901400.0,23371400.0,24156300.0,25916300.0,25798600.0,25619900.0,26282700.0,27180500.0,29151954.46,26681108.4,27307072.93,27003894.01,30189142.16,31286068.74,29783118.66,25204076.66
048,DEIEP,3150,31,charge,Entretien de meubles et appareils de bureau,0,0,34200.0,34200.0,4200.0,4200.0,4200.0,2700.0,6500.0,6500.0,6500.0,1443.51,1403.91,384.37,10898.3,2185.11,6384.89,2428.28,1278.91
048,DEIEP,3151,31,charge,"Entretien de machines, appareils, véhicules",0,0,975300.0,1030200.0,1333700.0,1285800.0,1287400.0,910900.0,582800.0,509300.0,509300.0,902635.24,853241.97,834857.25,896308.87,964960.57,791805.05,687284.4,456992.86
048,DEIEP,3158,31,charge,Entretien des immobilisations incorporelles,0,0,0.0,0.0,0.0,0.0,0.0,0.0,13000.0,13000.0,13000.0,0.0,0.0,0.0,0.0,2989.91,29054.5,5336.87,10826.2
048,DEIEP,3159,31,charge,Entretien d'autres biens meubles,0,0,0.0,0.0,0.0,0.0,0.0,0.0,0.0,0.0,0.0,0.0,0.0,0.0,0.0,0.0,0.0,0.0,-0.55
048,DEIEP,3160,31,charge,Loyer et bail à ferme des biens-fonds,0,0,731700.0,776200.0,750500.0,730400.0,828000.0,818500.0,759100.0,711000.0,711000.0,767526.39,751366.86,715510.76,711243.49,1001092.03,863967.78,849431.15,789201.72
048,DEIEP,3161,31,charge,"Loyers, frais d'utilisation des immobilisations",0,0,1398800.0,533500.0,542500.0,482500.0,435200.0,455200.0,436000.0,365000.0,215000.0,482178.15,471383.93,391857.78,456291.4,868043.69,1275166.62,620183.87,235416.11
048,DEIEP,3170,31,charge,Dédommagements - Frais de déplacement et autres frais,0,0,111600.0,143100.0,149100.0,159100.0,126000.0,107100.0,123500.0,105500.0,106500.0,110641.81,91451.91,68915.85,90715.05,93492.3,97173.0,102645.0,95402.58
048,DEIEP,3171,31,charge,"Dédommagements - Excursions, voyages scolaires et camps",0,0,0.0,0.0,0.0,0.0,0.0,0.0,0.0,0.0,0.0,0.0,0.0,0.0,0.0,0.0,0.0,-40.0,0.0
048,DEIEP,3180,31,charge,Réévaluations sur créances,0,0,0.0,0.0,0.0,0.0,0.0,0.0,0.0,0.0,0.0,0.0,0.0,0.0,215.4,0.0,14932.93,15826.89,14309.96
048,DEIEP,3181,31,charge,Pertes sur créance effectives,0,0,7000.0,7000.0,7000.0,7000.0,7000.0,5000.0,1000.0,20000.0,20000.0,7868.0,1267.06,2793.0,7038.2,2676.06,150.8,-480.0,0.0
048,DEIEP,3190,31,charge,Prestations de dommages et intérêts,0,0,0.0,0.0,0.0,0.0,0.0,500.0,0.0,0.0,0.0,0.0,1733.26,271.65,0.0,460.35,0.0,0.0,0.0
048,DEIEP,3199,31,charge,Autres charges d'exploitation,0,0,6000.0,7300.0,5300.0,5300.0,5300.0,8000.0,7500.0,6500.0,5500.0,7569.92,3409.85,2316.65,6334.87,14103.4,6559.3,9004.43,-1.15
048,DEIEP,3400,34,charge,Intérêts passifs des engagements courants,0,0,0.0,0.0,0.0,0.0,0.0,0.0,0.0,0.0,0.0,149.0,119.05,0.0,121.85,0.0,0.0,0.0,0.0
048,DEIEP,3419,34,charge,Autres pertes réalisées à partir du patrimoine financier,0,0,0.0,0.0,0.0,0.0,0.0,0.0,0.0,0.0,0.0,-103.21,43.32,189.18,4.09,268.27,19.89,996.82,135.08
048,DEIEP,3499,34,charge,Autres charges financières,0,0,0.0,0.0,0.0,0.0,0.0,0.0,0.0,0.0,0.0,-6.55,1.63,-19.18,-1144.12,-989.67,-3614.7,-3412.15,-4585.0
048,DEIEP,3510,35,charge,Attributions aux financements spéciaux sous capital propre,0,0,0.0,0.0,27400.0,0.0,0.0,0.0,0.0,0.0,0.0,0.0,0.0,0.0,0.0,0.0,4834.9,0.0,0.0
048,DEIEP,3511,35,charge,Attributions aux fonds sous capital propre,0,0,415600.0,481300.0,391300.0,391300.0,296600.0,296600.0,296600.0,111600.0,111600.0,503955.64,511356.94,91286.97,840480.41,275685.06,185000.0,298246.19,94764.45
048,DEIEP,3635,36,charge,Subventions accordées aux entreprises privées,0,0,250000.0,250000.0,250000.0,250000.0,250000.0,250000.0,250000.0,250000.0,125000.0,430000.0,250000.0,250000.0,250000.0,250000.0,250000.0,250000.0,250000.0
048,DEIEP,3636,36,charge,Subventions accordées aux org privées à but non lucratif,0,0,1588100.0,1778100.0,1778100.0,1778100.0,1778100.0,1778100.0,1778100.0,997600.0,997600.0,1207980.35,1599079.5,2516745.45,1927316.4,2495537.15,1772727.05,3175585.94,1560109.45
048,DEIEP,3706,37,charge,Subventions redistribuées aux org privées à but non lucratif,0,0,1215700.0,1215700.0,1215700.0,1423300.0,1423300.0,1423300.0,1423300.0,1423300.0,1263900.0,1460677.0,1837385.0,1277745.0,3323728.0,1480849.2,1286628.8,740740.86,1825485.32
048,DEIEP,4210,42,revenu,Emoluments pour actes administratifs,0,0,0.0,0.0,50000.0,50000.0,50000.0,0.0,0.0,700000.0,700000.0,0.0,500.0,0.0,0.0,0.0,0.0,12760.0,64555.61
048,DEIEP,4240,42,revenu,Taxes d'utilisation et prestations de service,0,0,9000.0,20000.0,20000.0,20000.0,20000.0,0.0,0.0,0.0,0.0,24259.65,31903.35,16504.1,0.0,0.0,0.0,0.0,0.0
048,DEIEP,4250,42,revenu,Ventes,0,0,1827700.0,1829300.0,1829300.0,7374100.0,7374100.0,7373900.0,6773900.0,6855100.0,6855100.0,1713761.72,1725096.03,2787085.35,1157429.25,9482811.0,6294257.29,6784469.58,6661180.78
048,DEIEP,4260,42,revenu,Remboursements et participations de tiers,0,0,450700.0,821100.0,693400.0,692900.0,611800.0,487200.0,487200.0,526200.0,526200.0,805116.26,855392.48,1512363.58,798601.73,650585.47,692907.38,911046.65,635874.34
048,DEIEP,4309,43,revenu,Autres revenus d'exploitation,0,0,5428400.0,6125500.0,6870300.0,1295900.0,1593200.0,1784600.0,1184600.0,3338900.0,3338900.0,9095800.63,7703348.93,10691456.05,8591486.73,2997419.83,514673.85,2863255.49,4151588.54
048,DEIEP,4329,43,revenu,Autres variations de stocks,0,0,0.0,0.0,0.0,0.0,0.0,0.0,50000.0,0.0,0.0,-617253.26,-524072.69,16.93,8.3,472148.25,151253.34,260476.34,194508.79
048,DEIEP,4390,43,revenu,Autres revenus,0,0,0.0,0.0,0.0,0.0,0.0,0.0,0.0,0.0,0.0,0.0,0.0,0.0,0.0,-90000.0,0.0,0.0,0.0
048,DEIEP,4401,44,revenu,Intérêts des créances et comptes courants,0,0,0.0,0.0,0.0,0.0,0.0,0.0,0.0,0.0,0.0,3741.76,0.0,497.3,0.0,232.1,267.6,77.8,0.0
048,DEIEP,4419,44,revenu,Autres gains réalisés à partir du patrimoine financier,0,0,0.0,0.0,0.0,0.0,0.0,0.0,0.0,0.0,0.0,0.0,19.95,5.98,20.14,4041.93,192.9,412.02,1137.86
048,DEIEP,4429,44,revenu,Autres revenus de participations,0,0,0.0,0.0,0.0,0.0,0.0,0.0,0.0,0.0,0.0,0.0,1800.0,0.0,0.0,0.0,0.0,0.0,0.0
048,DEIEP,4430,44,revenu,"Loyers et fermages, immeubles du PF",0,0,6298100.0,6315900.0,6015900.0,6015900.0,6282700.0,6347900.0,7097900.0,6950000.0,6950000.0,7307352.11,6045846.92,5970748.92,6282386.2,6512540.71,7036494.89,6834919.79,8514922.1
048,DEIEP,4440,44,revenu,Réévaluation autres placements financiers PF,0,0,0.0,0.0,0.0,0.0,0.0,0.0,0.0,0.0,0.0,0.0,87.0,-87.0,76.72,-66.75,10.64,74.75,-62.64
048,DEIEP,4470,44,revenu,Loyers et fermages des biens-fonds PA,0,0,4733300.0,5968800.0,4994900.0,4994900.0,5232600.0,5190800.0,5240800.0,9742000.0,8832000.0,4862123.02,4834410.6,5108457.37,5249381.72,5300009.98,5326546.2,5431245.16,5608483.58
048,DEIEP,4471,44,revenu,Paiement pour appartements de service PA,0,0,192900.0,0.0,0.0,0.0,0.0,0.0,0.0,0.0,0.0,0.0,-3000.0,0.0,0.0,1400.25,0.0,0.0,12733.15
048,DEIEP,4472,44,revenu,Paiement pour utilisations des immeubles PA,0,0,34600.0,224700.0,225700.0,225700.0,170000.0,150000.0,150000.0,140000.0,140000.0,224640.0,220200.0,201465.0,169680.0,150330.0,133680.0,123630.0,112920.0
048,DEIEP,4510,45,revenu,Prélèvements sur les fin spéciaux sous capital propre,0,0,55000.0,66300.0,0.0,0.0,0.0,0.0,0.0,0.0,0.0,150357.64,175091.64,24740.55,0.0,0.0,0.0,0.0,0.0
048,DEIEP,4511,45,revenu,Prélèvements sur les fonds sous capital propre,0,0,148300.0,500000.0,500000.0,500000.0,525300.0,525300.0,525300.0,25300.0,25300.0,593945.7,153166.8,1239919.89,535734.41,1591097.24,2240158.41,5529266.02,2870714.42
048,DEIEP,4610,46,revenu,Dédommagements de la Confédération,0,0,0.0,0.0,0.0,50000.0,50000.0,50000.0,50000.0,0.0,0.0,107200.0,0.0,49248.54,50000.0,0.0,100000.0,50000.0,0.0
048,DEIEP,4700,47,revenu,Subventions à redistribuer reçues de la Confédération,0,0,1215700.0,1215700.0,1215700.0,1423300.0,1423300.0,1423300.0,1423300.0,1423300.0,1263900.0,0.0,1837385.0,1277745.0,3323728.0,1480849.2,1286628.8,740740.86,1825485.32
048,DEIEP,4701,47,revenu,Subventions à redistribuer reçues des cantons et concordats,0,0,0.0,0.0,0.0,0.0,0.0,0.0,0.0,0.0,0.0,1460677.0,0.0,0.0,0.0,0.0,0.0,0.0,0.0
048,DEIEP,4910,49,revenu,Imput int pour prestations de service,0,0,0.0,90000.0,90000.0,45000.0,45000.0,45000.0,45000.0,45000.0,45000.0,0.0,0.0,0.0,90000.0,0.0,0.0,0.0,0.0
048,DEIEP,4920,49,revenu,"Imput int pour bail à ferme, loyers, frais d'utilisation",0,0,27900.0,41800.0,41800.0,49300.0,64400.0,54800.0,60800.0,0.0,0.0,31270.0,38710.0,38710.0,46400.0,54290.0,56330.0,54450.0,4530.0
048,DEIEP,4930,49,revenu,Imput int pour frais administratifs et d'exploitation,0,0,0.0,0.0,0.0,0.0,0.0,0.0,0.0,0.0,0.0,0.0,40000.0,0.0,0.0,0.0,0.0,0.0,0.0
050,DFTS,3000,30,charge,Salaires des autorités et juges,0,0,1759300.0,1759300.0,1759300.0,1759300.0,1759300.0,1783800.0,1817800.0,1828700.0,1828700.0,1759203.6,1737562.65,1706148.25,1759203.6,1765370.55,1783832.4,1817789.4,1828692.6
050,DFTS,3001,30,charge,Paiements aux autorités et juges,0,0,0.0,0.0,0.0,0.0,0.0,0.0,0.0,0.0,0.0,0.0,0.0,635.3,719.6,1202.15,7489.0,8555.35,8077.1
050,DFTS,3010,30,charge,Salaires du personnel administratif et d'exploitation,0,0,5425000.0,5584900.0,5696900.0,5893700.0,5660900.0,6309300.0,7105600.0,-8292700.0,7949200.0,5273495.65,5316497.45,5411062.95,4978569.1,4989321.0,5585148.35,6213710.65,7124843.8
050,DFTS,3030,30,charge,Travailleurs temporaires,0,0,355900.0,355900.0,339000.0,454000.0,635000.0,450300.0,475400.0,714500.0,700100.0,422284.45,418857.5,382025.4,280273.7,388982.55,456148.4,351588.35,514762.55
050,DFTS,3049,30,charge,Autres Indemnités,0,0,7000.0,7000.0,7000.0,7000.0,7000.0,6400.0,6400.0,6400.0,6400.0,3553.5,7133.55,5051.75,4773.15,5675.75,5385.75,4455.35,5214.75
050,DFTS,3050,30,charge,"Cotisations patronales AVS, APG, AC, frais administratifs",0,0,483200.0,497000.0,505600.0,540400.0,525500.0,559800.0,616400.0,645900.0,686800.0,466240.2,465400.08,475016.39,447550.8,457952.74,499903.25,537438.37,607067.51
050,DFTS,3052,30,charge,Cotisations patronales aux caisses de pension,0,0,784300.0,801100.0,787200.0,828800.0,822900.0,861300.0,961000.0,1013700.0,1087900.0,751753.56,760901.3,747586.35,708057.95,719564.85,791344.6,874805.75,1009037.65
050,DFTS,3053,30,charge,Cotisations patronales aux assurances-accidents,0,0,11700.0,11200.0,13100.0,13700.0,14100.0,14000.0,17200.0,14700.0,15100.0,8229.08,8688.8,10697.34,10031.02,10236.35,10945.33,11866.84,12387.35
050,DFTS,3054,30,charge,Cotisations patronales aux caisses d'allocations familiales,0,0,207600.0,211300.0,214600.0,223700.0,222100.0,227200.0,248100.0,252000.0,268200.0,164473.99,205659.61,205955.28,192989.57,195809.97,208106.07,221782.09,240787.95
050,DFTS,3059,30,charge,Autres cotisations patronales,0,0,5400.0,5300.0,5600.0,5900.0,6900.0,6400.0,6500.0,6500.0,9900.0,4493.96,4480.23,4489.76,4219.76,4285.41,4720.46,5025.87,5695.46
050,DFTS,3060,30,charge,Prestations de l'employeur - Pensions,0,0,2347000.0,2535000.0,2535000.0,2535000.0,3143000.0,2880000.0,2880000.0,2840000.0,2840000.0,2340382.2,2447060.25,2450650.2,2363701.2,2664951.3,2786006.8,2700744.3,2741064.0
050,DFTS,3062,30,charge,Prest employeur - Alloc renchériss rentes et parts de rente,0,0,230000.0,230000.0,230000.0,230000.0,230000.0,173000.0,173000.0,163000.0,163000.0,223845.0,223720.25,223495.7,181133.35,180829.5,154417.05,132950.35,133281.6
050,DFTS,3090,30,charge,Formation et perfectionnement du personnel,0,0,0.0,0.0,0.0,0.0,0.0,0.0,0.0,0.0,0.0,0.0,245.3,0.0,0.0,0.0,0.0,0.0,0.0
050,DFTS,3099,30,charge,Autres charges de personnel,0,0,13000.0,13000.0,13000.0,13000.0,15500.0,15500.0,15700.0,15700.0,15700.0,10380.1,6144.35,6364.1,8031.95,10611.7,12832.8,15186.81,10603.05
050,DFTS,3100,31,charge,Matériel de bureau,0,0,78000.0,78000.0,82200.0,82200.0,85200.0,74100.0,75100.0,75100.0,75100.0,78270.25,71610.21,76127.45,71926.9,67456.08,62794.96,66348.19,57597.65
050,DFTS,3101,31,charge,"Matériel d'exploitation, fournitures",0,0,122700.0,122700.0,122700.0,121700.0,121700.0,21800.0,21800.0,11300.0,11300.0,107137.6,107180.6,54472.38,67466.98,103494.81,15868.74,13869.06,3577.7
050,DFTS,3102,31,charge,"Imprimés, publications",0,0,307000.0,297000.0,287000.0,695000.0,745000.0,745000.0,739500.0,573000.0,318000.0,290462.99,270519.15,1890200.58,955759.39,737027.45,654082.45,711932.48,579092.42
050,DFTS,3103,31,charge,"Littérature spécialisée, magazines",0,0,97100.0,97100.0,97100.0,97100.0,95600.0,95600.0,96400.0,96400.0,98900.0,72681.16,92260.23,93510.03,94658.07,91956.65,88688.76,85655.4,86577.44
050,DFTS,3104,31,charge,Matériel didactique,0,0,0.0,0.0,0.0,0.0,0.0,100.0,100.0,100.0,100.0,0.0,31.85,0.0,0.0,53.75,207.4,136.03,586.73
050,DFTS,3105,31,charge,Denrées alimentaires,0,0,97500.0,97500.0,97500.0,97500.0,97500.0,97500.0,97500.0,95500.0,95500.0,94345.55,90622.55,53355.67,60477.69,93819.99,83054.96,96089.16,94211.07
050,DFTS,3106,31,charge,Matériel médical et de laboratoire,0,0,0.0,0.0,0.0,0.0,0.0,0.0,0.0,0.0,0.0,0.0,0.0,0.0,0.0,82.32,44.16,81.3,406.65
050,DFTS,3110,31,charge,Meubles et appareils de bureau,0,0,0.0,0.0,0.0,30000.0,60000.0,500.0,500.0,500.0,500.0,0.0,8492.7,1518.5,0.0,12917.95,54358.3,8523.39,7861.05
050,DFTS,3111,31,charge,"Machines, appareils et véhicules",0,0,75000.0,85000.0,85000.0,81000.0,78000.0,78000.0,78000.0,78000.0,78000.0,66843.25,57291.1,76135.4,63495.69,69494.24,74443.14,70578.57,69808.21
050,DFTS,3112,31,charge,"Vêtements, linge, rideaux",0,0,0.0,0.0,0.0,0.0,0.0,0.0,0.0,0.0,0.0,0.0,0.0,0.0,0.0,0.0,1389.6,0.0,0.0
050,DFTS,3113,31,charge,Matériel informatique,0,0,0.0,0.0,0.0,0.0,0.0,1100.0,1100.0,1100.0,1100.0,0.0,0.0,0.0,0.0,1049.3,1048.3,1328.3,3154.95
050,DFTS,3119,31,charge,Autres immobilisations ne pouvant être portées à l'actif,0,0,27500.0,27500.0,27500.0,27500.0,27500.0,27500.0,27500.0,27500.0,27500.0,22528.54,27551.59,27511.16,27153.13,27389.71,24352.02,27251.92,27262.51
050,DFTS,3120,31,charge,Alimentation et élimination des biens-fonds PA,0,0,4200.0,2200.0,2200.0,2200.0,2200.0,2200.0,2200.0,2200.0,2200.0,4179.75,240.3,1572.0,215.0,17.2,442.1,383.2,1312.0
050,DFTS,3130,31,charge,Prestations de services de tiers,0,0,644500.0,476500.0,456500.0,504500.0,496000.0,451000.0,546800.0,516800.0,561300.0,361673.02,471378.0,195280.64,190351.86,327369.74,492023.16,355292.0,485198.55
050,DFTS,3132,31,charge,"Honoraires Conseillers externes, experts, spécialistes, etc.",0,0,268600.0,248600.0,248600.0,768600.0,1058200.0,956400.0,971400.0,584400.0,1590200.0,219394.2,239458.41,236446.14,337964.27,542693.51,440650.76,858021.99,1054039.11
050,DFTS,3134,31,charge,Primes d'assurances choses,0,0,500.0,2300.0,2300.0,2300.0,2300.0,2300.0,2300.0,500.0,500.0,271.62,1639.46,2041.02,1841.5,2001.24,1807.92,1975.96,242.16
050,DFTS,3137,31,charge,Impôts et taxes,0,0,100.0,100.0,11100.0,11100.0,100.0,100.0,100.0,0.0,0.0,10026.1,11802.17,12830.65,80.0,-0.69,160.0,0.0,0.0
050,DFTS,3138,31,charge,"Cours, examens et conseils",0,0,20000.0,20000.0,20000.0,20000.0,20000.0,20000.0,20000.0,20000.0,20000.0,0.0,20000.0,0.0,0.0,0.0,15000.0,0.0,10000.0
050,DFTS,3150,31,charge,Entretien de meubles et appareils de bureau,0,0,8200.0,8200.0,8200.0,7200.0,5700.0,5700.0,6000.0,5000.0,5000.0,4806.6,2991.8,3512.5,6101.95,5438.74,4219.23,2105.29,1567.33
050,DFTS,3151,31,charge,"Entretien de machines, appareils, véhicules",0,0,23500.0,13500.0,13500.0,13500.0,14500.0,14500.0,14500.0,3500.0,3500.0,11010.25,6815.9,6641.05,3996.8,7875.75,20235.35,10405.9,1246.0
050,DFTS,3160,31,charge,Loyer et bail à ferme des biens-fonds,0,0,143600.0,143000.0,143100.0,163000.0,99600.0,148300.0,197400.0,234000.0,234400.0,125783.05,141756.6,146853.3,59520.0,58791.75,170205.9,147831.55,234095.8
050,DFTS,3161,31,charge,"Loyers, frais d'utilisation des immobilisations",0,0,18400.0,18400.0,17000.0,17000.0,15600.0,15600.0,16100.0,16000.0,16000.0,11357.95,11255.05,9659.67,10489.96,11420.27,12181.25,11829.76,8326.45
050,DFTS,3170,31,charge,Dédommagements - Frais de déplacement et autres frais,0,0,424000.0,424000.0,424000.0,424000.0,420500.0,420500.0,424700.0,395100.0,395100.0,383642.19,362749.65,314930.49,347717.68,389714.28,417491.9,418262.45,459979.58
050,DFTS,3199,31,charge,Autres charges d'exploitation,0,0,75500.0,75500.0,75500.0,75500.0,73500.0,73500.0,74500.0,74500.0,74500.0,62924.1,52798.3,61273.5,68019.5,78032.8,69846.05,67710.31,72835.92
050,DFTS,3419,34,charge,Autres pertes réalisées à partir du patrimoine financier,0,0,0.0,0.0,0.0,0.0,0.0,0.0,0.0,0.0,0.0,-430.23,350.63,279.18,24.3,2295.49,545.14,488.59,61.2
050,DFTS,3440,34,charge,Réévaluations des placements financiers PF,0,0,0.0,0.0,0.0,0.0,0.0,0.0,0.0,0.0,0.0,0.0,0.0,0.0,0.0,105.2,-105.2,0.0,0.0
050,DFTS,3499,34,charge,Autres charges financières,0,0,0.0,0.0,0.0,0.0,0.0,0.0,500.0,500.0,500.0,0.0,0.0,0.0,0.0,0.0,0.0,124.08,638.36
050,DFTS,3611,36,charge,Dédommagements aux cantons et aux concordats,0,0,5000.0,5000.0,800.0,800.0,800.0,800.0,800.0,800.0,800.0,0.0,655.8,655.8,0.0,0.0,0.0,0.0,0.0
050,DFTS,3635,36,charge,Subventions accordées aux entreprises privées,0,0,0.0,0.0,0.0,0.0,0.0,0.0,0.0,0.0,40000.0,0.0,0.0,0.0,0.0,0.0,0.0,0.0,0.0
050,DFTS,3636,36,charge,Subventions accordées aux org privées à but non lucratif,0,0,0.0,0.0,0.0,0.0,0.0,0.0,0.0,-8400000.0,0.0,0.0,0.0,0.0,0.0,0.0,0.0,0.0,0.0
050,DFTS,4210,42,revenu,Emoluments pour actes administratifs,0,0,15200.0,15200.0,15200.0,15200.0,15200.0,15200.0,15200.0,15200.0,15200.0,14855.56,15931.72,15261.12,15121.03,15828.48,13477.0,14573.77,20562.37
050,DFTS,4250,42,revenu,Ventes,0,0,115000.0,115000.0,115000.0,115000.0,115000.0,15000.0,15000.0,15000.0,15000.0,100892.55,102650.75,51018.03,63154.63,93985.83,5732.44,4103.68,5166.92
050,DFTS,4260,42,revenu,Remboursements et participations de tiers,0,0,282600.0,282600.0,282600.0,282600.0,281000.0,281000.0,281800.0,281800.0,281800.0,326423.03,511880.0,313316.65,363937.5,959022.2,392285.81,391838.7,362912.5
050,DFTS,4309,43,revenu,Autres revenus d'exploitation,0,0,193200.0,193200.0,204200.0,204200.0,0.0,0.0,0.0,0.0,0.0,175236.3,228984.2,245727.5,0.0,0.0,1386.0,0.0,0.0
050,DFTS,4390,43,revenu,Autres revenus,0,0,0.0,0.0,0.0,0.0,0.0,0.0,0.0,0.0,0.0,79.98,0.0,0.0,0.0,0.0,0.0,0.0,0.0
050,DFTS,4419,44,revenu,Autres gains réalisés à partir du patrimoine financier,0,0,0.0,0.0,0.0,0.0,0.0,0.0,0.0,0.0,0.0,0.0,15.51,2584.83,824.87,9445.67,1632.39,409.73,119.82
050,DFTS,4429,44,revenu,Autres revenus de participations,0,0,0.0,0.0,0.0,0.0,0.0,0.0,0.0,0.0,0.0,0.0,200.0,0.0,0.0,0.0,0.0,0.0,0.0
050,DFTS,4440,44,revenu,Réévaluation autres placements financiers PF,0,0,0.0,0.0,0.0,0.0,0.0,0.0,0.0,0.0,0.0,0.0,4355.1,-2463.53,-150.07,2019.9,-3761.4,107.67,-107.67
051,DADN,3000,30,charge,Salaires des autorités et juges,0,0,0.0,0.0,0.0,68100.0,0.0,0.0,0.0,0.0,0.0,0.0,0.0,0.0,0.0,0.0,0.0,0.0,0.0
051,DADN,3010,30,charge,Salaires du personnel administratif et d'exploitation,0,0,5382900.0,5285600.0,5425900.0,5236900.0,4525300.0,5622900.0,5297000.0,12476200.0,12793500.0,4967859.6,5076563.65,4953071.15,4150327.65,4982098.65,5131089.45,11556303.59,11704360.12
051,DADN,3020,30,charge,Salaires des enseignants,0,0,0.0,0.0,0.0,0.0,0.0,0.0,0.0,0.0,0.0,0.0,0.0,0.0,0.0,0.0,0.0,0.0,31884.2
051,DADN,3030,30,charge,Travailleurs temporaires,0,0,75000.0,75000.0,119800.0,119800.0,119800.0,256600.0,256600.0,383300.0,461300.0,72227.5,102956.0,307101.2,267309.35,165442.45,163678.6,397118.49,402476.65
051,DADN,3049,30,charge,Autres Indemnités,0,0,3900.0,3900.0,3900.0,3900.0,3900.0,3900.0,3900.0,3900.0,3900.0,2341.3,2880.6,2888.0,2947.2,2864.0,2890.65,5107.95,5717.0
051,DADN,3050,30,charge,"Cotisations patronales AVS, APG, AC, frais administratifs",0,0,345300.0,363700.0,359800.0,361600.0,302500.0,384500.0,363000.0,847700.0,866100.0,318054.17,325721.55,340543.45,285053.7,334372.27,345389.75,782444.47,793772.56
051,DADN,3052,30,charge,Cotisations patronales aux caisses de pension,0,0,676400.0,641400.0,644200.0,629600.0,538300.0,681100.0,642900.0,1509000.0,1537600.0,631311.95,652687.95,654840.4,550217.75,634433.7,657417.35,1458912.12,1464368.31
051,DADN,3053,30,charge,Cotisations patronales aux assurances-accidents,0,0,7700.0,7200.0,9200.0,8900.0,7800.0,9700.0,9000.0,19400.0,19000.0,6304.36,6498.15,8384.7,7167.03,8332.57,8603.88,19129.55,17580.97
051,DADN,3054,30,charge,Cotisations patronales aux caisses d'allocations familiales,0,0,150200.0,154500.0,152500.0,149200.0,127700.0,155400.0,146400.0,329000.0,335800.0,111280.45,143305.35,144730.3,120719.92,142354.19,140451.93,319253.53,309834.34
051,DADN,3059,30,charge,Autres cotisations patronales,0,0,4100.0,4000.0,4200.0,4000.0,3600.0,4000.0,3800.0,8500.0,12500.0,3051.92,3124.6,3160.85,2632.48,3123.53,3181.37,7235.25,7353.09
051,DADN,3090,30,charge,Formation et perfectionnement du propre personnel,0,0,0.0,0.0,0.0,0.0,0.0,0.0,0.0,0.0,0.0,0.0,0.0,0.0,0.0,0.0,27.4,1122.7,2758.0
051,DADN,3099,30,charge,Autres charges de personnel,0,0,57000.0,57000.0,57000.0,57000.0,57000.0,48500.0,46000.0,50200.0,55900.0,39120.49,18032.05,23004.9,28414.85,39467.5,35358.1,44378.36,43600.93
051,DADN,3100,31,charge,Matériel de bureau,0,0,30000.0,30000.0,30000.0,30000.0,26000.0,18600.0,15000.0,27000.0,27300.0,9173.24,12098.6,11101.74,9300.15,9971.56,6444.05,19180.44,13422.53
051,DADN,3101,31,charge,"Matériel d'exploitation, fournitures",0,0,0.0,0.0,0.0,0.0,0.0,1200.0,1100.0,12100.0,12400.0,0.0,0.0,0.0,0.0,145.33,361.55,12628.06,7596.05
051,DADN,3102,31,charge,"Imprimés, publications",0,0,86000.0,86000.0,91000.0,91000.0,73000.0,58500.0,53000.0,45000.0,46800.0,71342.2,64240.55,70598.5,68508.35,55582.15,37476.3,32185.2,30374.35
051,DADN,3103,31,charge,"Littérature spécialisée, magazines",0,0,18000.0,18000.0,20500.0,20500.0,9000.0,8500.0,9000.0,14000.0,15000.0,10172.76,12815.05,13212.31,5958.57,6714.62,8042.52,10545.85,12474.8
051,DADN,3104,31,charge,Matériel didactique,0,0,0.0,0.0,0.0,0.0,0.0,100.0,100.0,100.0,100.0,0.0,0.0,0.0,0.0,442.71,405.47,236.5,26.3
051,DADN,3106,31,charge,Matériel médical et de laboratoire,0,0,100.0,100.0,100.0,100.0,100.0,0.0,0.0,730000.0,799600.0,0.0,24.9,0.0,0.0,23.75,0.0,753750.61,757324.48
051,DADN,3110,31,charge,Meubles et appareils de bureau,0,0,0.0,0.0,0.0,0.0,0.0,3000.0,2500.0,15200.0,29200.0,0.0,0.0,14872.75,0.0,10029.9,9691.6,17176.53,12755.45
051,DADN,3111,31,charge,"Machines, appareils et véhicules",0,0,0.0,0.0,0.0,0.0,0.0,0.0,0.0,0.0,0.0,0.0,0.0,0.0,0.0,0.0,995.4,835.24,130.92
051,DADN,3112,31,charge,"Vêtements, linge, rideaux",0,0,0.0,0.0,0.0,0.0,0.0,100.0,100.0,100.0,3100.0,0.0,0.0,0.0,0.0,85.6,0.0,402.27,2643.35
051,DADN,3113,31,charge,Matériel informatique,0,0,0.0,0.0,0.0,0.0,0.0,100.0,100.0,10100.0,60100.0,0.0,0.0,0.0,0.0,28.5,3897.7,76.35,855.8
051,DADN,3116,31,charge,Appareils médicaux et de laboratoire,0,0,0.0,0.0,0.0,0.0,0.0,0.0,0.0,529900.0,539900.0,0.0,0.0,0.0,0.0,0.0,0.0,498259.8,430560.52
051,DADN,3118,31,charge,Immobilisations incorporelles,0,0,0.0,0.0,0.0,0.0,0.0,0.0,0.0,0.0,60000.0,0.0,0.0,0.0,0.0,0.0,0.0,50.55,-50.55
051,DADN,3120,31,charge,Alimentation et élimination des biens-fonds PA,0,0,3200.0,3200.0,3200.0,3200.0,4000.0,4000.0,3500.0,123800.0,116600.0,4483.45,1952.8,1259.2,1071.65,6458.05,1205.2,122970.59,99070.52
051,DADN,3130,31,charge,Prestations de services de tiers,0,0,1019500.0,1019500.0,1013000.0,1020000.0,172000.0,186600.0,177400.0,189100.0,220100.0,850966.41,839165.62,822779.87,131348.96,197868.64,132504.46,183980.73,141450.5
051,DADN,3132,31,charge,"Honoraires Conseillers externes, experts, spécialistes, etc.",0,0,626500.0,612200.0,2157500.0,2557500.0,1410500.0,1387900.0,881400.0,635000.0,249400.0,66108.88,25443.95,124643.8,110841.33,854980.33,148193.52,362132.65,244351.7
051,DADN,3133,31,charge,Charges d'utilisations informatiques,0,0,0.0,0.0,0.0,0.0,0.0,0.0,0.0,10000.0,10000.0,0.0,0.0,0.0,0.0,0.0,0.0,7021.2,223.75
051,DADN,3134,31,charge,Primes d'assurances choses,0,0,0.0,0.0,0.0,0.0,0.0,0.0,0.0,500.0,0.0,0.0,0.0,0.0,0.0,0.0,0.0,0.0,0.0
051,DADN,3137,31,charge,Impôts et taxes,0,0,0.0,0.0,0.0,0.0,0.0,0.0,0.0,10000.0,3000.0,0.0,0.0,0.0,0.0,0.0,0.0,3419.37,2009.61
051,DADN,3150,31,charge,Entretien de meubles et appareils de bureau,0,0,5500.0,5500.0,5500.0,5500.0,5000.0,3500.0,3500.0,6400.0,4400.0,702.4,499.8,1025.35,454.85,0.0,2096.21,466.0,702.65
051,DADN,3151,31,charge,"Entretien de machines, appareils, véhicules",0,0,0.0,0.0,0.0,0.0,0.0,0.0,0.0,172000.0,172000.0,0.0,0.0,0.0,0.0,0.0,0.0,227732.23,171592.75
051,DADN,3156,31,charge,Entretien des appareils médicaux et de laboratoire,0,0,0.0,0.0,0.0,0.0,0.0,0.0,0.0,250000.0,305000.0,0.0,0.0,0.0,0.0,0.0,0.0,254309.32,269764.76
051,DADN,3160,31,charge,Loyer et bail à ferme des biens-fonds,0,0,710000.0,710000.0,710000.0,710000.0,710000.0,777400.0,755400.0,626800.0,623900.0,681212.4,679430.55,678216.6,691793.8,646469.05,624635.55,777846.91,698251.81
051,DADN,3161,31,charge,"Loyers, frais d'utilisation des immobilisations",0,0,26500.0,26500.0,26500.0,24500.0,19500.0,13500.0,11500.0,64300.0,64300.0,16008.05,13223.15,9426.9,6681.3,8346.1,6905.7,52137.31,32355.7
051,DADN,3169,31,charge,Autres loyers et frais d'utilisation,0,0,355800.0,355800.0,355800.0,355800.0,355800.0,355800.0,355800.0,345800.0,353500.0,271646.7,311860.15,318915.75,197696.4,268969.55,242892.55,346681.8,248124.2
051,DADN,3170,31,charge,Dédommagements - Frais de déplacement et autres frais,0,0,55000.0,55000.0,55000.0,50000.0,25000.0,19500.0,18000.0,253500.0,259900.0,23796.13,25898.6,12488.55,8388.25,8991.35,10259.6,242762.9,210927.6
051,DADN,3180,31,charge,Réévaluations sur créances,0,0,0.0,0.0,0.0,0.0,0.0,0.0,0.0,0.0,0.0,0.0,0.0,0.0,0.0,0.0,0.0,7849.55,-216.1
051,DADN,3181,31,charge,Pertes sur créance effectives,0,0,0.0,0.0,0.0,0.0,0.0,0.0,0.0,33000.0,6000.0,72.0,0.0,0.0,0.0,0.0,0.0,31324.58,44659.4
051,DADN,3190,31,charge,Prestations de dommages et intérêts,0,0,0.0,0.0,0.0,0.0,0.0,0.0,0.0,0.0,0.0,0.0,0.0,0.0,0.0,0.0,0.0,366.45,0.0
051,DADN,3199,31,charge,Autres charges d'exploitation,0,0,2000.0,2000.0,1000.0,1000.0,0.0,0.0,0.0,1000.0,0.0,0.0,0.0,0.0,0.0,0.0,0.0,0.0,0.0
051,DADN,3400,34,charge,Intérêts passifs des engagements courants,0,0,0.0,0.0,0.0,0.0,0.0,0.0,0.0,0.0,0.0,0.0,0.0,0.0,0.0,0.0,0.0,0.0,1000.0
051,DADN,3419,34,charge,Autres pertes réalisées à partir du patrimoine financier,0,0,0.0,0.0,0.0,0.0,0.0,0.0,0.0,0.0,0.0,-647.82,9.47,26.67,1.62,0.0,0.0,835.39,2446.92
051,DADN,3499,34,charge,Autres charges financières,0,0,0.0,0.0,0.0,0.0,0.0,0.0,0.0,0.0,0.0,0.99,-0.9,0.0,0.0,0.0,0.0,-0.65,77.44
051,DADN,3511,35,charge,Attributions aux fonds sous capital propre,0,0,300000.0,300000.0,300000.0,300000.0,0.0,0.0,0.0,0.0,0.0,300000.0,300000.0,300000.0,0.0,0.0,0.0,0.0,0.0
051,DADN,3610,36,charge,Dédommagements à la Confédération,0,0,0.0,0.0,0.0,0.0,0.0,0.0,0.0,30000.0,30000.0,0.0,0.0,0.0,0.0,0.0,0.0,26086.7,43707.77
051,DADN,3631,36,charge,Subventions accordées aux cantons et aux concordats,0,0,300000.0,300000.0,300000.0,300000.0,0.0,0.0,0.0,0.0,0.0,78462.0,26651.4,14021.48,0.0,0.0,0.0,0.0,0.0
051,DADN,3632,36,charge,Subventions accordées aux communes et ass intercommunales,0,0,0.0,0.0,0.0,0.0,0.0,0.0,0.0,0.0,0.0,0.0,0.0,32000.0,0.0,0.0,0.0,0.0,0.0
051,DADN,3634,36,charge,Subventions accordées aux entreprises publiques,0,0,0.0,0.0,0.0,0.0,0.0,0.0,0.0,0.0,0.0,117345.9,141832.54,120849.8,0.0,0.0,0.0,0.0,0.0
051,DADN,3635,36,charge,Subventions accordées aux entreprises privées,0,0,0.0,0.0,0.0,0.0,0.0,0.0,0.0,0.0,0.0,20000.0,74500.0,59262.3,0.0,0.0,0.0,0.0,0.0
051,DADN,3636,36,charge,Subventions accordées aux org privées à but non lucratif,0,0,0.0,0.0,0.0,0.0,0.0,0.0,0.0,0.0,0.0,26990.4,32704.0,47025.0,0.0,50000.0,0.0,0.0,0.0
051,DADN,4210,42,revenu,Emoluments pour actes administratifs,0,0,0.0,0.0,0.0,0.0,0.0,0.0,0.0,1675000.0,1675000.0,0.0,0.0,0.0,0.0,0.0,0.0,1748230.34,1818270.5
051,DADN,4250,42,revenu,Ventes,0,0,60000.0,60000.0,60000.0,60000.0,30000.0,15000.0,15000.0,15000.0,15000.0,37982.0,35877.0,34474.8,32655.8,29912.6,6288.0,6144.0,6352.0
051,DADN,4260,42,revenu,Remboursements et participations de tiers,0,0,10400.0,10400.0,10400.0,10400.0,6900.0,6300.0,6300.0,9100.0,9100.0,18280.65,7551.4,6876.4,5412.95,22292.62,7112.6,12152.89,7074.3
051,DADN,4309,43,revenu,Autres revenus d'exploitation,0,0,213000.0,260000.0,181000.0,272800.0,258200.0,260000.0,290000.0,263000.0,313000.0,257804.3,242393.05,246025.3,249785.0,265376.25,288086.85,280970.36,474476.2
051,DADN,4390,43,revenu,Autres revenus,0,0,0.0,0.0,91800.0,0.0,0.0,0.0,0.0,0.0,0.0,0.0,0.0,0.0,450.0,2200.0,4500.0,2250.0,4000.0
051,DADN,4419,44,revenu,Autres gains réalisés à partir du patrimoine financier,0,0,0.0,0.0,0.0,0.0,0.0,0.0,0.0,0.0,0.0,0.0,5.99,38.97,0.0,17.39,0.9,599.78,411.48
051,DADN,4440,44,revenu,Réévaluation autres placements financiers PF,0,0,0.0,0.0,0.0,0.0,0.0,0.0,0.0,0.0,0.0,0.0,0.0,0.0,0.0,0.0,0.0,-546.7,2175.6
051,DADN,4511,45,revenu,Prélèvements sur les fonds sous capital propre,0,0,300000.0,300000.0,300000.0,300000.0,0.0,0.0,0.0,0.0,0.0,242798.3,275687.94,273158.58,0.0,0.0,0.0,0.0,0.0
051,DADN,4610,46,revenu,Dédommagements de la Confédération,0,0,0.0,0.0,100000.0,100000.0,0.0,0.0,0.0,0.0,0.0,0.0,0.0,0.0,0.0,0.0,0.0,0.0,0.0
052,DFTS,3010,30,charge,Salaires du personnel administratif et d'exploitation,0,0,73670800.0,74191800.0,75565500.0,77348000.0,78348500.0,78264800.0,78502800.0,81776800.0,82732200.0,71435712.6,72246961.95,72720416.9,73010156.1,73293987.95,75723691.9,78240751.68,80556034.15
052,DFTS,3030,30,charge,Travailleurs temporaires,0,0,3721800.0,4001800.0,4403300.0,4403300.0,3792900.0,4101900.0,2861300.0,2865600.0,2879100.0,3012697.31,3134328.25,3698369.35,3309430.0,2767426.65,2742739.65,3292201.1,2312342.99
052,DFTS,3049,30,charge,Autres Indemnités,0,0,47100.0,61400.0,50600.0,50600.0,60000.0,75000.0,75000.0,60000.0,60000.0,52635.9,50853.3,50485.05,51724.1,59888.55,56046.75,49796.05,53780.3
052,DFTS,3050,30,charge,"Cotisations patronales AVS, APG, AC, frais administratifs",0,0,4932100.0,5243000.0,5226200.0,5479600.0,5391300.0,5437800.0,5373100.0,5586400.0,5649900.0,4700297.37,4769051.14,4962074.82,4969464.84,4952533.04,5130941.0,5329394.11,5418806.77
052,DFTS,3052,30,charge,Cotisations patronales aux caisses de pension,0,0,8974400.0,9233100.0,9268900.0,9484800.0,9540300.0,9568500.0,9447800.0,9894700.0,10006500.0,8565334.85,8698170.2,8780626.85,8741484.45,8742697.5,8936224.8,9288369.85,9441984.42
052,DFTS,3053,30,charge,Cotisations patronales aux assurances-accidents,0,0,93800.0,97300.0,126400.0,130200.0,135400.0,140400.0,137800.0,131400.0,129400.0,96595.33,98612.06,125228.17,125508.66,125054.21,128827.26,133426.69,124251.5
052,DFTS,3054,30,charge,Cotisations patronales aux caisses d'allocations familiales,0,0,2146200.0,2230100.0,2216800.0,2265900.0,2276600.0,2198400.0,2169500.0,2169000.0,2190900.0,1645011.73,2083168.95,2106546.09,2104151.59,2100176.05,2087089.4,2166587.33,2111636.94
052,DFTS,3059,30,charge,Autres cotisations patronales,0,0,47000.0,48800.0,48300.0,49500.0,49800.0,49900.0,49300.0,51900.0,77200.0,44563.45,45544.95,46044.93,46016.63,45881.59,47307.56,49118.2,49959.87
052,DFTS,3090,30,charge,Formation et perfectionnement du propre personnel,0,0,560300.0,560300.0,560000.0,560000.0,654000.0,654000.0,654000.0,654000.0,690000.0,471801.85,520616.3,207304.0,360618.45,472142.25,642330.87,437565.44,478501.15
052,DFTS,3099,30,charge,Autres charges de personnel,0,0,65000.0,65000.0,65000.0,65000.0,65000.0,65000.0,55000.0,55000.0,55000.0,39519.42,47418.88,19387.8,23984.84,46824.65,48617.4,41059.3,40534.6
052,DFTS,3100,31,charge,Matériel de bureau,0,0,335000.0,335000.0,335000.0,312000.0,305000.0,293500.0,203500.0,153500.0,153500.0,355047.88,290400.7,212838.34,184785.23,133824.9,141971.78,126840.34,139641.75
052,DFTS,3101,31,charge,"Matériel d'exploitation, fournitures",0,0,26000.0,26000.0,30000.0,35000.0,38500.0,50000.0,50000.0,43000.0,50000.0,23268.4,24293.0,22669.15,29151.55,33915.49,45248.85,31006.79,32528.07
052,DFTS,3102,31,charge,"Imprimés, publications",0,0,2360000.0,2060000.0,2550000.0,2550000.0,2550000.0,2315000.0,2315000.0,1660000.0,1660000.0,2031216.8,2124761.45,2232178.5,2145755.5,2146481.49,2127387.4,2240613.3,1824157.4
052,DFTS,3103,31,charge,"Littérature spécialisée, magazines",0,0,60000.0,50000.0,46000.0,46000.0,46000.0,46000.0,36000.0,33000.0,36000.0,36672.4,31711.4,34816.86,32230.15,30536.97,29277.15,34563.94,28293.4
052,DFTS,3104,31,charge,Matériel didactique,0,0,0.0,0.0,0.0,0.0,1000.0,1000.0,1000.0,1000.0,1000.0,0.0,0.0,0.0,0.0,241.63,510.03,638.01,471.73
052,DFTS,3106,31,charge,Matériel médical et de laboratoire,0,0,0.0,0.0,0.0,0.0,2000.0,2000.0,2000.0,2000.0,2000.0,0.0,0.0,0.0,0.0,1139.8,210.93,50.4,177.2
052,DFTS,3110,31,charge,Meubles et appareils de bureau,0,0,0.0,0.0,0.0,0.0,261000.0,246000.0,196000.0,126000.0,126000.0,14754.5,87797.95,0.0,0.0,1204583.54,230181.77,221579.94,72185.95
052,DFTS,3111,31,charge,"Machines, appareils et véhicules",0,0,0.0,0.0,0.0,0.0,500.0,500.0,2000.0,2000.0,33000.0,0.0,0.0,0.0,0.0,836.1,722.19,659.85,960.41
052,DFTS,3113,31,charge,Matériel informatique,0,0,0.0,0.0,0.0,0.0,20000.0,20000.0,13500.0,11500.0,13500.0,0.0,0.0,0.0,0.0,8698.4,1154.5,7461.45,9708.1
052,DFTS,3120,31,charge,Alimentation et élimination des biens-fonds PA,0,0,232000.0,212000.0,212000.0,212000.0,212000.0,212000.0,212000.0,212000.0,212000.0,193450.0,176760.7,165913.0,159558.2,142583.05,147185.4,158517.7,136471.25
052,DFTS,3130,31,charge,Prestations de services de tiers,0,0,13208100.0,13229100.0,13225500.0,12923700.0,10929600.0,10929600.0,10960600.0,10498600.0,8153600.0,13097209.8,13117093.1,12805195.24,9841537.73,12117738.29,10581766.81,10220760.26,16744995.93
052,DFTS,3132,31,charge,"Honoraires Conseillers externes, experts, spécialistes, etc.",0,0,190000.0,140000.0,125000.0,125000.0,125000.0,115000.0,80000.0,40000.0,40000.0,60006.38,85213.95,21192.65,40228.45,4085.5,11777.0,31678.0,87875.8
052,DFTS,3137,31,charge,Impôts et taxes,0,0,100000.0,110000.0,125000.0,125000.0,125000.0,135000.0,135000.0,135000.0,161000.0,113473.12,122449.89,115219.52,136232.48,96668.73,166505.24,138396.87,166521.64
052,DFTS,3150,31,charge,Entretien de meubles et appareils de bureau,0,0,386000.0,386000.0,386000.0,386000.0,105000.0,120000.0,272000.0,122000.0,122000.0,335090.4,367783.61,408766.2,363088.28,113852.09,84394.2,81241.04,228501.22
052,DFTS,3160,31,charge,Loyer et bail à ferme des biens-fonds,0,0,5496000.0,5504800.0,5593900.0,5569300.0,5444700.0,5431900.0,5418100.0,5321200.0,5367600.0,5476711.85,5516360.9,5542209.05,5554897.3,5621395.92,5500276.65,5396212.85,5368700.75
052,DFTS,3161,31,charge,"Loyers, frais d'utilisation des immobilisations",0,0,260000.0,260000.0,260000.0,260000.0,260000.0,260000.0,219000.0,219000.0,219000.0,189060.7,189482.8,209241.35,253509.3,219886.7,194893.5,145284.7,144739.55
052,DFTS,3169,31,charge,Autres loyers et frais d'utilisation,0,0,0.0,0.0,0.0,0.0,0.0,0.0,36000.0,1000.0,0.0,0.0,0.0,0.0,0.0,0.0,0.0,0.0,0.0
052,DFTS,3170,31,charge,Dédommagements - Frais de déplacement et autres frais,0,0,196000.0,195000.0,185000.0,185000.0,185000.0,185000.0,185000.0,172000.0,172000.0,188250.55,158844.45,80431.0,82317.25,131985.95,144954.75,117009.85,92124.17
052,DFTS,3180,31,charge,Réévaluations sur créances,0,0,0.0,0.0,0.0,0.0,0.0,0.0,0.0,0.0,0.0,-1851904.0,41730070.0,-4142714.0,-21725184.28,-21533425.65,30975420.1,55559568.78,556001.71
052,DFTS,3181,31,charge,Pertes sur créance effectives,0,0,64170000.0,75000000.0,85000000.0,85000000.0,85000000.0,85000000.0,79000000.0,82000000.0,82000000.0,99395248.18,92232335.8,81977707.42,80394876.12,78309798.49,72106620.89,88831298.3,87577888.5
052,DFTS,3199,31,charge,Autres charges d'exploitation,0,0,10000.0,10000.0,20000.0,20000.0,20000.0,20000.0,20000.0,17000.0,20000.0,9178.85,3059.4,8208.45,13856.15,11895.27,8020.85,8744.6,6796.94
052,DFTS,3400,34,charge,Intérêts passifs des engagements courants,0,0,4000000.0,3500000.0,2700000.0,2700000.0,2700000.0,2177500.0,2300000.0,0.0,0.0,3319876.9,2761474.57,2663540.72,1230297.47,731640.03,697259.4,1918114.85,4467886.67
052,DFTS,3419,34,charge,Autres pertes réalisées à partir du patrimoine financier,0,0,0.0,0.0,0.0,0.0,0.0,0.0,0.0,0.0,0.0,56.93,0.0,0.0,28.06,0.0,0.0,0.0,0.0
052,DFTS,3499,34,charge,Autres charges financières,0,0,0.0,0.0,0.0,0.0,0.0,0.0,9000.0,3509000.0,3809000.0,1.7,4.94,7.89,4.28,4.68,6.13,0.69,9580.77
052,DFTS,3602,36,charge,Parts de revenus destinées aux comm/assoc intercommunales,0,0,123400000.0,158242000.0,160000000.0,166000000.0,191000000.0,217000000.0,222170000.0,230300000.0,223170000.0,140983359.9,134409695.7,196437687.66,211503518.13,211631926.13,219410140.57,223278468.95,235503574.66
052,DFTS,4000,40,revenu,"Impôts sur le revenu, personnes physiques",0,0,3608000000.0,3620135000.0,3581000000.0,3722400000.0,3761000000.0,3720000000.0,3995000000.0,3967000000.0,3998000000.0,3633420019.22,3787449534.26,3757872650.81,3823951094.13,3830664148.6,3943282032.88,3996357106.12,3857150529.13
052,DFTS,4001,40,revenu,"Impôts sur la fortune, personnes physiques",0,0,620000000.0,676637000.0,673000000.0,690000000.0,755000000.0,780000000.0,841000000.0,850000000.0,910000000.0,708684517.76,729833855.29,714026364.17,802781534.47,793046919.14,809710664.68,819656787.45,869020159.65
052,DFTS,4002,40,revenu,"Impôts à la source, personnes physiques",0,0,280000000.0,253000000.0,250000000.0,255000000.0,260000000.0,290000000.0,300000000.0,315000000.0,328000000.0,269648222.8,258398881.92,279946111.45,261817532.53,299856588.53,298423454.59,309488834.7,326311628.73
052,DFTS,4009,40,revenu,"Autres impôts directs, personnes physiques",0,0,129300000.0,124371000.0,123000000.0,116000000.0,114000000.0,114000000.0,116000000.0,122000000.0,126000000.0,124022977.36,125941681.23,116618027.83,120665945.78,120569206.29,122413167.85,136028280.61,128784366.22
052,DFTS,4010,40,revenu,"Impôts sur le bénéfice, personnes morales",0,0,342000000.0,366233000.0,375000000.0,446000000.0,519000000.0,651000000.0,690000000.0,870000000.0,1063000000.0,583119533.3,452540473.85,691614147.1,605387789.7,661086608.46,751907922.82,796791930.12,909217693.1
052,DFTS,4011,40,revenu,"Impôts sur le capital, personnes morales",0,0,100000000.0,95874000.0,73000000.0,74000000.0,76000000.0,76000000.0,90000000.0,90000000.0,75000000.0,98413368.4,101767789.7,85087675.35,88516211.7,79340671.55,97033287.3,82821972.6,84897575.3
052,DFTS,4019,40,revenu,"Autres impôts directs, personnes morales",0,0,30000000.0,30000000.0,30000000.0,30000000.0,35000000.0,38000000.0,43000000.0,45000000.0,45000000.0,38765914.4,35891783.05,40862432.45,41335869.7,43140994.2,46142191.85,47517020.45,45092539.8
052,DFTS,4022,40,revenu,Impôts sur les gains en capital,0,0,195000000.0,199592000.0,200000000.0,175000000.0,240000000.0,285000000.0,295000000.0,295000000.0,310000000.0,249745729.3,239558590.1,277097543.75,324355279.85,292977840.6,292022473.15,296399791.55,330196938.85
052,DFTS,4023,40,revenu,Droits de mutation et de timbre,0,0,169000000.0,172200000.0,173000000.0,179000000.0,200000000.0,220000000.0,235000000.0,235000000.0,236000000.0,201937155.65,191194710.8,207643602.55,257486257.1,238863820.45,236153960.2,220216604.2,251000616.55
052,DFTS,4024,40,revenu,Impôts sur les successions et donations,0,0,85000000.0,104700000.0,105000000.0,105000000.0,125000000.0,125000000.0,135000000.0,135000000.0,150000000.0,134925379.45,122975189.7,150081988.45,156406107.7,126500978.75,129855106.3,166221858.1,221190612.5
052,DFTS,4033,40,revenu,Impôts sur les chiens,0,0,4000000.0,4000000.0,4000000.0,4000000.0,4000000.0,4600000.0,4700000.0,4800000.0,4800000.0,4043205.0,4100640.0,4276900.0,4417475.0,4563975.0,4664500.0,4760841.0,4769350.0
052,DFTS,4210,42,revenu,Emoluments pour actes administratifs,0,0,40000000.0,42500000.0,43000000.0,43000000.0,43000000.0,43000000.0,45000000.0,45000000.0,48500000.0,46023959.17,47579447.46,47088480.85,53131970.54,49279446.83,49074787.11,46008642.54,51404431.85
052,DFTS,4250,42,revenu,Ventes,0,0,25000.0,25000.0,30000.0,30000.0,30000.0,30000.0,30000.0,30000.0,30000.0,21000.8,19730.09,16582.85,16551.43,14038.98,13251.98,12613.27,12513.99
052,DFTS,4260,42,revenu,Remboursements et participations de tiers,0,0,720100.0,755100.0,750000.0,750000.0,750000.0,750000.0,750000.0,800000.0,800000.0,745958.0,730536.95,847721.6,788774.45,813142.45,942511.75,931926.4,961449.6
052,DFTS,4270,42,revenu,Amendes,0,0,12500000.0,13000000.0,13000000.0,13000000.0,13000000.0,13000000.0,15000000.0,16000000.0,16000000.0,13147270.0,13901755.35,13180935.0,12610225.0,14677884.0,15744276.0,16771504.0,17161816.75
052,DFTS,4309,43,revenu,Autres revenus d'exploitation,0,0,20000.0,20000.0,10000.0,10000.0,10000.0,10000.0,10000.0,10000.0,10000.0,8880.0,5160.0,360.0,420.0,480.0,440.0,180.0,1140.0
052,DFTS,4401,44,revenu,Intérêts des créances et comptes courants,0,0,38000000.0,40000000.0,40000000.0,45000000.0,45000000.0,45000000.0,45000000.0,50000000.0,50000000.0,46159085.0,53680133.99,51446288.07,53784017.39,47110534.08,44733031.18,54800246.56,49973204.59
052,DFTS,4419,44,revenu,Autres gains réalisés à partir du patrimoine financier,0,0,0.0,0.0,0.0,0.0,0.0,0.0,0.0,0.0,0.0,0.0,11.78,0.0,0.0,0.0,0.0,0.0,0.0
052,DFTS,4600,46,revenu,Part aux revenus de la Confédération,0,0,415000000.0,517500000.0,520000000.0,550000000.0,555000000.0,560000000.0,580000000.0,630000000.0,663000000.0,539589384.89,510959188.37,670975822.96,571692625.38,564088740.34,588067343.45,620870906.34,672045213.39
052,DFTS,4612,46,revenu,Dédommagements des communes et associations intercommunales,0,0,30000.0,30000.0,30000.0,30000.0,30000.0,30000.0,30000.0,30000.0,30000.0,41046.4,20609.85,17453.15,22486.9,19595.9,23068.5,20398.05,16100.3
053,DFTS,3010,30,charge,Salaires du personnel administratif et d'exploitation,0,0,2632100.0,2515800.0,2565900.0,2670300.0,36393500.0,52855600.0,19926700.0,2881900.0,2905000.0,2343285.21,2308050.6,2395033.9,2604402.95,2569606.1,2603982.9,2826134.85,2869108.0
053,DFTS,3030,30,charge,Travailleurs temporaires,0,0,270800.0,270800.0,270800.0,270800.0,270800.0,270800.0,200000.0,150800.0,168800.0,98568.1,46543.25,48263.15,8226.5,0.0,0.0,23539.9,10925.4
053,DFTS,3049,30,charge,Autres Indemnités,0,0,0.0,0.0,0.0,0.0,0.0,0.0,0.0,0.0,0.0,0.0,0.0,0.0,0.0,0.0,0.0,236.0,8.0
053,DFTS,3050,30,charge,"Cotisations patronales AVS, APG, AC, frais administratifs",0,0,185500.0,194100.0,184000.0,195400.0,195900.0,198700.0,188800.0,198500.0,201400.0,152476.19,148041.0,157582.3,169174.96,166411.03,168420.52,184393.58,186125.24
053,DFTS,3052,30,charge,Cotisations patronales aux caisses de pension,0,0,374400.0,345000.0,331300.0,343500.0,351600.0,354800.0,337100.0,354500.0,359700.0,300149.75,291213.3,304259.0,323943.4,319586.0,329110.2,360215.7,363488.1
053,DFTS,3053,30,charge,Cotisations patronales aux assurances-accidents,0,0,8900.0,3600.0,4400.0,4500.0,4600.0,4600.0,4400.0,4400.0,4400.0,2937.66,2727.12,3595.52,3848.31,3796.15,3813.28,4165.24,3820.9
053,DFTS,3054,30,charge,Cotisations patronales aux caisses d'allocations familiales,0,0,79600.0,82500.0,78000.0,80800.0,82700.0,80700.0,76500.0,77400.0,78100.0,53688.0,65259.31,67405.36,71849.72,70667.35,69006.24,75525.93,73153.28
053,DFTS,3059,30,charge,Autres cotisations patronales,0,0,1900.0,1800.0,1800.0,1800.0,1800.0,1900.0,1700.0,1800.0,2800.0,1453.1,1426.1,1472.48,1569.75,1544.15,1561.51,1711.83,1727.44
053,DFTS,3099,30,charge,Autres charges de personnel,0,0,15470400.0,14004300.0,16004300.0,16004300.0,16004300.0,16488200.0,16702200.0,16702200.0,16869700.0,24051607.0,15454198.6,14000290.35,16002054.65,16002495.05,16226598.0,16536674.1,16636734.9
053,DFTS,3100,31,charge,Matériel de bureau,0,0,4700.0,4700.0,4700.0,4200.0,4200.0,4200.0,4200.0,4200.0,4200.0,3245.05,1771.3,2015.05,2571.05,1643.63,1694.87,2461.12,1692.38
053,DFTS,3101,31,charge,"Matériel d'exploitation, fournitures",0,0,0.0,0.0,0.0,0.0,500.0,600.0,600.0,600.0,600.0,0.0,0.0,0.0,43.7,174.08,121.73,158.18,213.47
053,DFTS,3102,31,charge,"Imprimés, publications",0,0,68900.0,78000.0,78000.0,75000.0,75000.0,143000.0,143000.0,123000.0,123000.0,72640.45,74823.55,65416.25,74086.55,95727.05,119929.9,120791.1,89197.7
053,DFTS,3103,31,charge,"Littérature spécialisée, magazines",0,0,1900.0,2000.0,2000.0,2000.0,2000.0,2000.0,2000.0,2000.0,2000.0,1357.0,3205.0,1833.0,1835.0,1840.0,1896.8,1795.59,1837.0
053,DFTS,3104,31,charge,Matériel didactique,0,0,0.0,0.0,0.0,0.0,0.0,0.0,0.0,0.0,0.0,0.0,0.0,0.0,0.0,0.0,0.0,5.71,2.42
053,DFTS,3106,31,charge,Matériel médical et de laboratoire,0,0,0.0,0.0,0.0,500.0,0.0,100.0,100.0,100.0,100.0,0.0,0.0,0.0,0.0,23.54,0.0,23.79,61.2
053,DFTS,3110,31,charge,Meubles et appareils de bureau,0,0,0.0,0.0,0.0,0.0,1000.0,1000.0,1000.0,1000.0,4700.0,1764.15,474.95,7871.05,54.95,0.0,5562.5,0.0,2505.6
053,DFTS,3111,31,charge,"Machines, appareils et véhicules",0,0,0.0,0.0,0.0,0.0,0.0,0.0,0.0,0.0,0.0,0.0,0.0,0.0,0.0,0.0,0.0,0.0,4.1
053,DFTS,3113,31,charge,Matériel informatique,0,0,0.0,0.0,0.0,0.0,800.0,800.0,800.0,800.0,800.0,0.0,0.0,0.0,0.0,219.9,0.0,0.0,116.73
053,DFTS,3120,31,charge,Alimentation et élimination des biens-fonds PA,0,0,2000.0,2000.0,2000.0,2000.0,2000.0,2000.0,2000.0,2000.0,2000.0,1895.3,1042.0,777.25,1431.85,2442.1,1055.55,332.4,1358.3
053,DFTS,3130,31,charge,Prestations de services de tiers,0,0,2150000.0,2117800.0,2768500.0,3108100.0,2119100.0,2119100.0,274100.0,269100.0,254100.0,2099610.88,2060863.9,1966282.6,1895258.71,1636406.06,1644770.22,1725910.98,226575.65
053,DFTS,3132,31,charge,"Honoraires Conseillers externes, experts, spécialistes, etc.",0,0,47500.0,47500.0,47500.0,47500.0,47500.0,67000.0,45000.0,29000.0,16000.0,41787.55,19188.6,32341.25,13131.05,12793.95,3037.2,3592.15,3064.4
053,DFTS,3137,31,charge,Impôts et taxes,0,0,0.0,0.0,0.0,0.0,0.0,0.0,12000000.0,0.0,0.0,2.35,0.0,0.0,0.0,0.0,0.0,0.0,13456538.44
053,DFTS,3150,31,charge,Entretien de meubles et appareils de bureau,0,0,0.0,0.0,0.0,400.0,1000.0,1000.0,1000.0,1000.0,1000.0,0.0,0.0,0.0,287.35,821.2,820.15,552.4,778.3
053,DFTS,3159,31,charge,Entretien d'autres biens meubles,0,0,0.0,0.0,0.0,0.0,0.0,0.0,0.0,0.0,0.0,0.0,0.0,0.0,0.0,3359.0,0.0,0.0,0.0
053,DFTS,3160,31,charge,Loyer et bail à ferme des biens-fonds,0,0,0.0,0.0,0.0,0.0,0.0,0.0,0.0,187900.0,216000.0,0.0,0.0,0.0,0.0,0.0,0.0,0.0,90624.0
053,DFTS,3161,31,charge,"Loyers, frais d'utilisation des immobilisations",0,0,12000.0,10000.0,10000.0,10000.0,10000.0,10000.0,10000.0,9000.0,9000.0,8747.3,7513.25,5927.1,7443.95,5885.85,5615.2,4769.8,5200.05
053,DFTS,3170,31,charge,Dédommagements - Frais de déplacement et autres frais,0,0,6500.0,5500.0,5500.0,5500.0,5500.0,5500.0,5500.0,6500.0,6500.0,3434.55,3549.2,4234.6,3321.85,3184.8,6062.8,5509.05,4708.4
053,DFTS,3300,33,charge,Amortissements planifiés immobilisations corporelles PA,0,0,121185700.0,122317400.0,123339300.0,139136600.0,155194000.0,158917200.0,191288800.0,208800300.0,225727500.0,103944532.73,96085683.98,107278829.76,116295621.5,131227514.92,150538962.9,174808568.42,191380205.93
053,DFTS,3301,33,charge,Amortissements non planifiés des immo corporelles PA,0,0,0.0,0.0,0.0,0.0,0.0,0.0,0.0,0.0,0.0,211127493.3,18202626.79,0.0,0.0,0.0,0.0,0.0,0.0
053,DFTS,3320,33,charge,Amortissements planifiés immobilisations incorporelles PA,0,0,16013000.0,19857500.0,22028700.0,31494100.0,39328700.0,48409200.0,56691100.0,59783100.0,60108700.0,4501484.45,8463380.04,11941098.33,24924060.21,36717798.54,47828779.26,56413898.46,53773418.91
053,DFTS,3321,33,charge,Amortissements non planifiés des immo incorporelles PA,0,0,0.0,0.0,0.0,0.0,0.0,0.0,0.0,0.0,0.0,15421755.4,14113644.86,0.0,0.0,0.0,0.0,0.0,0.0
053,DFTS,3400,34,charge,Intérêts passifs des engagements courants,0,0,0.0,0.0,0.0,0.0,0.0,1214000.0,526000.0,200000.0,135000.0,0.0,0.0,0.0,0.0,0.0,140027.08,131693.98,2989.65
053,DFTS,3401,34,charge,Intérêts passifs des engagements financiers,0,0,16666700.0,18125000.0,17083300.0,14949300.0,13432900.0,11050000.0,10000000.0,10250000.0,10250000.0,13750000.0,13750000.0,13750000.0,13750000.0,12199305.56,11000000.0,10966666.67,10000000.0
053,DFTS,3419,34,charge,Autres pertes réalisées à partir du patrimoine financier,0,0,0.0,150000.0,150000.0,150000.0,150000.0,150000.0,150000.0,150000.0,150000.0,-30326.99,108255.09,48420.58,158711.46,258203.75,154564.2,35970.81,91032.01
053,DFTS,3420,34,charge,Acquisition et administration de capital,0,0,2597500.0,2637500.0,2637500.0,2927500.0,2860000.0,1227000.0,134600.0,1120000.0,1120000.0,139885.89,137679.1,149390.58,141888.86,161094.6,106225.09,117192.06,76917.88
053,DFTS,3499,34,charge,Autres charges financières,0,0,15843300.0,30160000.0,28040000.0,26964100.0,317100.0,0.0,1570700.0,1490000.0,1458200.0,17025621.55,20483941.9,19650972.57,23758677.68,17441353.66,322083.34,0.0,1363840.48
053,DFTS,3510,35,charge,Attributions aux financements spéciaux sous capital propre,0,0,0.0,0.0,0.0,0.0,0.0,0.0,0.0,0.0,0.0,0.0,10303744.5,0.0,200000000.0,0.0,0.0,0.0,0.0
053,DFTS,3511,35,charge,Attributions aux fonds sous capital propre,0,0,0.0,0.0,0.0,0.0,0.0,0.0,0.0,0.0,0.0,0.0,7199000.0,105000000.0,10000000.0,80000000.0,0.0,0.0,0.0
053,DFTS,3612,36,charge,Dédommagements aux communes et associations intercommunales,0,0,0.0,0.0,0.0,0.0,0.0,0.0,0.0,0.0,0.0,23000000.0,0.0,0.0,0.0,0.0,0.0,0.0,0.0
053,DFTS,3621,36,charge,Péréqu fin et compens des charges aux cantons et concordats,0,0,8116800.0,7609000.0,13326400.0,6594900.0,6087600.0,5580300.0,5430400.0,4565700.0,4058400.0,8624064.0,8116766.0,7609468.0,13327326.0,6594873.0,6087575.0,5580277.0,5430370.0
053,DFTS,3631,36,charge,Subventions accordées aux cantons et aux concordats,0,0,0.0,0.0,0.0,0.0,0.0,0.0,0.0,0.0,3337800.0,0.0,0.0,0.0,0.0,0.0,0.0,0.0,0.0
053,DFTS,3636,36,charge,Subventions accordées aux org privées à but non lucratif,0,0,0.0,0.0,0.0,0.0,37126100.0,74247000.0,39096200.0,0.0,0.0,156913250.0,51814650.0,0.0,0.0,0.0,0.0,0.0,0.0
053,DFTS,3650,36,charge,Réévaluations des participations PA,0,0,0.0,0.0,0.0,0.0,0.0,0.0,0.0,0.0,0.0,0.0,0.0,300.0,0.0,0.0,0.0,0.0,0.0
053,DFTS,3660,36,charge,Amortissements planifiés des subventions d'investissement,0,0,5321000.0,5255300.0,5827500.0,7759500.0,8906200.0,11354000.0,15736300.0,19318500.0,21891900.0,1742189.79,428053.68,1002815.15,3196954.07,6652505.69,8635806.17,10837076.61,13848570.5
053,DFTS,3661,36,charge,"Amortissements non planifiés, subventions d'investissement",0,0,0.0,0.0,0.0,0.0,0.0,0.0,0.0,0.0,0.0,68493732.31,48656467.67,0.0,0.0,0.0,0.0,0.0,0.0
053,DFTS,3800,38,charge,Charges extraordinaires (total du compte de résultat),1,1,0.0,0.0,0.0,0.0,0.0,0.0,0.0,0.0,0.0,71910166.55,458250063.8,261401109.5,449260580.49,681284221.45,385733849.56,473870471.45,0.0
053,DFTS,3830,38,charge,Amort supplémentaires des immobilisations corporelles PA,1,0,0.0,0.0,0.0,0.0,0.0,0.0,0.0,0.0,0.0,0.0,0.0,0.0,0.0,0.0,0.0,0.0,-21732956.24
053,DFTS,3839,38,charge,"Amortissements supplémentaires du PA, non attribués",1,0,0.0,0.0,0.0,0.0,0.0,0.0,0.0,0.0,0.0,0.0,0.0,0.0,0.0,0.0,0.0,0.0,-239048.68
053,DFTS,3840,38,charge,Charges financières monétaires extraordinaires,1,0,0.0,0.0,0.0,0.0,0.0,0.0,0.0,0.0,0.0,0.0,0.0,0.0,0.0,0.0,0.0,0.0,1224.2
053,DFTS,3876,38,charge,Amortissements suppl des subventions d'investissement PA,1,0,0.0,0.0,0.0,0.0,0.0,0.0,0.0,0.0,0.0,0.0,0.0,0.0,0.0,0.0,0.0,0.0,-14909.46
053,DFTS,3898,38,charge,Attributions aux autres capitaux propres,1,0,0.0,0.0,0.0,0.0,0.0,0.0,0.0,0.0,0.0,0.0,0.0,0.0,0.0,0.0,0.0,0.0,1486701579.67
053,DFTS,4100,41,revenu,Patentes,0,0,140000.0,140000.0,140000.0,140000.0,140000.0,140000.0,140000.0,140000.0,140000.0,143498.1,147034.55,135410.95,161283.35,142515.85,140408.75,140880.55,141085.8
053,DFTS,4110,41,revenu,Part au bénéfice net de la BNS,0,0,62031400.0,62233000.0,124674200.0,124718500.0,187523700.0,125015800.0,106708000.0,62500000.0,62952500.0,124062749.0,124466073.0,249348143.0,374155246.0,375047182.0,0.0,0.0,233370950.0
053,DFTS,4260,42,revenu,Remboursements et participations de tiers,0,0,1200.0,600.0,600.0,60000600.0,25000600.0,600.0,600.0,600.0,600.0,1095.1,1450.3,801.5,2071.15,2290.95,1730.8,1032.4,1732.4
053,DFTS,4309,43,revenu,Autres revenus d'exploitation,0,0,128000000.0,128000000.0,128000000.0,128000000.0,128000000.0,0.0,0.0,0.0,0.0,0.0,0.0,0.0,0.0,0.0,0.0,0.0,0.0
053,DFTS,4400,44,revenu,Intérêts des liquidités,0,0,0.0,0.0,0.0,0.0,0.0,5044900.0,3796500.0,0.0,0.0,0.0,0.0,0.0,0.0,277596.25,5812055.94,6114864.89,445170.54
053,DFTS,4401,44,revenu,Intérêts des créances et comptes courants,0,0,0.0,0.0,0.0,250000.0,250000.0,1249000.0,686300.0,1000000.0,1200000.0,372999.32,371292.68,310782.91,310236.46,191519.38,686293.95,1054418.5,1206068.9
053,DFTS,4402,44,revenu,Intérêts des placements financiers,0,0,0.0,0.0,0.0,0.0,0.0,36056500.0,24051300.0,200000.0,554000.0,239166.67,0.0,0.0,0.0,3279383.41,39870133.36,36351283.19,5317779.24
053,DFTS,4410,44,revenu,Gains provenant des ventes des placements financiers PF,0,0,0.0,0.0,0.0,0.0,0.0,0.0,0.0,0.0,0.0,0.0,0.0,0.0,0.0,0.0,0.0,0.0,201360.0
053,DFTS,4411,44,revenu,Gains provenant des ventes des immo corp et incorp PF,0,0,0.0,0.0,0.0,0.0,0.0,0.0,54000000.0,0.0,0.0,3956184.15,1069681.9,2749621.75,6572409.3,2045540.78,981099.0,493050.0,56466700.0
053,DFTS,4419,44,revenu,Autres gains réalisés à partir du patrimoine financier,0,0,0.0,150000.0,150000.0,150000.0,150000.0,150000.0,150000.0,150000.0,150000.0,0.0,181345.26,190010.11,237985.68,357597.83,118547.89,243223.15,206358.96
053,DFTS,4420,44,revenu,Revenus de participations PF - Dividendes,0,0,33325400.0,50710800.0,52157900.0,52157900.0,53608500.0,55057300.0,62301400.0,63750200.0,63750300.0,33324833.0,50710793.0,52159623.0,52159623.0,53608453.0,55057268.0,62301418.0,63750263.0
053,DFTS,4429,44,revenu,Autres revenus de participations,0,0,0.0,0.0,0.0,0.0,0.0,0.0,0.0,0.0,0.0,0.0,0.0,789.85,0.0,0.0,0.0,0.0,0.0
053,DFTS,4450,44,revenu,Revenus provenant de prêts PA,0,0,3983000.0,3191800.0,3894600.0,4840900.0,4560800.0,4617500.0,4627500.0,4909100.0,5056200.0,1688135.0,1780201.0,2681276.0,3666766.0,4691342.0,4176362.0,4248557.0,4336349.0
053,DFTS,4451,44,revenu,Revenus provenant de participations PA hormis d'entr publi,0,0,17364500.0,17264500.0,17280100.0,16248300.0,16248300.0,16248300.0,16091700.0,16091600.0,16069300.0,17668994.0,17302514.0,17549904.0,16318254.75,17410225.0,16291734.0,17086203.0,16708408.0
053,DFTS,4461,44,revenu,Revenus financiers d'entreprises publiques et cantons,0,0,99208700.0,150969800.0,155283200.0,155283200.0,159596600.0,163910000.0,185477100.0,189790600.0,189790600.0,99208706.0,150969770.0,155283192.0,155283192.0,159596614.0,163910036.0,185477146.0,189790568.0
053,DFTS,4463,44,revenu,"Revenus financiers Ent publ, SA/autre forme d'org droit priv",0,0,3350000.0,3285000.0,3285000.0,2514000.0,2414000.0,2600000.0,2693000.0,7692000.0,9644600.0,3094753.15,3694563.15,2801171.5,2655567.2,2314815.0,4131850.6,3766317.95,3087191.5
053,DFTS,4464,44,revenu,Revenus financiers de la Banque Nationale Suisse,0,0,51000.0,51000.0,51000.0,51000.0,51000.0,51000.0,51000.0,0.0,51000.0,51000.0,51000.0,51000.0,51000.0,51000.0,0.0,0.0,51000.0
053,DFTS,4470,44,revenu,Loyers et fermages des biens-fonds PA,0,0,1486600.0,1505900.0,1484200.0,1463100.0,1035400.0,1021500.0,1016700.0,377800.0,185900.0,1520193.91,1526070.0,1503374.1,1482217.83,1049264.36,1040996.89,1036416.61,1016701.85
053,DFTS,4472,44,revenu,Paiement pour utilisations des immeubles PA,0,0,6156700.0,2598600.0,5813400.0,8369000.0,10596700.0,12170900.0,18238000.0,20908400.0,20137200.0,1364055.0,156866.0,1630224.0,6417503.0,8602189.0,10701509.0,11199173.0,16683259.0
053,DFTS,4490,44,revenu,Réévaluations PA,0,0,0.0,0.0,0.0,0.0,0.0,0.0,0.0,0.0,0.0,0.0,0.0,1317603.89,1600384.81,0.0,0.0,0.0,0.0
053,DFTS,4510,45,revenu,Prélèvements sur les fin spéciaux sous capital propre,0,0,0.0,0.0,0.0,0.0,0.0,0.0,0.0,0.0,0.0,0.0,0.0,0.0,0.0,303744.5,0.0,0.0,0.0
053,DFTS,4600,46,revenu,Part aux revenus de la Confédération,0,0,64696000.0,68775000.0,70339000.0,65173000.0,61044000.0,55821000.0,58091000.0,62385400.0,61774000.0,72265917.85,91076110.0,30049830.0,92973480.0,40176241.0,41792665.0,78391304.0,75463052.0
053,DFTS,4620,46,revenu,Péréqu fin et compensation des charges de la Confédération,0,0,74013000.0,79777000.0,101086300.0,121183900.0,129722100.0,122922200.0,123661200.0,124503800.0,129763700.0,69560939.0,74013054.0,79777032.0,101086315.0,121183858.0,129722121.0,122922222.0,123661218.0
053,DFTS,4800,48,revenu,Revenus extraordinaires (total du compte de résultat),1,1,0.0,0.0,0.0,0.0,0.0,389877500.0,294740100.0,0.0,0.0,100105682.72,84866561.95,142311108.41,313120605.86,371499371.31,425939838.63,580098457.5,0.0
053,DFTS,4830,48,revenu,Revenus divers extraordinaires,1,0,0.0,0.0,0.0,0.0,0.0,0.0,0.0,0.0,0.0,0.0,0.0,0.0,0.0,0.0,0.0,0.0,3391782.75
053,DFTS,4840,48,revenu,Revenus financiers monétaires extraordinaires,1,0,0.0,0.0,0.0,0.0,0.0,0.0,0.0,0.0,0.0,0.0,0.0,0.0,0.0,0.0,0.0,0.0,905.5
053,DFTS,4862,48,revenu,Revenus de transferts extraordinaires ; communes,1,0,0.0,0.0,0.0,0.0,0.0,0.0,0.0,0.0,0.0,0.0,0.0,0.0,0.0,0.0,0.0,0.0,14800.0
053,DFTS,4864,48,revenu,Revenus de transferts extraordinaires ; entreprise publique,1,0,0.0,0.0,0.0,0.0,0.0,0.0,0.0,0.0,0.0,0.0,0.0,0.0,0.0,0.0,0.0,0.0,18236.0
053,DFTS,4865,48,revenu,Revenus de transferts extraordinaires ; entreprises privées,1,0,0.0,0.0,0.0,0.0,0.0,0.0,0.0,0.0,0.0,0.0,0.0,0.0,0.0,0.0,0.0,0.0,1085550.55
053,DFTS,4866,48,revenu,Revenus de transferts extra ; org privées à but non lucratif,1,0,0.0,0.0,0.0,0.0,0.0,0.0,0.0,0.0,0.0,0.0,0.0,0.0,0.0,0.0,0.0,0.0,46779.4
053,DFTS,4893,48,revenu,Prélèvements sur les préfinancements du capital propre,1,0,0.0,0.0,0.0,0.0,0.0,0.0,0.0,129531500.0,0.0,0.0,0.0,0.0,0.0,0.0,0.0,0.0,1191961479.67
053,DFTS,4898,48,revenu,Prélèvements sur les autres capitaux propres,1,0,0.0,0.0,0.0,0.0,0.0,0.0,0.0,363200000.0,440013600.0,0.0,0.0,0.0,0.0,0.0,0.0,0.0,294740100.0
054,DICIRH,3010,30,charge,Salaires du personnel administratif et d'exploitation,0,0,7006600.0,7023600.0,7161600.0,7693900.0,9286600.0,7843700.0,13187800.0,12897300.0,13497600.0,6211122.93,6484073.2,6280743.2,7427070.43,11698516.3,11637418.7,12328620.8,12688593.71
054,DICIRH,3020,30,charge,Salaires des enseignants,0,0,0.0,0.0,0.0,0.0,0.0,0.0,0.0,0.0,0.0,0.0,0.0,0.0,0.0,4204953.65,0.0,0.0,0.0
054,DICIRH,3030,30,charge,Travailleurs temporaires,0,0,3506700.0,3456700.0,1372200.0,1265000.0,986600.0,1315900.0,1135400.0,881200.0,881200.0,3220198.25,3047605.45,2619757.95,788766.75,1316697.5,887145.7,887871.16,657643.2
054,DICIRH,3040,30,charge,Allocations pour enfants et allocations de formation,0,0,70000.0,70000.0,70000.0,70000.0,70000.0,70000.0,70000.0,0.0,0.0,62100.0,61500.0,52800.0,59200.0,61900.0,60800.0,55200.0,15700.0
054,DICIRH,3049,30,charge,Autres Indemnités,0,0,6100.0,6500.0,7500.0,9500.0,9500.0,16300.0,116300.0,116300.0,116300.0,6241.7,5879.9,6104.0,6262.4,6042.6,13150.45,95044.25,100976.0
054,DICIRH,3050,30,charge,"Cotisations patronales AVS, APG, AC, frais administratifs",0,0,548200.0,557200.0,545400.0,587800.0,662500.0,983400.0,934600.0,904100.0,943400.0,445508.99,459082.26,462131.18,537446.92,1126751.96,816187.16,859715.89,872015.31
054,DICIRH,3052,30,charge,Cotisations patronales aux caisses de pension,0,0,1011000.0,1051000.0,966600.0,1017000.0,1170800.0,1710200.0,1636300.0,1592400.0,1704900.0,840730.46,870287.75,852494.1,982239.85,1067326.95,1439327.04,1528413.67,1572450.05
054,DICIRH,3053,30,charge,Cotisations patronales aux assurances-accidents,0,0,18600.0,20500.0,13500.0,26000.0,22700.0,30800.0,33300.0,31100.0,31300.0,9096.19,9219.91,11657.94,30025.81,27363.34,31808.11,30475.28,29042.1
054,DICIRH,3054,30,charge,Cotisations patronales aux caisses d'allocations familiales,0,0,229200.0,231400.0,229800.0,241400.0,277900.0,395300.0,377400.0,352000.0,367200.0,155481.34,200004.59,195430.63,225843.6,-1765934.17,336656.35,351111.08,341763.2
054,DICIRH,3059,30,charge,Autres cotisations patronales,0,0,5100.0,5300.0,5300.0,5500.0,6900.0,12900.0,11800.0,11800.0,16600.0,4222.71,4365.71,4270.05,4931.82,10371.62,10622.98,11741.18,11077.71
054,DICIRH,3060,30,charge,Prestations de l'employeur - Pensions,0,0,42000.0,41600.0,41600.0,41600.0,41600.0,41600.0,41600.0,41600.0,41600.0,18916.8,18916.8,18916.8,18916.8,18916.8,18916.8,18070.2,18070.2
054,DICIRH,3061,30,charge,Prestations de l'employeur - Rentes ou parts de rente,0,0,360000.0,360000.0,326700.0,326700.0,326700.0,326700.0,125700.0,95700.0,95700.0,169010.8,164225.2,161973.6,154602.15,100529.0,85518.15,85092.0,80813.4
054,DICIRH,3062,30,charge,Prest employeur - Alloc renchériss rentes et parts de rente,0,0,0.0,0.0,0.0,0.0,0.0,0.0,1000.0,1000.0,1000.0,0.0,0.0,0.0,0.0,0.0,0.0,846.6,846.6
054,DICIRH,3090,30,charge,Formation et perfectionnement du propre personnel,0,0,1700000.0,1700000.0,1700000.0,1749700.0,1954700.0,2037800.0,2032800.0,1714100.0,1714100.0,2773698.51,1547422.51,1137880.74,1436864.28,1635670.96,1764981.45,1738070.69,1511585.38
054,DICIRH,3091,30,charge,Recrutement du personnel,0,0,725000.0,725000.0,717000.0,717000.0,732000.0,732000.0,732000.0,592000.0,592000.0,522588.92,485511.71,391952.14,528674.38,449770.62,629327.22,559672.0,500936.83
054,DICIRH,3099,30,charge,Autres charges de personnel,0,0,11700.0,11700.0,12000.0,12000.0,22500.0,23700.0,23400.0,33400.0,33400.0,10422.58,7690.5,4571.35,9661.12,10635.58,14735.25,16850.76,22072.13
054,DICIRH,3100,31,charge,Matériel de bureau,0,0,42000.0,42000.0,45400.0,45400.0,34500.0,38200.0,36700.0,26700.0,23700.0,14856.15,14473.63,12738.37,7299.75,4855.23,9786.51,11623.86,7982.57
054,DICIRH,3101,31,charge,"Matériel d'exploitation, fournitures",0,0,500.0,500.0,500.0,500.0,500.0,17900.0,17900.0,19900.0,19900.0,127.35,205.1,126.65,28.25,300.92,11054.27,10622.99,11312.68
054,DICIRH,3102,31,charge,"Imprimés, publications",0,0,134200.0,134200.0,114200.0,114200.0,119200.0,119600.0,117100.0,97100.0,85200.0,93811.56,70692.1,40248.85,38841.3,65715.55,75240.85,70723.0,36532.32
054,DICIRH,3103,31,charge,"Littérature spécialisée, magazines",0,0,3000.0,3000.0,3000.0,3000.0,4500.0,5500.0,4800.0,4800.0,4800.0,1829.0,2078.0,2172.1,3156.3,2615.1,4077.75,3046.65,3517.92
054,DICIRH,3104,31,charge,Matériel didactique,0,0,0.0,0.0,0.0,0.0,0.0,20000.0,20500.0,19000.0,19000.0,0.0,0.0,0.0,0.0,79.64,4015.93,2686.87,4649.48
054,DICIRH,3105,31,charge,Denrées alimentaires,0,0,0.0,0.0,0.0,0.0,0.0,70600.0,67600.0,67600.0,67000.0,0.0,0.0,0.0,0.0,0.0,274432.76,42070.06,39437.32
054,DICIRH,3106,31,charge,Matériel médical et de laboratoire,0,0,0.0,0.0,0.0,0.0,0.0,10300.0,10300.0,10300.0,10300.0,0.0,0.0,0.0,63973.8,44.15,7579.23,6155.42,5768.87
054,DICIRH,3110,31,charge,Meubles et appareils de bureau,0,0,0.0,0.0,31000.0,42000.0,42000.0,0.0,0.0,0.0,2000.0,5918.75,16509.4,46131.1,52521.95,17176.8,44105.85,9726.33,8134.3
054,DICIRH,3111,31,charge,"Machines, appareils et véhicules",0,0,0.0,0.0,0.0,0.0,0.0,11000.0,11000.0,11000.0,11000.0,0.0,0.0,0.0,0.0,119.6,3582.62,1817.58,2053.92
054,DICIRH,3112,31,charge,"Vêtements, linge, rideaux",0,0,0.0,0.0,0.0,0.0,0.0,5300.0,5300.0,5300.0,5300.0,0.0,0.0,0.0,0.0,1136.4,1664.29,1954.09,1075.39
054,DICIRH,3113,31,charge,Matériel informatique,0,0,0.0,0.0,0.0,0.0,0.0,500.0,500.0,500.0,500.0,0.0,0.0,0.0,0.0,476.25,8836.2,0.0,146.55
054,DICIRH,3120,31,charge,Alimentation et élimination des biens-fonds PA,0,0,11500.0,11500.0,11500.0,11500.0,11500.0,34400.0,34400.0,34400.0,34400.0,8233.45,4881.65,5405.05,2534.1,973.35,15819.06,17586.21,17220.27
054,DICIRH,3130,31,charge,Prestations de services de tiers,0,0,247400.0,247700.0,2725300.0,2726100.0,2729900.0,3190000.0,3189900.0,2947200.0,2641400.0,178032.14,138521.9,96459.23,2506898.13,2185895.17,2554105.63,3221602.13,2661417.95
054,DICIRH,3132,31,charge,"Honoraires Conseillers externes, experts, spécialistes, etc.",0,0,289200.0,289200.0,389200.0,783000.0,448900.0,369800.0,370200.0,353200.0,393200.0,204348.3,103736.3,220659.62,516424.3,508877.9,193753.65,332437.18,286399.16
054,DICIRH,3137,31,charge,Impôts et taxes,0,0,0.0,0.0,0.0,0.0,1100.0,0.0,0.0,0.0,0.0,0.0,0.0,0.0,14488.49,11381.4,282.13,0.0,0.0
054,DICIRH,3140,31,charge,Entretien des terrains,0,0,0.0,0.0,0.0,0.0,0.0,6800.0,7300.0,0.0,0.0,0.0,0.0,0.0,0.0,0.0,7488.1,5078.25,5376.55
054,DICIRH,3144,31,charge,"Entretien des bâtiments, immeubles",0,0,0.0,0.0,0.0,0.0,0.0,0.0,0.0,0.0,0.0,0.0,30368.07,0.0,0.0,0.0,0.0,0.0,0.0
054,DICIRH,3150,31,charge,Entretien de meubles et appareils de bureau,0,0,7300.0,7300.0,7300.0,7300.0,7800.0,13500.0,13100.0,13100.0,11100.0,594.0,513.55,1526.0,1217.25,1866.4,3365.5,4992.55,4732.8
054,DICIRH,3151,31,charge,"Entretien de machines, appareils, véhicules",0,0,0.0,0.0,0.0,0.0,0.0,9100.0,9000.0,9000.0,8400.0,0.0,0.0,0.0,0.0,0.0,2294.55,2530.51,2945.61
054,DICIRH,3158,31,charge,Entretien des immobilisations incorporelles,0,0,0.0,0.0,0.0,29700.0,32000.0,32000.0,32000.0,32000.0,32000.0,0.0,0.0,0.0,37585.96,21600.0,12137.49,31937.49,22337.49
054,DICIRH,3160,31,charge,Loyer et bail à ferme des biens-fonds,0,0,432600.0,432600.0,465900.0,465900.0,549300.0,926300.0,874400.0,875900.0,877100.0,414053.25,419750.65,447346.9,534783.1,566887.25,871591.85,903810.91,864294.0
054,DICIRH,3161,31,charge,"Loyers, frais d'utilisation des immobilisations",0,0,35000.0,35000.0,36300.0,36300.0,36400.0,40400.0,45800.0,41100.0,28800.0,29043.8,41926.9,11297.15,10294.75,8636.7,9984.6,9169.25,9167.1
054,DICIRH,3170,31,charge,Dédommagements - Frais de déplacement et autres frais,0,0,52000.0,52000.0,50000.0,50000.0,75400.0,79100.0,76300.0,56300.0,50300.0,28718.2,24497.72,13227.25,20201.9,29758.45,33022.1,40971.62,30164.23
054,DICIRH,3171,31,charge,"Dédommagements - Excursions, voyages scolaires et camps",0,0,0.0,0.0,0.0,0.0,0.0,3300.0,3300.0,3300.0,3300.0,0.0,0.0,0.0,0.0,0.0,423.9,1037.7,684.9
054,DICIRH,3180,31,charge,Réévaluations sur créances,0,0,0.0,0.0,0.0,0.0,0.0,0.0,0.0,0.0,0.0,0.0,0.0,0.0,0.0,0.0,845.38,-1063.08,-3561.85
054,DICIRH,3181,31,charge,Pertes sur créance effectives,0,0,0.0,0.0,0.0,0.0,0.0,0.0,0.0,0.0,0.0,0.0,0.0,0.0,0.0,0.0,3917.6,3689.85,3203.5
054,DICIRH,3199,31,charge,Autres charges d'exploitation,0,0,0.0,0.0,0.0,0.0,2000.0,2300.0,2300.0,2300.0,2300.0,0.0,16166.85,5148.3,1901.1,0.0,190.6,70.3,598.02
054,DICIRH,3419,34,charge,Autres pertes réalisées à partir du patrimoine financier,0,0,0.0,0.0,0.0,0.0,0.0,0.0,0.0,0.0,0.0,-384.32,180.89,212.02,72.49,51.39,135.51,259.47,107.41
054,DICIRH,3499,34,charge,Autres charges financières,0,0,0.0,0.0,0.0,0.0,0.0,0.0,0.0,0.0,0.0,0.0,0.0,0.0,0.0,0.0,-7.8,0.0,-0.8
054,DICIRH,3634,36,charge,Subventions accordées aux entreprises publiques,0,0,1450300.0,1450300.0,1350300.0,1350300.0,1350300.0,1366300.0,1353400.0,1292500.0,1292500.0,1250300.0,1335300.0,1320300.0,1250000.0,1280000.0,1350000.0,1366000.0,1292500.0
054,DICIRH,3636,36,charge,Subventions accordées aux org privées à but non lucratif,0,0,2045000.0,2045000.0,1974300.0,1650000.0,1635000.0,1635000.0,1602000.0,1482000.0,1482000.0,396680.0,1805542.0,1710650.0,1254483.0,1510890.0,1419430.0,1421422.0,1512182.1
054,DICIRH,3637,36,charge,Subventions accordées aux ménages privés,0,0,17000.0,17000.0,15000.0,0.0,0.0,0.0,0.0,0.0,0.0,13589.6,4800.1,0.0,0.0,0.0,0.0,0.0,0.0
054,DICIRH,3920,39,charge,"Imput int pour bail à ferme, loyers, frais d'utilisation",0,0,21700.0,21700.0,19600.0,0.0,0.0,0.0,0.0,0.0,0.0,21672.0,21672.0,0.0,0.0,0.0,0.0,0.0,0.0
054,DICIRH,3930,39,charge,Imput int pour frais administratifs et d'exploitation,0,0,6400.0,6400.0,0.0,0.0,0.0,0.0,0.0,0.0,0.0,4270.25,3136.8,0.0,0.0,0.0,0.0,0.0,0.0
054,DICIRH,4230,42,revenu,Frais d'écolage,0,0,0.0,0.0,0.0,0.0,0.0,0.0,0.0,0.0,0.0,0.0,0.0,0.0,0.0,0.0,0.0,0.0,1456.4
054,DICIRH,4260,42,revenu,Remboursements et participations de tiers,0,0,243500.0,243500.0,243500.0,239700.0,241300.0,242900.0,241200.0,241200.0,241200.0,260517.1,329289.0,237136.3,275851.4,282455.05,294056.45,289365.9,294073.85
054,DICIRH,4309,43,revenu,Autres revenus d'exploitation,0,0,0.0,0.0,0.0,0.0,20000.0,1360000.0,1366800.0,1366800.0,1505300.0,6600.0,500.0,53790.07,259720.7,240231.35,1497962.65,1501349.75,1542613.65
054,DICIRH,4390,43,revenu,Autres revenus,0,0,800000.0,800000.0,800000.0,800000.0,800000.0,800000.0,810000.0,810000.0,810000.0,783929.4,777961.5,737000.27,783324.91,808631.97,810977.92,848715.63,892078.75
054,DICIRH,4401,44,revenu,Intérêts des créances et comptes courants,0,0,0.0,0.0,0.0,0.0,0.0,0.0,0.0,0.0,0.0,0.0,0.0,0.0,0.0,0.0,8.05,80.2,0.0
054,DICIRH,4419,44,revenu,Autres gains réalisés à partir du patrimoine financier,0,0,0.0,0.0,0.0,0.0,0.0,0.0,0.0,0.0,0.0,0.0,202.12,396.75,5.37,184.13,307.84,93.64,42.67
054,DICIRH,4440,44,revenu,Réévaluation autres placements financiers PF,0,0,0.0,0.0,0.0,0.0,0.0,0.0,0.0,0.0,0.0,0.0,267.85,-267.85,57.53,-57.53,0.0,0.0,49.71
054,DICIRH,4511,45,revenu,Prélèvements sur les fonds sous capital propre,0,0,0.0,0.0,0.0,80000.0,80000.0,43000.0,43000.0,43000.0,43000.0,0.0,0.0,0.0,122185.2,49006.15,22673.35,20900.25,13398.05
054,DICIRH,4600,46,revenu,Part aux revenus de la Confédération,0,0,1300000.0,1600000.0,2600000.0,1600000.0,600000.0,600000.0,1000000.0,1000000.0,1000000.0,2974797.8,2686042.15,1144847.87,639412.79,1869515.15,1507570.55,1646830.21,1500000.0
054,DICIRH,4610,46,revenu,Dédommagements de la Confédération,0,0,871900.0,851800.0,832200.0,982400.0,685700.0,686000.0,576100.0,662900.0,613800.0,913577.75,866719.39,753774.88,832412.33,852364.02,543234.7,507892.39,515896.46
054,DICIRH,4611,46,revenu,Dédommagements des cantons et des concordats,0,0,218000.0,213000.0,208000.0,109200.0,63800.0,76200.0,135100.0,65600.0,99900.0,161219.6,152950.48,83752.77,82425.0,94707.1,127425.45,50231.12,84023.43
054,DICIRH,4634,46,revenu,Subventions des entreprises publiques,0,0,0.0,0.0,0.0,0.0,0.0,1176000.0,1155000.0,1155000.0,1100000.0,0.0,0.0,0.0,0.0,0.0,961259.8,1031251.6,963450.0
054,DICIRH,4636,46,revenu,Subventions des organisations privées à but non lucratif,0,0,0.0,0.0,0.0,0.0,0.0,1281800.0,1293500.0,1293500.0,1210000.0,0.0,0.0,0.0,0.0,0.0,1210093.5,1209785.2,1193153.15
054,DICIRH,4910,49,revenu,Imput int pour prestations de service,0,0,42500.0,42500.0,42500.0,42500.0,42500.0,42500.0,42500.0,42500.0,42500.0,42300.0,43800.0,40300.0,40200.0,39400.0,39500.0,40300.0,41300.0
054,DICIRH,4920,49,revenu,"Imput int pour bail à ferme, loyers, frais d'utilisation",0,0,0.0,0.0,19600.0,0.0,0.0,0.0,0.0,0.0,0.0,0.0,0.0,0.0,0.0,0.0,0.0,0.0,0.0
056,DFTS,3010,30,charge,Salaires du personnel administratif et d'exploitation,0,0,2848900.0,2805890.0,2783800.0,2750900.0,2791000.0,2749400.0,2788500.0,2886000.0,2845400.0,2635622.55,2736663.45,2640634.85,2683343.95,2640862.8,2701757.15,2770214.6,2805156.45
056,DFTS,3030,30,charge,Travailleurs temporaires,0,0,295000.0,295000.0,5000.0,5000.0,5000.0,5000.0,5000.0,5000.0,5000.0,71435.6,53777.55,79562.4,108769.7,14952.25,43349.4,3735.35,1249.7
056,DFTS,3050,30,charge,"Cotisations patronales AVS, APG, AC, frais administratifs",0,0,180500.0,182020.0,181100.0,183800.0,182200.0,180500.0,183200.0,189500.0,186800.0,165562.9,171855.5,170034.25,178123.3,203539.55,176530.72,178982.85,180710.05
056,DFTS,3052,30,charge,Cotisations patronales aux caisses de pension,0,0,327600.0,322590.0,325700.0,321700.0,326600.0,321700.0,326300.0,337700.0,332900.0,345702.95,353309.75,343583.7,350693.4,342622.1,348215.7,357677.95,360030.85
056,DFTS,3053,30,charge,Cotisations patronales aux assurances-accidents,0,0,3200.0,3590.0,4500.0,4600.0,4600.0,4500.0,4500.0,4300.0,4100.0,3008.0,3107.3,3771.9,3953.85,3913.15,3997.79,3993.2,3626.7
056,DFTS,3054,30,charge,Cotisations patronales aux caisses d'allocations familiales,0,0,78400.0,77210.0,76600.0,75600.0,76900.0,73000.0,73900.0,73400.0,72400.0,58966.6,75284.6,73639.75,75816.55,73828.6,72738.64,73616.05,71288.8
056,DFTS,3059,30,charge,Autres cotisations patronales,0,0,1800.0,1800.0,1700.0,1700.0,1700.0,1700.0,1700.0,1700.0,2600.0,1599.5,1646.9,1608.15,1655.65,1612.6,1648.44,1666.05,1684.65
056,DFTS,3090,30,charge,Formation et perfectionnement du propre personnel,0,0,72500.0,72500.0,72500.0,72500.0,72500.0,72500.0,72500.0,72500.0,72500.0,52043.3,57946.8,44924.8,43569.99,69915.46,97594.61,74527.03,72239.3
056,DFTS,3099,30,charge,Autres charges de personnel,0,0,2500.0,2500.0,2500.0,2500.0,2500.0,2500.0,3500.0,5000.0,5000.0,2240.7,1745.65,50.0,2499.75,3599.9,4605.6,4569.95,4061.15
056,DFTS,3100,31,charge,Matériel de bureau,0,0,10000.0,10000.0,10000.0,10000.0,8000.0,4000.0,5500.0,5500.0,5300.0,9032.0,8280.4,12369.6,14236.45,2945.72,3043.37,2318.85,2975.19
056,DFTS,3101,31,charge,"Matériel d'exploitation, fournitures",0,0,0.0,0.0,0.0,0.0,0.0,100.0,300.0,300.0,100.0,0.0,0.0,0.0,0.0,45.65,613.58,31.35,19.06
056,DFTS,3102,31,charge,"Imprimés, publications",0,0,0.0,0.0,0.0,0.0,100.0,300.0,500.0,500.0,300.0,0.0,0.0,0.0,32.3,252.3,439.4,385.95,58.65
056,DFTS,3103,31,charge,"Littérature spécialisée, magazines",0,0,3500.0,3500.0,3000.0,3000.0,3000.0,3000.0,2800.0,2800.0,2800.0,2287.1,2210.7,2412.0,2051.0,2938.35,1218.63,1499.86,1650.96
056,DFTS,3104,31,charge,Matériel didactique,0,0,0.0,0.0,0.0,0.0,0.0,2500.0,100.0,100.0,100.0,0.0,0.0,0.0,0.0,2136.03,5.0,0.0,0.0
056,DFTS,3110,31,charge,Meubles et appareils de bureau,0,0,0.0,0.0,0.0,0.0,0.0,1200.0,1200.0,1200.0,1200.0,0.0,4393.1,0.0,0.0,711.3,0.0,5231.35,0.0
056,DFTS,3111,31,charge,"Machines, appareils et véhicules",0,0,0.0,0.0,0.0,0.0,0.0,0.0,0.0,0.0,0.0,0.0,0.0,0.0,0.0,0.0,0.0,82.55,0.0
056,DFTS,3112,31,charge,"Vêtements, linge, rideaux",0,0,0.0,0.0,0.0,0.0,0.0,0.0,0.0,0.0,0.0,0.0,0.0,0.0,0.0,8.15,0.0,48.4,0.0
056,DFTS,3113,31,charge,Matériel informatique,0,0,0.0,0.0,0.0,0.0,0.0,0.0,500.0,500.0,500.0,0.0,0.0,0.0,0.0,0.0,4796.0,39.8,865.6
056,DFTS,3120,31,charge,Alimentation et élimination des biens-fonds PA,0,0,1000.0,1000.0,1300.0,1600.0,1600.0,1600.0,1600.0,1600.0,1600.0,1143.75,1785.15,872.35,861.6,1045.25,1125.7,1064.35,794.55
056,DFTS,3130,31,charge,Prestations de services de tiers,0,0,19300.0,19300.0,269300.0,269300.0,269300.0,269300.0,238500.0,248500.0,248500.0,17123.96,16473.96,12790.07,204482.49,143530.1,155780.38,239670.86,213355.46
056,DFTS,3132,31,charge,"Honoraires Conseillers externes, experts, spécialistes, etc.",0,0,201900.0,210000.0,210000.0,210000.0,210000.0,210000.0,210000.0,186700.0,303900.0,114873.7,105204.65,210815.65,116555.3,142898.35,116014.15,110983.0,94608.3
056,DFTS,3150,31,charge,Entretien de meubles et appareils de bureau,0,0,2000.0,2000.0,2000.0,2000.0,2000.0,2000.0,2000.0,2000.0,2000.0,0.0,0.0,525.3,0.0,0.0,0.0,0.0,0.0
056,DFTS,3161,31,charge,"Loyers, frais d'utilisation des immobilisations",0,0,2200.0,2200.0,2200.0,2200.0,4000.0,4000.0,4000.0,4000.0,4000.0,2092.9,1151.4,1127.8,1570.55,3127.5,4139.5,3921.05,3738.5
056,DFTS,3170,31,charge,Dédommagements - Frais de déplacement et autres frais,0,0,177000.0,177000.0,162000.0,160000.0,160000.0,162000.0,162000.0,162000.0,167000.0,146790.0,148869.95,109905.5,134164.5,145136.25,157243.65,159804.3,156702.0
056,DFTS,3181,31,charge,Pertes sur créance effectives,0,0,0.0,0.0,0.0,0.0,0.0,0.0,0.0,0.0,0.0,0.0,0.0,0.0,0.0,0.0,29903.2,0.0,0.0
056,DFTS,3419,34,charge,Autres pertes réalisées à partir du patrimoine financier,0,0,0.0,0.0,0.0,0.0,0.0,0.0,0.0,0.0,0.0,0.0,0.0,30.15,0.0,0.0,0.0,50.22,1.12
056,DFTS,4230,42,revenu,Frais d'écolage,0,0,0.0,0.0,0.0,0.0,0.0,0.0,0.0,0.0,0.0,0.0,0.0,0.0,0.0,0.0,0.0,6091.65,6000.0
056,DFTS,4260,42,revenu,Remboursements et participations de tiers,0,0,1000.0,1000.0,400.0,400.0,400.0,400.0,400.0,400.0,9400.0,765.0,21160.0,1850.0,160.0,30583.2,212.0,75.0,11150.0
056,DFTS,4419,44,revenu,Autres gains réalisés à partir du patrimoine financier,0,0,0.0,0.0,0.0,0.0,0.0,0.0,0.0,0.0,0.0,0.0,239.85,0.0,8.06,17.18,1.43,3.25,2.16
057,OJV-MP,3000,30,charge,Salaires des autorités et juges,0,0,9022900.0,9022900.0,9022900.0,9022900.0,9022900.0,9149200.0,9548500.0,9605800.0,9605800.0,8918691.9,8950217.2,8836541.85,9004476.9,8990966.65,8983254.15,9327025.2,9582367.45
057,OJV-MP,3010,30,charge,Salaires du personnel administratif et d'exploitation,0,0,77154700.0,78086100.0,77552400.0,80411900.0,84234800.0,86623200.0,87880200.0,90668200.0,92284600.0,75822840.42,76432839.55,76509787.1,77284846.1,78462516.5,83356840.9,88079065.65,89192549.15
057,OJV-MP,3030,30,charge,Travailleurs temporaires,0,0,6032100.0,6448100.0,7226400.0,7457600.0,8282900.0,9502700.0,9808600.0,11437700.0,12819800.0,5243351.47,5403878.35,6104723.2,7018899.6,7136697.9,7794775.0,8333712.85,9251104.05
057,OJV-MP,3049,30,charge,Autres Indemnités,0,0,158100.0,158000.0,158000.0,55000.0,64700.0,64700.0,64700.0,79000.0,78100.0,155646.05,54163.3,156952.05,57811.8,62298.45,61394.7,61548.85,61674.2
057,OJV-MP,3050,30,charge,"Cotisations patronales AVS, APG, AC, frais administratifs",0,0,5871500.0,6092800.0,6116200.0,6488500.0,6649900.0,6933100.0,7051000.0,7343500.0,7539700.0,5635725.67,5668278.53,5856798.93,5981729.12,6054307.74,6418998.41,6768814.24,6915044.04
057,OJV-MP,3052,30,charge,Cotisations patronales aux caisses de pension,0,0,10208400.0,10276700.0,10464300.0,10807400.0,11499700.0,11905700.0,12103900.0,12629600.0,12956600.0,10119187.3,10191532.46,10304573.85,10524949.65,10697571.0,11287704.0,11984546.62,12202640.05
057,OJV-MP,3053,30,charge,Cotisations patronales aux assurances-accidents,0,0,114200.0,114900.0,151000.0,156000.0,170100.0,176400.0,178400.0,168700.0,169100.0,111759.19,112457.86,143271.49,146530.08,148913.18,157354.76,165359.37,154448.86
057,OJV-MP,3054,30,charge,Cotisations patronales aux caisses d'allocations familiales,0,0,2555500.0,2597300.0,2578300.0,2681000.0,2809300.0,2808300.0,2851400.0,2848500.0,2925300.0,1989419.76,2486622.24,2506118.85,2549963.13,2578496.22,2625610.41,2773745.7,2714716.87
057,OJV-MP,3059,30,charge,Autres cotisations patronales,0,0,58100.0,59200.0,58800.0,60200.0,63300.0,65500.0,66500.0,69000.0,105400.0,53970.38,54319.11,54755.08,55712.36,56317.82,59496.95,62876.83,64346.97
057,OJV-MP,3060,30,charge,Prestations de l'employeur - Pensions,0,0,2556900.0,2606500.0,2726400.0,2678400.0,2506800.0,2538900.0,2496000.0,2496000.0,2259500.0,2621866.9,2598465.8,2626871.2,2639203.7,2462647.95,2524968.65,2495938.2,2461513.5
057,OJV-MP,3062,30,charge,Prest employeur - Alloc renchériss rentes et parts de rente,0,0,107000.0,93900.0,93900.0,93900.0,84300.0,80500.0,58200.0,58200.0,34700.0,100386.0,93866.4,93866.4,92753.8,82324.5,71130.0,58139.4,55503.1
057,OJV-MP,3090,30,charge,Formation et perfectionnement du propre personnel,0,0,360000.0,390000.0,305000.0,410700.0,441800.0,452200.0,452800.0,619800.0,585500.0,249006.25,212084.36,182017.4,162867.22,257100.37,380643.35,464574.67,445293.72
057,OJV-MP,3099,30,charge,Autres charges de personnel,0,0,45000.0,45000.0,45000.0,45000.0,45000.0,56300.0,61800.0,80000.0,80000.0,36264.25,35544.8,37964.95,34738.2,47143.8,50746.7,55651.09,61545.49
057,OJV-MP,3100,31,charge,Matériel de bureau,0,0,565000.0,551700.0,574800.0,579400.0,582400.0,472900.0,510500.0,507500.0,488000.0,527186.43,550459.52,546151.31,519959.09,413305.63,498288.63,444354.76,425901.14
057,OJV-MP,3101,31,charge,"Matériel d'exploitation, fournitures",0,0,0.0,0.0,0.0,0.0,0.0,6400.0,5100.0,5100.0,5100.0,0.0,0.0,0.0,0.0,6414.43,3533.01,5940.2,2973.66
057,OJV-MP,3102,31,charge,"Imprimés, publications",0,0,631000.0,577400.0,468300.0,470000.0,460000.0,607200.0,642200.0,785500.0,761700.0,468057.04,464532.79,438125.9,419758.65,555642.72,561419.22,830323.45,680790.99
057,OJV-MP,3103,31,charge,"Littérature spécialisée, magazines",0,0,230000.0,230000.0,175000.0,200000.0,200000.0,250000.0,250000.0,250000.0,279000.0,170834.65,160274.3,203617.15,177598.23,182851.5,156495.48,249959.74,205539.05
057,OJV-MP,3104,31,charge,Matériel didactique,0,0,0.0,0.0,0.0,0.0,0.0,0.0,1000.0,1000.0,1000.0,0.0,0.0,0.0,0.0,1019.5,1162.09,395.38,528.96
057,OJV-MP,3105,31,charge,Denrées alimentaires,0,0,300.0,300.0,300.0,300.0,0.0,0.0,0.0,0.0,0.0,236.45,189.65,0.0,0.0,0.0,0.0,0.0,0.0
057,OJV-MP,3106,31,charge,Matériel médical et de laboratoire,0,0,0.0,0.0,0.0,0.0,0.0,700.0,300.0,300.0,300.0,0.0,0.0,70192.45,0.0,634.13,212.38,294.45,320.34
057,OJV-MP,3110,31,charge,Meubles et appareils de bureau,0,0,0.0,12400.0,112500.0,162500.0,185300.0,139300.0,170000.0,174000.0,156700.0,118487.95,69922.05,118568.54,51558.55,132876.56,174646.8,341311.32,95715.24
057,OJV-MP,3111,31,charge,"Machines, appareils et véhicules",0,0,0.0,0.0,0.0,0.0,0.0,3000.0,2500.0,2500.0,2500.0,0.0,0.0,0.0,0.0,9392.7,2411.25,19425.37,3237.71
057,OJV-MP,3112,31,charge,"Vêtements, linge, rideaux",0,0,0.0,0.0,0.0,0.0,0.0,0.0,400.0,400.0,400.0,0.0,0.0,0.0,0.0,0.0,387.82,618.95,0.0
057,OJV-MP,3113,31,charge,Matériel informatique,0,0,0.0,0.0,0.0,0.0,0.0,6000.0,6000.0,6000.0,6000.0,0.0,0.0,0.0,0.0,6576.37,27353.23,10872.42,6996.55
057,OJV-MP,3120,31,charge,Alimentation et élimination des biens-fonds PA,0,0,50000.0,45000.0,45000.0,50000.0,60000.0,50000.0,45000.0,50000.0,100000.0,37521.41,42157.9,46831.15,43950.61,50883.25,42911.45,53335.65,68689.54
057,OJV-MP,3130,31,charge,Prestations de services de tiers,0,0,13937000.0,14374200.0,15146100.0,15784500.0,16406600.0,27089400.0,29242400.0,29957900.0,33469800.0,14300420.65,14733731.82,14374118.04,15218901.81,15000724.49,16032372.44,24108908.2,25926626.29
057,OJV-MP,3132,31,charge,"Honoraires Conseillers externes, experts, spécialistes, etc.",0,0,30000.0,20000.0,20000.0,20000.0,20000.0,20000.0,20000.0,20000.0,20000.0,5110.15,2341.7,20185.11,4687.1,12891.69,11907.35,12134.68,28231.34
057,OJV-MP,3134,31,charge,Primes d'assurances choses,0,0,9500.0,9500.0,9500.0,9500.0,9500.0,1000.0,1000.0,1000.0,1000.0,9159.7,9159.7,9340.3,9340.3,910.0,910.0,1043.98,1031.08
057,OJV-MP,3135,31,charge,Charges de prestations de service pour personnes en garde,0,0,3920000.0,3685000.0,3885000.0,3601000.0,3101000.0,3304000.0,3503000.0,4126000.0,4126000.0,3108901.16,3052692.35,3409366.92,2392104.02,3053858.17,3338989.38,3370968.01,4090634.55
057,OJV-MP,3137,31,charge,Impôts et taxes,0,0,22500.0,22000.0,22000.0,21000.0,16000.0,18000.0,15000.0,16000.0,16000.0,20613.73,20136.88,16149.06,15407.76,17499.81,12726.16,15627.68,14498.55
057,OJV-MP,3150,31,charge,Entretien de meubles et appareils de bureau,0,0,54000.0,54000.0,54000.0,50000.0,60000.0,40000.0,40000.0,40000.0,40000.0,34957.06,18696.54,18032.5,20389.3,22228.2,27439.35,34690.85,16730.9
057,OJV-MP,3151,31,charge,"Entretien de machines, appareils, véhicules",0,0,0.0,0.0,0.0,0.0,0.0,0.0,0.0,0.0,0.0,0.0,0.0,0.0,0.0,0.0,0.0,98.75,0.0
057,OJV-MP,3160,31,charge,Loyer et bail à ferme des biens-fonds,0,0,6497000.0,6547900.0,6620800.0,6647200.0,6760500.0,6988600.0,7412500.0,7649400.0,8838400.0,6066978.79,6361362.92,6446205.66,6467738.31,6585673.45,6793082.17,7123504.0,7375006.12
057,OJV-MP,3161,31,charge,"Loyers, frais d'utilisation des immobilisations",0,0,362000.0,374000.0,378000.0,377500.0,365000.0,292300.0,287200.0,287300.0,308200.0,354389.14,370637.31,333530.08,380996.76,300386.45,275131.19,262135.5,302968.7
057,OJV-MP,3170,31,charge,Dédommagements - Frais de déplacement et autres frais,0,0,915500.0,895600.0,891700.0,941000.0,940600.0,907700.0,938100.0,983500.0,1077100.0,859439.8,869151.2,773506.05,798640.25,864499.65,909095.29,934361.0,964616.88
057,OJV-MP,3180,31,charge,Réévaluations sur créances,0,0,0.0,0.0,0.0,0.0,0.0,0.0,0.0,0.0,0.0,16189.8,104095.49,214502.2,-119184.3,131958.22,-336840.04,2179.27,655809.02
057,OJV-MP,3181,31,charge,Pertes sur créance effectives,0,0,370000.0,420000.0,420000.0,470000.0,470000.0,470000.0,470000.0,600000.0,600000.0,665304.37,518604.25,534586.3,663078.93,487588.92,659268.5,601336.39,531198.81
057,OJV-MP,3199,31,charge,Autres charges d'exploitation,0,0,13815000.0,13695500.0,14502100.0,14836600.0,14849000.0,15371200.0,16071200.0,16981200.0,17796200.0,13691344.49,14685906.08,25377611.16,14906985.89,15949484.85,17353321.7,17365128.66,17792317.39
057,OJV-MP,3400,34,charge,Intérêts passifs des engagements courants,0,0,0.0,0.0,0.0,0.0,0.0,0.0,0.0,0.0,0.0,0.0,0.0,0.0,29498.9,0.0,0.0,0.0,0.0
057,OJV-MP,3419,34,charge,Autres pertes réalisées à partir du patrimoine financier,0,0,0.0,0.0,0.0,0.0,0.0,0.0,0.0,0.0,0.0,4874.9,0.97,3.01,116.04,0.0,0.0,409.86,101.0
057,OJV-MP,3420,34,charge,Acquisition et administration de capital,0,0,0.0,0.0,0.0,0.0,0.0,0.0,0.0,0.0,0.0,0.0,0.0,0.0,0.0,0.0,0.0,3346.68,0.0
057,OJV-MP,3440,34,charge,"Réévaluations, placements financiers PF",0,0,0.0,0.0,0.0,0.0,0.0,0.0,0.0,0.0,0.0,0.0,-4878.26,0.0,0.0,0.0,0.0,0.0,0.0
057,OJV-MP,3499,34,charge,Autres charges financières,0,0,0.0,0.0,0.0,0.0,0.0,0.0,96700.0,111300.0,110400.0,-779.33,104.04,-42.12,-13.3,2188.78,29.8,0.61,102214.72
057,OJV-MP,3637,36,charge,Subventions accordées aux ménages privés,0,0,6000.0,6000.0,6000.0,8000.0,8000.0,8000.0,8000.0,4000.0,4000.0,2889.4,2910.35,5889.4,3108.25,1410.0,1104.45,636.8,4881.7
057,OJV-MP,3990,39,charge,Autres imputations internes,0,0,10000.0,15000.0,15000.0,10000.0,10000.0,15000.0,23000.0,25000.0,110000.0,16545.0,9145.0,4325.0,5615.0,16020.0,22830.0,83777.0,111869.55
057,OJV-MP,4210,42,revenu,Emoluments pour actes administratifs,0,0,62485000.0,63245000.0,64103200.0,64070000.0,65002000.0,66072000.0,67078000.0,67082000.0,74782000.0,64649940.94,65950718.34,60771086.98,64405413.92,63609136.35,64447905.22,69754643.73,68650104.09
057,OJV-MP,4230,42,revenu,Frais d’écolage,0,0,0.0,0.0,0.0,0.0,0.0,0.0,0.0,0.0,0.0,0.0,1012.1,0.0,0.0,0.0,0.0,0.0,0.0
057,OJV-MP,4250,42,revenu,Ventes,0,0,600.0,600.0,500.0,500.0,0.0,0.0,0.0,0.0,0.0,9391.05,1045.3,3126.8,2102.45,9962.9,4070.32,3543.66,1181.64
057,OJV-MP,4260,42,revenu,Remboursements et participations de tiers,0,0,24418600.0,24521700.0,25138900.0,25163300.0,25309100.0,35174300.0,36762000.0,36787600.0,34211100.0,25089840.53,25677752.78,23941845.14,25669323.06,24328052.52,25607110.49,32231234.76,31722920.73
057,OJV-MP,4270,42,revenu,Amendes,0,0,40000.0,40000.0,40000.0,40000.0,50000.0,60000.0,75000.0,72000.0,72000.0,38730.5,37375.0,48643.0,68520.0,64360.0,76100.0,72825.0,72350.0
057,OJV-MP,4309,43,revenu,Autres revenus d'exploitation,0,0,0.0,0.0,0.0,0.0,0.0,0.0,0.0,0.0,0.0,0.0,0.0,0.0,0.0,0.0,0.0,0.0,171.95
057,OJV-MP,4390,43,revenu,Autres revenus,0,0,0.0,0.0,0.0,0.0,0.0,0.0,0.0,0.0,0.0,4934.9,0.0,0.0,24619.5,5641.91,2820.76,2526.73,3210.0
057,OJV-MP,4400,44,revenu,Intérêts des liquidités,0,0,0.0,0.0,0.0,0.0,0.0,0.0,0.0,0.0,0.0,13.18,19.26,23.77,0.0,0.0,79.57,147.65,38.36
057,OJV-MP,4419,44,revenu,Autres gains réalisés à partir du patrimoine financier,0,0,0.0,0.0,0.0,0.0,0.0,0.0,0.0,0.0,0.0,0.0,4.85,42.96,-16.0,2.91,174.96,2.41,1429.59
057,OJV-MP,4429,44,revenu,Autres revenus de participations,0,0,0.0,0.0,0.0,0.0,0.0,0.0,0.0,0.0,0.0,0.0,300.0,0.0,0.0,0.0,0.0,0.0,0.0
057,OJV-MP,4430,44,revenu,"Loyers et fermages, immeubles du PF",0,0,0.0,17200.0,17200.0,17200.0,17200.0,17200.0,17200.0,17200.0,17200.0,17196.0,17196.0,17196.0,17196.0,17196.0,17196.0,17196.0,4299.0
057,OJV-MP,4440,44,revenu,Réévaluation autres placements financiers PF,0,0,0.0,0.0,0.0,0.0,0.0,0.0,0.0,0.0,0.0,0.0,0.0,4.46,-4.46,0.0,96.8,-96.8,114.12
057,OJV-MP,4471,44,revenu,Paiement pour appartements de service PA,0,0,17900.0,17900.0,0.0,0.0,0.0,0.0,0.0,0.0,0.0,0.0,0.0,0.0,0.0,0.0,0.0,0.0,0.0
057,OJV-MP,4472,44,revenu,Paiement pour utilisations des immeubles PA,0,0,0.0,0.0,17900.0,17900.0,17900.0,17900.0,17900.0,17900.0,17900.0,17880.0,17880.0,17880.0,17880.0,2980.0,17880.0,17880.0,17880.0
057,OJV-MP,4910,49,revenu,Imput int pour prestations de service,0,0,0.0,0.0,0.0,0.0,0.0,64800.0,114000.0,133900.0,133900.0,0.0,0.0,0.0,0.0,0.0,64800.0,60400.0,108200.0
058,SGGC,3000,30,charge,Salaires des autorités et juges,0,0,3960400.0,3960400.0,3960400.0,3960400.0,3985400.0,4372500.0,4372500.0,4112500.0,4200000.0,3797020.0,3788422.0,3783368.0,4296624.3,4115627.7,3698686.0,3811139.5,4129583.3
058,SGGC,3001,30,charge,Paiements aux autorités et juges,0,0,1066400.0,1066400.0,1066400.0,940100.0,915100.0,915100.0,915100.0,915100.0,915100.0,884605.25,910295.65,940030.2,898557.57,810816.35,828246.9,809580.5,807126.35
058,SGGC,3010,30,charge,Salaires du personnel administratif et d'exploitation,0,0,2066300.0,2116400.0,2156100.0,2110300.0,2243500.0,2294400.0,2361300.0,2410500.0,2536400.0,2059366.1,2096731.95,2117813.35,2425674.65,2103783.4,2199309.35,2318693.45,2446388.75
058,SGGC,3030,30,charge,Travailleurs temporaires,0,0,82000.0,82000.0,114500.0,164500.0,120800.0,120800.0,88200.0,149000.0,249000.0,57598.28,29668.75,31790.5,110952.4,92209.25,98897.85,110573.9,79794.3
058,SGGC,3049,30,charge,Autres Indemnités,0,0,1000.0,1000.0,1000.0,1000.0,1000.0,1000.0,1000.0,1000.0,1000.0,973.3,960.0,960.0,936.0,960.0,960.0,845.35,960.0
058,SGGC,3050,30,charge,"Cotisations patronales AVS, APG, AC, frais administratifs",0,0,399900.0,365100.0,374700.0,381700.0,394100.0,398300.0,402900.0,407700.0,432600.0,354217.46,350698.66,352697.77,412383.38,374568.24,378807.61,360338.68,395652.49
058,SGGC,3052,30,charge,Cotisations patronales aux caisses de pension,0,0,242300.0,245200.0,337500.0,283300.0,283200.0,297200.0,301200.0,316000.0,341500.0,256320.15,256916.0,259335.1,296223.5,264881.05,275699.75,294101.25,305884.35
058,SGGC,3053,30,charge,Cotisations patronales aux assurances-accidents,0,0,2600.0,3700.0,3600.0,3700.0,3800.0,4100.0,4100.0,3800.0,3900.0,2065.9,2641.22,3415.97,4142.22,3488.5,3672.86,3850.78,3682.57
058,SGGC,3054,30,charge,Cotisations patronales aux caisses d'allocations familiales,0,0,57900.0,100700.0,116400.0,117700.0,120200.0,119300.0,120100.0,120100.0,125900.0,87116.98,108314.13,106286.95,124192.47,109623.75,107490.3,105569.57,109768.04
058,SGGC,3059,30,charge,Autres cotisations patronales,0,0,1400.0,3600.0,3600.0,3700.0,3800.0,4100.0,4000.0,3900.0,5900.0,3375.57,3348.52,3285.82,3875.03,3483.13,3502.76,3333.56,3670.27
058,SGGC,3090,30,charge,Formation et perfectionnement du propre personnel,0,0,29200.0,29200.0,29200.0,29200.0,29200.0,29200.0,29200.0,29200.0,29200.0,3140.5,1071.9,2900.8,8223.35,2731.0,6695.3,5694.8,11739.0
058,SGGC,3099,30,charge,Autres charges de personnel,0,0,7000.0,7000.0,7000.0,7000.0,7000.0,7000.0,7000.0,7000.0,7000.0,6724.63,3980.2,1791.0,5060.65,3175.6,3733.2,2696.0,5552.8
058,SGGC,3100,31,charge,Matériel de bureau,0,0,30200.0,30200.0,25200.0,25200.0,25200.0,25200.0,25200.0,25200.0,21200.0,8704.5,5056.25,8677.15,14929.51,9176.22,12991.9,2512.87,7866.46
058,SGGC,3101,31,charge,"Matériel d'exploitation, fournitures",0,0,0.0,0.0,0.0,0.0,0.0,0.0,0.0,0.0,1000.0,0.0,0.0,0.0,0.0,9.36,0.0,18.96,843.65
058,SGGC,3102,31,charge,"Imprimés, publications",0,0,53300.0,53300.0,48300.0,48300.0,48300.0,48300.0,48300.0,48300.0,48300.0,20265.67,22682.67,26733.27,22938.47,35813.89,47467.15,46509.4,34707.2
058,SGGC,3103,31,charge,"Littérature spécialisée, magazines",0,0,2000.0,2000.0,2000.0,2000.0,2000.0,2000.0,2000.0,2000.0,2000.0,120.0,0.0,397.67,189.6,0.0,80.12,1764.24,275.75
058,SGGC,3104,31,charge,Matériel didactique,0,0,0.0,0.0,0.0,0.0,0.0,0.0,0.0,0.0,500.0,0.0,0.0,0.0,0.0,4.89,0.0,1.72,55.52
058,SGGC,3105,31,charge,Denrées alimentaires,0,0,0.0,0.0,0.0,0.0,0.0,0.0,0.0,0.0,8000.0,0.0,0.0,0.0,0.0,0.0,0.0,0.0,0.0
058,SGGC,3110,31,charge,Meubles et appareils de bureau,0,0,41500.0,41500.0,41500.0,41500.0,71500.0,41500.0,41500.0,41500.0,41500.0,37109.67,26591.35,17058.6,35619.45,34407.54,86603.46,29710.85,11618.5
058,SGGC,3111,31,charge,"Machines, appareils et véhicules",0,0,0.0,0.0,0.0,0.0,32400.0,0.0,0.0,0.0,1000.0,0.0,0.0,0.0,0.0,0.0,21671.75,311.0,1493.36
058,SGGC,3113,31,charge,Matériel informatique,0,0,0.0,0.0,0.0,0.0,0.0,0.0,0.0,0.0,1500.0,0.0,0.0,0.0,0.0,120.7,42293.6,0.0,1295.61
058,SGGC,3130,31,charge,Prestations de services de tiers,0,0,145300.0,116800.0,126800.0,209300.0,159300.0,179300.0,179300.0,179300.0,255300.0,72865.84,138263.81,176098.46,313669.37,182491.53,130064.91,115332.41,105085.91
058,SGGC,3132,31,charge,"Honoraires Conseillers externes, experts, spécialistes, etc.",0,0,182500.0,82500.0,82500.0,82500.0,132500.0,132500.0,132500.0,132500.0,132500.0,107930.57,105181.15,17148.1,77198.1,44130.64,15969.51,59664.26,118888.85
058,SGGC,3144,31,charge,"Entretien des bâtiments, immeubles",0,0,0.0,0.0,0.0,0.0,0.0,0.0,0.0,0.0,0.0,0.0,0.0,0.0,1800.0,0.0,22016.45,0.0,0.0
058,SGGC,3150,31,charge,Entretien de meubles et appareils de bureau,0,0,85000.0,185000.0,185000.0,205000.0,205000.0,205000.0,205000.0,205000.0,325000.0,34683.2,42138.35,306225.7,320825.9,178488.45,131686.1,145497.55,150368.45
058,SGGC,3153,31,charge,Entretien informatique (matériel),0,0,32000.0,27000.0,20000.0,20000.0,20000.0,0.0,0.0,0.0,0.0,947.75,0.0,0.0,0.0,0.0,0.0,0.0,0.0
058,SGGC,3159,31,charge,Entretien d'autres biens meubles,0,0,0.0,0.0,0.0,0.0,0.0,0.0,0.0,0.0,500.0,0.0,0.0,0.0,0.0,0.0,0.0,0.0,425.95
058,SGGC,3160,31,charge,Loyer et bail à ferme des biens-fonds,0,0,0.0,0.0,0.0,0.0,0.0,0.0,0.0,0.0,0.0,0.0,0.0,0.0,103590.0,0.0,0.0,0.0,0.0
058,SGGC,3161,31,charge,"Loyers, frais d'utilisation des immobilisations",0,0,10000.0,10000.0,10000.0,10000.0,10000.0,10000.0,10000.0,10000.0,5500.0,5574.65,4490.4,3303.35,3849.15,5775.86,3413.95,3676.65,2401.45
058,SGGC,3170,31,charge,Dédommagements - Frais de déplacement et autres frais,0,0,19800.0,28300.0,28300.0,122100.0,122100.0,122100.0,122100.0,122100.0,122100.0,19915.25,15239.2,8291.2,10667.2,91019.9,65284.65,69863.37,80835.97
058,SGGC,3199,31,charge,Autres charges d'exploitation,0,0,4400.0,4400.0,4400.0,4400.0,4400.0,4400.0,4400.0,4400.0,4400.0,3472.05,371.8,831.6,52877.5,3265.1,584.8,507.25,1699.79
058,SGGC,3419,34,charge,Autres pertes réalisées à partir du patrimoine financier,0,0,0.0,0.0,0.0,0.0,0.0,0.0,0.0,0.0,0.0,530.98,0.0,0.0,0.0,0.0,0.0,486.09,322.4
058,SGGC,4250,42,revenu,Ventes,0,0,0.0,1000.0,1000.0,1000.0,1000.0,1000.0,1000.0,1000.0,500.0,0.0,1000.0,1000.0,1000.0,1000.0,1000.0,1000.0,500.0
058,SGGC,4260,42,revenu,Remboursements et participations de tiers,0,0,2200.0,4200.0,4200.0,4200.0,3900.0,3900.0,5900.0,5900.0,6900.0,4636.0,27471.8,7138.7,2778.0,5468.8,7826.75,4597.75,12313.6
058,SGGC,4419,44,revenu,Autres gains réalisés à partir du patrimoine financier,0,0,0.0,0.0,0.0,0.0,0.0,0.0,0.0,0.0,0.0,0.0,19.71,27.15,0.0,0.0,318.16,0.0,6.79
058,SGGC,4472,44,revenu,Paiement pour utilisations des immeubles PA,0,0,30000.0,20000.0,15000.0,15000.0,15000.0,15000.0,20000.0,30000.0,30000.0,13500.0,10500.0,0.0,1000.0,11750.0,30300.0,41100.0,29276.0
059,DFTS,3000,30,charge,Salaires des autorités et juges,0,0,599500.0,602000.0,602000.0,602000.0,602000.0,610300.0,622000.0,625700.0,625700.0,602459.4,635262.7,601959.4,601959.4,601959.4,610351.0,621919.6,611832.6
059,DFTS,3010,30,charge,Salaires du personnel administratif et d'exploitation,0,0,1071700.0,1068700.0,1082100.0,1082200.0,1062000.0,1108000.0,1156000.0,1193000.0,1174100.0,933859.05,987296.5,996003.1,1016369.85,1033168.05,1042330.3,1093380.2,1156575.2
059,DFTS,3030,30,charge,Travailleurs temporaires,0,0,120000.0,120000.0,110000.0,85000.0,85000.0,85000.0,55000.0,38400.0,55000.0,85695.15,0.0,0.0,0.0,0.0,0.0,30000.0,0.0
059,DFTS,3049,30,charge,Autres Indemnités,0,0,0.0,0.0,0.0,0.0,0.0,0.0,0.0,0.0,0.0,38419.0,0.0,0.0,0.0,0.0,0.0,0.0,0.0
059,DFTS,3050,30,charge,"Cotisations patronales AVS, APG, AC, frais administratifs",0,0,108200.0,110700.0,111800.0,114700.0,110900.0,115100.0,119200.0,120900.0,121900.0,96151.1,95972.3,102738.1,104448.9,105581.3,106489.85,111619.75,112373.6
059,DFTS,3052,30,charge,Cotisations patronales aux caisses de pension,0,0,225600.0,198200.0,218500.0,219300.0,216600.0,225100.0,229000.0,240600.0,232700.0,209297.8,208933.8,209068.1,210283.65,211754.05,215915.65,224361.0,227848.0
059,DFTS,3053,30,charge,Cotisations patronales aux assurances-accidents,0,0,2200.0,2100.0,2900.0,2900.0,2800.0,2900.0,3000.0,2700.0,2800.0,1819.0,1779.65,2279.5,2307.5,2339.35,2360.52,2483.5,2260.0
059,DFTS,3054,30,charge,Cotisations patronales aux caisses d'allocations familiales,0,0,46900.0,46900.0,47300.0,47300.0,46700.0,46400.0,48200.0,46700.0,47400.0,35025.55,44229.45,44472.25,44504.25,44967.0,43798.49,46028.15,44697.5
059,DFTS,3059,30,charge,Autres cotisations patronales,0,0,1200.0,1200.0,1200.0,1200.0,1200.0,1200.0,1200.0,1200.0,1900.0,951.95,966.5,970.8,971.5,981.6,990.8,1042.25,1057.15
059,DFTS,3090,30,charge,Formation et perfectionnement du propre personnel,0,0,40000.0,40000.0,40000.0,40000.0,40000.0,40000.0,40000.0,36500.0,40000.0,11714.55,4130.3,2896.2,9036.22,16335.27,23665.5,32938.78,25251.42
059,DFTS,3099,30,charge,Autres charges de personnel,0,0,1000.0,1000.0,1000.0,1000.0,1000.0,1000.0,2000.0,2000.0,2000.0,786.35,0.0,1020.0,445.6,108.3,1000.0,980.0,736.8
059,DFTS,3100,31,charge,Matériel de bureau,0,0,10000.0,10000.0,10000.0,10000.0,10000.0,4000.0,4000.0,4000.0,4000.0,1295.85,3615.75,1468.9,1780.95,1457.7,1194.3,3002.8,874.4
059,DFTS,3102,31,charge,"Imprimés, publications",0,0,0.0,0.0,0.0,0.0,0.0,0.0,0.0,0.0,0.0,1554.1,0.0,344.65,43.1,0.0,0.0,0.0,0.0
059,DFTS,3103,31,charge,"Littérature spécialisée, magazines",0,0,7000.0,7000.0,7000.0,7000.0,7000.0,5000.0,5000.0,5000.0,5000.0,5098.81,4989.8,4649.8,4277.2,4396.2,2446.25,1544.65,2760.9
059,DFTS,3110,31,charge,Meubles et appareils de bureau,0,0,0.0,0.0,5000.0,5000.0,5000.0,5000.0,5000.0,5000.0,5000.0,1136.1,0.0,3886.7,0.0,2249.1,2835.0,3359.55,6069.45
059,DFTS,3113,31,charge,Matériel informatique,0,0,0.0,0.0,0.0,0.0,0.0,0.0,0.0,300.0,300.0,0.0,0.0,0.0,0.0,0.0,0.0,232.65,127.1
059,DFTS,3130,31,charge,Prestations de services de tiers,0,0,18500.0,18500.0,18500.0,18500.0,18500.0,13000.0,13000.0,13000.0,13000.0,13103.23,12443.46,5753.51,8163.69,9243.21,6805.19,8181.88,6349.92
059,DFTS,3132,31,charge,"Honoraires Conseillers externes, experts, spécialistes, etc.",0,0,135000.0,135000.0,130000.0,130000.0,130000.0,130000.0,130000.0,95000.0,130000.0,74473.3,34739.35,44923.15,81447.95,47184.8,60652.65,44601.66,22790.4
059,DFTS,3150,31,charge,Entretien de meubles et appareils de bureau,0,0,1000.0,1000.0,1000.0,1000.0,1000.0,1000.0,1000.0,1000.0,37400.0,0.0,0.0,0.0,0.0,0.0,0.0,0.0,0.0
059,DFTS,3158,31,charge,Entretien des immobilisations incorporelles,0,0,20000.0,20000.0,15000.0,0.0,0.0,0.0,0.0,0.0,0.0,0.0,0.0,0.0,0.0,0.0,0.0,0.0,0.0
059,DFTS,3160,31,charge,Loyer et bail à ferme des biens-fonds,0,0,101700.0,105000.0,105000.0,105000.0,105000.0,105000.0,110000.0,115700.0,121000.0,103500.05,104251.65,104976.0,104420.9,104976.0,103962.92,103500.9,112371.7
059,DFTS,3161,31,charge,"Loyers, frais d'utilisation des immobilisations",0,0,15000.0,15000.0,15000.0,15000.0,15000.0,5000.0,5000.0,5000.0,5000.0,9256.45,9828.45,4197.7,5585.0,2641.0,2908.55,3762.9,2299.55
059,DFTS,3170,31,charge,Dédommagements - Frais de déplacement et autres frais,0,0,35500.0,35500.0,35500.0,35500.0,35500.0,31000.0,28000.0,28000.0,28000.0,22219.0,23177.95,23164.95,22570.35,23026.6,23808.65,22327.5,22179.3
059,DFTS,3419,34,charge,Autres pertes réalisées à partir du patrimoine financier,0,0,0.0,0.0,0.0,0.0,0.0,0.0,0.0,0.0,0.0,-122.7,0.0,36.07,0.0,383.76,38.05,82.03,30.57
059,DFTS,4260,42,revenu,Remboursements et participations de tiers,0,0,1200.0,1200.0,1900.0,1900.0,1900.0,1900.0,1900.0,2000.0,2000.0,1589.2,1983.8,1858.8,1933.8,1933.8,1933.8,1938.0,4017.0
059,DFTS,4419,44,revenu,Autres gains réalisés à partir du patrimoine financier,0,0,0.0,0.0,0.0,0.0,0.0,0.0,0.0,0.0,0.0,0.0,16.45,0.0,1.11,12.55,119.53,15.64,75.71
059,DFTS,4440,44,revenu,Réévaluation autres placements financiers PF,0,0,0.0,0.0,0.0,0.0,0.0,0.0,0.0,0.0,0.0,0.0,0.0,0.0,0.0,0.0,0.0,0.0,14.47
064,DSAS,3101,31,charge,"Matériel d'exploitation, fournitures",0,0,20000.0,20000.0,20000.0,20000.0,20000.0,20000.0,20000.0,20000.0,20000.0,13742.45,13742.45,13742.45,5779.2,0.0,0.0,0.0,0.0
064,DSAS,3105,31,charge,Denrées alimentaires,0,0,0.0,0.0,0.0,0.0,0.0,0.0,0.0,0.0,0.0,4200.45,0.0,0.0,36133.1,0.0,0.0,0.0,20618.0
064,DSAS,3132,31,charge,"Honoraires Conseillers externes, experts, spécialistes, etc.",0,0,1800000.0,0.0,0.0,0.0,0.0,0.0,0.0,0.0,0.0,1656216.68,1175878.04,0.0,0.0,0.0,0.0,0.0,0.0
064,DSAS,3180,31,charge,Réévaluations sur créances,0,0,0.0,0.0,0.0,0.0,0.0,0.0,0.0,0.0,0.0,167767.25,839450.3,-2051286.16,-337677.96,636929.42,2085078.41,0.0,0.0
064,DSAS,3419,34,charge,Autres pertes réalisées à partir du patrimoine financier,0,0,0.0,0.0,0.0,0.0,0.0,0.0,0.0,0.0,0.0,0.0,0.0,0.0,0.0,0.0,0.0,148.5,0.0
064,DSAS,3499,34,charge,Autres charges financières,0,0,0.0,0.0,0.0,0.0,0.0,0.0,0.0,0.0,0.0,0.0,0.0,0.0,0.0,-0.61,0.0,0.0,0.0
064,DSAS,3511,35,charge,Attributions aux fonds sous capital propre,0,0,949400.0,949400.0,949400.0,949400.0,949400.0,399400.0,949400.0,949400.0,949400.0,1028970.21,930353.13,1005769.39,1019558.5,889984.99,867781.7,112316.65,5647782.65
064,DSAS,3614,36,charge,Dédommagements aux entreprises publiques,0,0,0.0,0.0,0.0,0.0,0.0,0.0,0.0,0.0,0.0,0.0,10396.48,0.0,17590.88,0.0,0.0,0.0,0.0
064,DSAS,3630,36,charge,Subventions à la Confédération,0,0,82900.0,132900.0,132900.0,132900.0,132900.0,127900.0,127900.0,127900.0,127900.0,82858.4,82858.4,125892.35,128158.45,125883.75,128839.7,130021.7,98772.45
064,DSAS,3631,36,charge,Subventions accordées aux cantons et aux concordats,0,0,0.0,2918000.0,2971200.0,3231200.0,3701200.0,4691200.0,4691200.0,2354700.0,4154700.0,0.0,1449722.41,2984265.75,2896951.0,3297036.68,4094212.5,4892520.17,4841607.35
064,DSAS,3632,36,charge,Subventions accordées aux communes et ass intercommunales,0,0,3970000.0,6680400.0,6785400.0,6888100.0,7368100.0,7033700.0,8224500.0,7931000.0,10761000.0,3780262.46,2387463.85,5850382.28,6471914.13,6116736.4,6183833.27,6125881.69,7916629.55
064,DSAS,3634,36,charge,Subventions accordées aux entreprises publiques,0,0,624216300.0,641058900.0,655078100.0,675977000.0,699216700.0,743181700.0,807418800.0,811950600.0,768829300.0,678292548.18,623123126.97,731408861.38,704759884.1,695926213.67,723577473.26,791182397.17,809714132.35
064,DSAS,3635,36,charge,Subventions accordées aux entreprises privées,0,0,46350100.0,51310800.0,53910800.0,60641300.0,68211300.0,93230200.0,98543100.0,95952900.0,96992900.0,41012917.73,45726963.81,58645233.54,70992856.1,82476192.25,75472750.13,90489974.87,82248977.17
064,DSAS,3636,36,charge,Subventions accordées aux org privées à but non lucratif,0,0,609242300.0,725819700.0,733556000.0,759684500.0,705571600.0,762127100.0,796541600.0,853937600.0,864519400.0,597523542.19,607582972.88,807173135.34,758816981.75,774265785.25,722734111.06,786350829.95,807211274.47
064,DSAS,3637,36,charge,Subventions accordées aux ménages privés,0,0,0.0,8000.0,18000.0,18000.0,18000.0,18000.0,4000.0,4000.0,14000.0,0.0,0.0,15690.1,13203.7,5880.65,3912.9,5264.27,11871.2
064,DSAS,3638,36,charge,Subventions à redistribuer à l'étranger,0,0,400000.0,1400000.0,1400000.0,1400000.0,1400000.0,1400000.0,1400000.0,1250000.0,1250000.0,400000.0,400000.0,1235527.0,1370000.0,1350000.0,1398586.25,1396512.76,1394285.22
064,DSAS,4210,42,revenu,Emoluments pour actes administratifs,0,0,0.0,0.0,0.0,0.0,0.0,0.0,0.0,0.0,0.0,2960.0,1480.0,5960.0,3060.0,-3080.0,8960.0,4440.0,15000.0
064,DSAS,4260,42,revenu,Remboursements et participations de tiers,0,0,750000.0,750000.0,1750000.0,1750000.0,3170300.0,3170300.0,3170300.0,3170300.0,3170300.0,2238984.5,2094231.4,1908446.8,17130618.4,6352862.49,1850156.95,1926295.27,12380070.08
064,DSAS,4320,43,revenu,"Variations de stocks, produits semi-finis et finis",0,0,0.0,0.0,0.0,0.0,0.0,0.0,0.0,0.0,0.0,0.0,31992.06,11056.44,0.0,51005.6,22861.5,10763.2,0.0
064,DSAS,4400,44,revenu,Intérêts des liquidités,0,0,640000.0,640000.0,640000.0,640000.0,640000.0,640000.0,640000.0,640000.0,640000.0,758693.77,80946.74,193977.87,275035.25,388628.12,653294.79,728016.03,705257.61
064,DSAS,4419,44,revenu,Autres gains réalisés à partir du patrimoine financier,0,0,0.0,0.0,0.0,0.0,0.0,0.0,0.0,0.0,0.0,0.0,0.0,0.0,0.0,0.0,0.0,14.93,108.35
064,DSAS,4511,45,revenu,Prélèvements sur les fonds sous capital propre,0,0,1557800.0,1557800.0,1557800.0,1557800.0,1557800.0,1557800.0,1557800.0,1557800.0,1557800.0,954782.5,1191429.8,1216945.45,1676164.19,1382701.2,1550649.5,3701151.58,4719791.0
064,DSAS,4600,46,revenu,Part aux revenus de la Confédération,0,0,2460000.0,2460000.0,2460000.0,2460000.0,2460000.0,2460000.0,2460000.0,2460000.0,2460000.0,2399305.0,2314132.0,2356041.0,2514219.0,2640235.0,2610981.0,2741399.0,2395115.0
064,DSAS,4610,46,revenu,Dédommagements de la Confédération,0,0,0.0,0.0,0.0,0.0,0.0,0.0,0.0,0.0,3145000.0,0.0,0.0,0.0,0.0,0.0,0.0,0.0,3241450.0
064,DSAS,4611,46,revenu,Dédommagements des cantons et des concordats,0,0,777200.0,777200.0,777200.0,506000.0,506000.0,506000.0,1006000.0,4466200.0,4466200.0,716093.5,740332.26,519485.0,500968.0,500110.0,1775299.84,5650076.76,5795335.99
064,DSAS,4612,46,revenu,Dédommagements des communes et associations intercommunales,0,0,1111000.0,1111000.0,1111000.0,1111000.0,1111000.0,1111000.0,1111000.0,1111000.0,1111000.0,1111000.0,1111000.0,1111000.0,1111000.0,1111000.0,1111000.0,1111000.0,1111000.0
064,DSAS,4614,46,revenu,Indemnités des entreprises publiques,0,0,0.0,0.0,0.0,0.0,0.0,0.0,0.0,0.0,0.0,23801.11,0.0,123705.4,0.0,48479.39,50683.75,101553.45,118400.65
065,DSAS,3010,30,charge,Salaires du personnel administratif et d'exploitation,0,0,19138300.0,23331100.0,27453000.0,29795400.0,31465600.0,35169900.0,36133200.0,38286300.0,40785300.0,16167082.9,23198843.8,24941447.19,27160538.35,27990780.65,29642809.35,33888998.15,35599577.45
065,DSAS,3030,30,charge,Travailleurs temporaires,0,0,3192900.0,5491300.0,3697900.0,3769800.0,3687100.0,2566300.0,2579900.0,2255900.0,2346900.0,2790131.45,3110686.85,3074093.48,4340286.05,4004542.8,3901480.35,2191785.05,2629928.2
065,DSAS,3049,30,charge,Autres Indemnités,0,0,0.0,0.0,0.0,0.0,0.0,0.0,0.0,21100.0,0.0,0.0,0.0,11.2,641.9,1299.0,9530.8,0.4,-628.85
065,DSAS,3050,30,charge,"Cotisations patronales AVS, APG, AC, frais administratifs",0,0,1406500.0,1887000.0,2018100.0,2231600.0,2290400.0,2471500.0,2516100.0,2640400.0,2810000.0,1200244.55,1663031.24,1778054.64,1968622.59,2150128.63,2197978.22,2311750.5,2500471.16
065,DSAS,3052,30,charge,Cotisations patronales aux caisses de pension,0,0,2558700.0,3365700.0,3639200.0,3918800.0,4104400.0,4391300.0,4494700.0,4716700.0,5019600.0,2259948.92,3056311.18,3217585.71,3558975.6,3711016.95,3941375.4,4230030.75,4491498.15
065,DSAS,3053,30,charge,Cotisations patronales aux assurances-accidents,0,0,40400.0,48700.0,60200.0,63900.0,66500.0,59400.0,60700.0,58500.0,60500.0,22499.55,32516.06,43071.33,47546.35,50509.9,54036.45,58599.9,56701.93
065,DSAS,3054,30,charge,Cotisations patronales aux caisses d'allocations familiales,0,0,584600.0,748200.0,830900.0,898100.0,941500.0,1000000.0,1018000.0,1026300.0,1092200.0,419822.3,726671.22,756947.59,840788.99,889023.93,894382.24,961768.14,975457.27
065,DSAS,3059,30,charge,Autres cotisations patronales,0,0,13600.0,17900.0,22400.0,20500.0,21400.0,22400.0,23100.0,24200.0,38000.0,11388.47,15857.92,16592.55,18301.73,19423.85,19889.24,21794.66,23074.3
065,DSAS,3090,30,charge,Formation et perfectionnement du propre personnel,0,0,0.0,74000.0,74000.0,74000.0,104000.0,122000.0,152000.0,152000.0,163900.0,0.0,87.3,52926.47,59481.6,95007.5,125684.34,160323.55,128019.72
065,DSAS,3099,30,charge,Autres charges de personnel,0,0,87200.0,87200.0,87200.0,87200.0,87200.0,90000.0,120000.0,120000.0,129000.0,59862.77,60373.75,40488.55,25900.18,78955.83,73877.94,83502.19,98269.18
065,DSAS,3100,31,charge,Matériel de bureau,0,0,157500.0,260000.0,310000.0,310000.0,410000.0,93800.0,93800.0,93800.0,92000.0,206216.25,287828.85,227524.75,237700.0,346128.68,112777.96,46115.89,58786.44
065,DSAS,3101,31,charge,"Matériel d'exploitation, fournitures",0,0,1000.0,1000.0,1000.0,1000.0,1000.0,1200.0,1200.0,1200.0,3000.0,0.0,0.0,9055.2,2679.4,14.65,702.85,1587.02,2914.05
065,DSAS,3102,31,charge,"Imprimés, publications",0,0,65100.0,73100.0,73100.0,73100.0,73100.0,365100.0,365300.0,301200.0,301200.0,13240.1,3655.85,295.55,1508.1,20983.45,202339.74,305316.68,280319.8
065,DSAS,3103,31,charge,"Littérature spécialisée, magazines",0,0,200.0,200.0,200.0,200.0,200.0,200.0,0.0,0.0,0.0,0.0,87.15,82.0,82.0,82.0,82.0,142.1,82.1
065,DSAS,3104,31,charge,Matériel didactique,0,0,0.0,0.0,0.0,0.0,0.0,0.0,0.0,0.0,0.0,0.0,0.0,0.0,0.0,0.0,349.0,84.39,871.98
065,DSAS,3106,31,charge,Matériel médical et de laboratoire,0,0,0.0,0.0,0.0,0.0,0.0,0.0,0.0,0.0,0.0,0.0,0.0,0.0,0.0,0.0,84.4,242.35,407.5
065,DSAS,3110,31,charge,Meubles et appareils de bureau,0,0,0.0,0.0,2200.0,250700.0,237000.0,237000.0,107000.0,53500.0,53500.0,73077.9,40340.2,163609.55,48263.77,192640.63,119040.85,92540.63,62569.13
065,DSAS,3111,31,charge,"Machines, appareils et véhicules",0,0,0.0,0.0,0.0,0.0,0.0,0.0,0.0,0.0,0.0,0.0,0.0,0.0,0.0,0.0,0.0,962.55,82.1
065,DSAS,3113,31,charge,Matériel informatique,0,0,0.0,0.0,0.0,0.0,0.0,6000.0,6000.0,6000.0,6000.0,0.0,0.0,0.0,0.0,0.0,1668.55,1017.25,300.0
065,DSAS,3120,31,charge,Alimentation et élimination des biens-fonds PA,0,0,25600.0,25600.0,25600.0,15700.0,26000.0,26000.0,26000.0,26000.0,26000.0,9238.9,9381.6,7608.6,11854.65,14880.45,10066.0,11762.8,12983.55
065,DSAS,3130,31,charge,Prestations de services de tiers,0,0,832500.0,914800.0,927800.0,1022300.0,963400.0,1099900.0,1092400.0,1104400.0,1113200.0,797327.92,855168.32,870567.66,839877.45,976360.34,984993.74,1078293.59,1101860.97
065,DSAS,3132,31,charge,"Honoraires Conseillers externes, experts, spécialistes, etc.",0,0,1300800.0,1450800.0,1450800.0,1882800.0,2420300.0,2520000.0,2520000.0,2320000.0,2320000.0,907605.81,1037277.64,1676646.49,1685120.17,1814268.78,2101224.45,2334701.39,1786478.69
065,DSAS,3150,31,charge,Entretien de meubles et appareils de bureau,0,0,8700.0,8700.0,8700.0,8700.0,8700.0,2000.0,2000.0,2000.0,2000.0,2123.2,3166.95,0.0,0.0,1624.5,289.55,2852.95,205.0
065,DSAS,3160,31,charge,Loyer et bail à ferme des biens-fonds,0,0,373400.0,442400.0,438500.0,438500.0,504500.0,243300.0,247300.0,260200.0,265000.0,362183.1,326289.15,414711.0,438456.0,425460.1,368792.4,244056.0,264924.3
065,DSAS,3161,31,charge,"Loyers, frais d'utilisation des immobilisations",0,0,84900.0,65600.0,65600.0,65600.0,59700.0,59700.0,59700.0,59700.0,59700.0,64079.3,63550.25,39917.8,38990.06,35989.55,60118.69,39596.46,35377.2
065,DSAS,3169,31,charge,Autres loyers et frais d'utilisation,0,0,0.0,0.0,0.0,0.0,4300.0,5000.0,5000.0,25000.0,30000.0,0.0,0.0,0.0,0.0,0.0,3624.01,13715.78,10802.22
065,DSAS,3170,31,charge,Dédommagements - Frais de déplacement et autres frais,0,0,74300.0,104800.0,104800.0,104800.0,115200.0,74600.0,74600.0,94600.0,120500.0,87095.4,80580.15,58649.35,66315.1,75995.65,82952.6,85199.96,110654.5
065,DSAS,3180,31,charge,Réévaluations sur créances,0,0,0.0,0.0,0.0,0.0,0.0,0.0,0.0,0.0,0.0,0.0,0.0,0.0,0.0,0.0,0.0,2500.0,0.0
065,DSAS,3181,31,charge,Pertes sur créance effectives,0,0,0.0,0.0,0.0,0.0,0.0,0.0,0.0,0.0,0.0,7344.0,0.0,0.0,0.0,0.0,0.0,40918.85,-3.04
065,DSAS,3199,31,charge,Autres charges d'exploitation,0,0,3400.0,3400.0,3900.0,3900.0,8400.0,11400.0,11400.0,11400.0,30000.0,2400.0,3395.75,3142.25,5550.8,8240.0,21248.0,9701.6,26978.1
065,DSAS,3419,34,charge,Autres pertes réalisées à partir du patrimoine financier,0,0,0.0,0.0,0.0,0.0,0.0,0.0,0.0,0.0,0.0,0.0,0.0,0.0,0.0,0.0,9.89,0.0,0.0
065,DSAS,3499,34,charge,Autres charges financières,0,0,0.0,0.0,0.0,0.0,0.0,0.0,7500.0,7500.0,1300.0,0.0,0.0,0.0,0.0,0.0,0.0,0.0,1316.44
065,DSAS,3511,35,charge,Attributions aux fonds sous capital propre,0,0,0.0,0.0,0.0,0.0,0.0,0.0,0.0,0.0,0.0,0.0,5415.08,2882.61,0.0,77575.63,120248.39,0.0,1729.52
065,DSAS,3637,36,charge,Subventions accordées aux ménages privés,0,0,300000.0,300000.0,300000.0,300000.0,450000.0,450000.0,450000.0,450000.0,450000.0,264850.73,458822.77,350959.67,501937.64,393255.62,267383.52,264577.13,244248.7
065,DSAS,4210,42,revenu,Emoluments pour actes administratifs,0,0,10000.0,10000.0,10000.0,10000.0,10000.0,10000.0,10000.0,10000.0,10000.0,7500.0,0.0,0.0,0.0,0.0,0.0,12500.0,0.0
065,DSAS,4230,42,revenu,Frais d'écolage,0,0,0.0,0.0,0.0,0.0,0.0,0.0,0.0,0.0,0.0,0.0,0.0,0.0,0.0,0.0,0.0,2700.85,0.0
065,DSAS,4260,42,revenu,Remboursements et participations de tiers,0,0,65900.0,65900.0,65900.0,65900.0,69900.0,69900.0,69900.0,69900.0,69900.0,61153.15,58203.85,60895.15,51661.45,49227.9,63591.75,72232.0,51918.4
065,DSAS,4400,44,revenu,Intérêts des liquidités,0,0,0.0,0.0,0.0,0.0,0.0,0.0,0.0,0.0,0.0,1.5,1.25,0.0,1.2,0.0,0.0,0.0,0.0
065,DSAS,4419,44,revenu,Autres gains réalisés à partir du patrimoine financier,0,0,0.0,0.0,0.0,0.0,0.0,0.0,0.0,0.0,0.0,0.0,0.0,0.0,0.0,0.0,138.15,0.0,0.0
065,DSAS,4420,44,revenu,Revenus de participations PF - Dividendes,0,0,0.0,0.0,0.0,0.0,0.0,0.0,0.0,0.0,0.0,22.5,14.6,14.6,51.15,82.75,59.05,67.2,59.06
065,DSAS,4440,44,revenu,Réévaluation autres placements financiers PF,0,0,0.0,0.0,0.0,0.0,0.0,0.0,0.0,0.0,0.0,0.0,0.0,0.0,0.0,0.0,8.56,13.86,-0.97
065,DSAS,4511,45,revenu,Prélèvements sur les fonds sous capital propre,0,0,0.0,0.0,0.0,0.0,0.0,0.0,0.0,0.0,0.0,4083.78,0.0,0.0,207.25,0.0,0.0,192914.56,0.0
065,DSAS,4612,46,revenu,Dédommagements des communes et associations intercommunales,0,0,1404000.0,3337800.0,3457100.0,3474200.0,3785200.0,4125300.0,4434800.0,4489200.0,4243700.0,0.0,2610930.0,2821918.0,3126773.0,3333557.0,3541966.0,3922828.0,4068293.4
065,DSAS,4637,46,revenu,Subventions des ménages privés,0,0,300000.0,300000.0,300000.0,300000.0,450000.0,450000.0,450000.0,450000.0,450000.0,268392.15,464636.3,354372.03,502241.19,474030.02,388170.11,72114.07,246586.3
066,DSAS,3010,30,charge,Salaires du personnel administratif et d'exploitation,0,0,0.0,0.0,0.0,0.0,0.0,0.0,0.0,0.0,0.0,5793014.65,0.0,0.0,0.0,0.0,0.0,0.0,0.0
066,DSAS,3030,30,charge,Travailleurs temporaires,0,0,0.0,0.0,0.0,0.0,0.0,0.0,0.0,0.0,0.0,562945.35,0.0,0.0,0.0,0.0,0.0,0.0,0.0
066,DSAS,3050,30,charge,"Cotisations patronales AVS, APG, AC, frais administratifs",0,0,0.0,0.0,0.0,0.0,0.0,0.0,0.0,0.0,0.0,401041.13,0.0,0.0,0.0,0.0,0.0,0.0,0.0
066,DSAS,3052,30,charge,Cotisations patronales aux caisses de pension,0,0,0.0,0.0,0.0,0.0,0.0,0.0,0.0,0.0,0.0,693558.2,0.0,0.0,0.0,0.0,0.0,0.0,0.0
066,DSAS,3053,30,charge,Cotisations patronales aux assurances-accidents,0,0,0.0,0.0,0.0,0.0,0.0,0.0,0.0,0.0,0.0,8053.6,0.0,0.0,0.0,0.0,0.0,0.0,0.0
066,DSAS,3054,30,charge,Cotisations patronales aux caisses d'allocations familiales,0,0,0.0,0.0,0.0,0.0,0.0,0.0,0.0,0.0,0.0,140614.57,0.0,0.0,0.0,0.0,0.0,0.0,0.0
066,DSAS,3059,30,charge,Autres cotisations patronales,0,0,0.0,0.0,0.0,0.0,0.0,0.0,0.0,0.0,0.0,3825.27,0.0,0.0,0.0,0.0,0.0,0.0,0.0
066,DSAS,3099,30,charge,Autres charges de personnel,0,0,0.0,0.0,0.0,0.0,0.0,0.0,0.0,0.0,0.0,474.5,0.0,0.0,0.0,0.0,0.0,0.0,0.0
066,DSAS,3100,31,charge,Matériel de bureau,0,0,0.0,0.0,0.0,0.0,0.0,0.0,0.0,0.0,0.0,13737.9,0.0,0.0,0.0,0.0,0.0,0.0,0.0
066,DSAS,3102,31,charge,"Imprimés, publications",0,0,0.0,0.0,0.0,0.0,0.0,0.0,0.0,0.0,0.0,91037.6,0.0,0.0,0.0,0.0,0.0,0.0,0.0
066,DSAS,3103,31,charge,"Littérature spécialisée, magazines",0,0,0.0,0.0,0.0,0.0,0.0,0.0,0.0,0.0,0.0,87.15,0.0,0.0,0.0,0.0,0.0,0.0,0.0
066,DSAS,3110,31,charge,Meubles et appareils de bureau,0,0,0.0,0.0,0.0,0.0,0.0,0.0,0.0,0.0,0.0,17963.75,0.0,0.0,0.0,0.0,0.0,0.0,0.0
066,DSAS,3120,31,charge,"Alimentation et élimination, biens-fonds, PA",0,0,0.0,0.0,0.0,0.0,0.0,0.0,0.0,0.0,0.0,470.45,0.0,0.0,0.0,0.0,0.0,0.0,0.0
066,DSAS,3130,31,charge,Prestations de services de tiers,0,0,595000.0,595000.0,660000.0,684000.0,747600.0,825500.0,692000.0,666000.0,662000.0,653595.15,610887.14,539881.24,535425.12,662482.59,620642.12,604492.96,664629.65
066,DSAS,3132,31,charge,"Honoraires Conseillers externes, experts, spécialistes, etc.",0,0,0.0,0.0,0.0,0.0,0.0,0.0,0.0,0.0,0.0,263155.98,0.0,0.0,0.0,0.0,0.0,0.0,0.0
066,DSAS,3161,31,charge,"Loyers, frais d'utilisation des immobilisations",0,0,0.0,0.0,0.0,0.0,0.0,0.0,0.0,0.0,0.0,6426.35,0.0,0.0,0.0,0.0,0.0,0.0,0.0
066,DSAS,3170,31,charge,Dédommagements - Frais de déplacement et autres frais,0,0,0.0,0.0,0.0,0.0,0.0,0.0,0.0,0.0,0.0,11172.05,-96.0,0.0,0.0,0.0,0.0,0.0,0.0
066,DSAS,3180,31,charge,Réévaluations sur créances,0,0,0.0,0.0,0.0,0.0,0.0,0.0,0.0,0.0,0.0,0.0,78000.0,0.0,0.0,0.0,0.0,-155000.0,0.0
066,DSAS,3181,31,charge,Pertes sur créance effectives,0,0,11145300.0,12745300.0,14375300.0,13260000.0,8460000.0,8350000.0,7450000.0,4600000.0,4866000.0,10200238.4,13475698.05,10438295.78,7984618.42,12528408.61,12711386.22,69014.68,10771795.13
066,DSAS,3499,34,charge,Autres charges financières,0,0,0.0,0.0,0.0,0.0,0.0,0.0,30500.0,30500.0,30500.0,0.0,0.0,0.0,-3.77,0.7,-0.87,-0.53,13497.61
066,DSAS,3610,36,charge,Dédommagements à la Confédération,0,0,2028000.0,2196000.0,1996500.0,1848000.0,1728000.0,1728000.0,1858400.0,1610600.0,1440000.0,2304000.0,2028000.0,2277107.6,1992000.0,1696555.5,1728000.0,1751415.3,1860000.0
066,DSAS,3611,36,charge,Dédommagements aux cantons et aux concordats,0,0,0.0,0.0,0.0,0.0,30000.0,30000.0,30000.0,30000.0,0.0,612101.28,-48136.05,21612.4,30240.05,22520.25,39066.9,37875.9,36149.95
066,DSAS,3612,36,charge,Dédommagements aux communes et associations intercommunales,0,0,82554600.0,86970500.0,88687000.0,106897400.0,105844600.0,104397400.0,105482000.0,108661600.0,112224500.0,85029168.76,87667392.88,88120015.4,89529321.32,100655390.47,101325371.49,102475247.77,108210809.36
066,DSAS,3634,36,charge,Subventions accordées aux entreprises publiques,0,0,20980800.0,23787800.0,27315500.0,27521000.0,27421000.0,29100800.0,29524700.0,31163200.0,32971000.0,20182815.52,21219650.3,21854158.53,26309644.95,25986852.53,26414877.69,31472779.51,31135745.37
066,DSAS,3635,36,charge,Subventions accordées aux entreprises privées,0,0,14993600.0,19549200.0,0.0,0.0,0.0,0.0,0.0,0.0,0.0,1101500.0,19121539.7,19545299.25,0.0,0.0,0.0,0.0,0.0
066,DSAS,3636,36,charge,Subventions accordées aux org privées à but non lucratif,0,0,33992100.0,37771900.0,60306300.0,67261300.0,148955400.0,155049900.0,163482900.0,168530700.0,174465400.0,37025470.07,32964014.37,40514778.65,59222056.25,66925175.79,152575670.39,161623166.33,165515133.95
066,DSAS,3637,36,charge,Subventions accordées aux ménages privés,0,0,1701816800.0,1765134200.0,1779490800.0,1812556000.0,1912116800.0,1958495700.0,2031699500.0,2231830100.0,2311269500.0,1898131176.18,1774536007.84,1811636289.79,1844249351.54,1822867923.98,1902915685.47,2054413494.74,2212051017.8
066,DSAS,3640,36,charge,Réévaluations des prêts PA,0,0,0.0,0.0,0.0,0.0,0.0,0.0,0.0,0.0,0.0,55400.0,11700.0,64700.0,50900.0,-25100.0,-32800.0,-62700.0,60400.0
066,DSAS,4260,42,revenu,Remboursements et participations de tiers,0,0,5026000.0,5071000.0,5136000.0,4064000.0,4009000.0,4070000.0,3285000.0,3259000.0,3259000.0,3563912.38,4456794.96,5157803.42,2838485.69,2924640.62,3346957.96,3966693.05,3700216.68
066,DSAS,4401,44,revenu,Intérêts des créances et comptes courants,0,0,0.0,0.0,0.0,0.0,0.0,100000.0,80000.0,80000.0,80000.0,78117.45,88057.07,56263.9,9010.9,136956.05,66713.55,77934.45,10282.75
066,DSAS,4419,44,revenu,Autres gains réalisés à partir du patrimoine financier,0,0,0.0,0.0,0.0,0.0,0.0,0.0,0.0,0.0,0.0,0.0,0.0,0.0,0.0,0.0,20.12,0.0,0.0
066,DSAS,4511,45,revenu,Prélèvements sur les fonds sous capital propre,0,0,0.0,0.0,0.0,0.0,0.0,0.0,0.0,0.0,0.0,0.0,0.0,0.0,0.0,0.0,384666.2,3700611.2,3160614.2
066,DSAS,4610,46,revenu,Dédommagements de la Confédération,0,0,436634100.0,442989700.0,451930800.0,455600000.0,495098100.0,530400000.0,576067600.0,595211300.0,607862100.0,422533922.6,440204007.94,456126601.41,469068848.55,475186966.0,508766136.7,544202278.44,581446912.76
066,DSAS,4611,46,revenu,Dédommagements des cantons et des concordats,0,0,0.0,0.0,0.0,0.0,0.0,0.0,0.0,0.0,0.0,174781.13,0.0,0.0,0.0,0.0,0.0,0.0,0.0
066,DSAS,4612,46,revenu,Dédommagements des communes et associations intercommunales,0,0,512000000.0,517278200.0,521626200.0,492711500.0,472985500.0,460670100.0,446487800.0,492730000.0,510391000.0,606444700.0,522418196.0,526784936.0,538406469.0,462809279.98,470042881.0,476187113.2,499345281.75
066,DSAS,4630,46,revenu,Subventions de la Confédération,0,0,22017000.0,60217000.0,52517000.0,50967000.0,56590000.0,70655400.0,72144300.0,73154000.0,71113700.0,57391327.0,62369391.0,58968398.0,54792271.0,58150023.0,58362367.0,64837103.38,71055173.62
066,DSAS,4635,46,revenu,Subventions des entreprises privées,0,0,620000.0,620000.0,620000.0,620000.0,620000.0,200000.0,0.0,0.0,0.0,730644.36,767781.25,313940.69,466001.85,187923.25,254655.2,31215.64,165036.6
066,DSAS,4637,46,revenu,Subventions des ménages privés,0,0,24522000.0,28502000.0,25302000.0,15400000.0,14000000.0,14700000.0,14700000.0,12500000.0,12508300.0,21959130.81,20348638.58,19750488.6,15015724.82,14497538.46,13329481.93,11309396.86,12666092.45
066,DSAS,4910,49,revenu,Imput int pour prestations de service,0,0,0.0,0.0,0.0,1100000.0,1300000.0,800000.0,820000.0,1641000.0,1641000.0,0.0,0.0,0.0,0.0,814469.0,970140.0,918051.92,815410.0
067,DSAS,3130,31,charge,Prestations de services de tiers,0,0,0.0,0.0,0.0,0.0,0.0,0.0,0.0,0.0,0.0,0.0,3251.0,0.0,0.0,0.0,0.0,0.0,0.0
067,DSAS,3132,31,charge,"Honoraires Conseillers externes, experts, spécialistes, etc.",0,0,0.0,0.0,0.0,0.0,0.0,0.0,0.0,0.0,0.0,64752.55,0.0,0.0,0.0,0.0,0.0,0.0,0.0
067,DSAS,3180,31,charge,Réévaluations sur créances,0,0,0.0,0.0,0.0,0.0,0.0,0.0,0.0,0.0,0.0,730000.0,-75000.0,0.0,0.0,0.0,0.0,0.0,0.0
067,DSAS,3634,36,charge,Subventions accordées aux entreprises publiques,0,0,0.0,400000.0,650000.0,0.0,0.0,0.0,0.0,0.0,0.0,0.0,0.0,0.0,0.0,0.0,0.0,0.0,0.0
067,DSAS,3635,36,charge,Subventions accordées aux entreprises privées,0,0,46226800.0,47868500.0,0.0,0.0,0.0,0.0,0.0,0.0,0.0,62867580.87,47547090.3,54357034.38,0.0,0.0,0.0,0.0,0.0
067,DSAS,3636,36,charge,Subventions accordées aux org privées à but non lucratif,0,0,40177900.0,37607400.0,85030300.0,89298100.0,89209100.0,95635600.0,98579700.0,100071000.0,108143700.0,30358863.36,33001024.25,28637533.45,74177194.77,84301345.63,88101946.46,89921689.08,93189296.56
067,DSAS,3637,36,charge,Subventions accordées aux ménages privés,0,0,582182800.0,571101200.0,594974900.0,591920100.0,608504600.0,637241800.0,670469000.0,702437300.0,720799100.0,333297076.86,569422500.77,610060653.26,582606266.1,587196746.77,621330068.54,641183719.63,671888246.41
067,DSAS,4260,42,revenu,Remboursements et participations de tiers,0,0,0.0,0.0,0.0,0.0,0.0,0.0,0.0,0.0,0.0,-12735.0,107900.0,123293.15,22772.0,41267.0,0.0,725612.0,91411.09
067,DSAS,4612,46,revenu,Dédommagements des communes et associations intercommunales,0,0,285494200.0,281211400.0,292956600.0,293327200.0,298999000.0,305932300.0,315596700.0,319963200.0,322817700.0,170342400.0,281757723.0,292826138.0,283109492.0,288405715.0,298125858.0,305168739.0,314131271.54
067,DSAS,4635,46,revenu,Subventions des entreprises privées,0,0,100000.0,100000.0,100000.0,100000.0,0.0,0.0,0.0,0.0,0.0,302651.31,130510.85,0.0,0.0,0.0,0.0,0.0,0.0
067,DSAS,4637,46,revenu,Subventions des ménages privés,0,0,4500000.0,21660000.0,4360000.0,4360000.0,2360000.0,9360000.0,12100000.0,12100000.0,11846900.0,6376677.17,7339322.46,28762518.17,12242029.63,11094355.44,12102825.96,11740709.2,11252794.29
068,DICIRH,3010,30,charge,Salaires du personnel administratif et d'exploitation,0,0,0.0,0.0,11136500.0,11411500.0,11415600.0,11705200.0,11961600.0,12067000.0,12058600.0,0.0,10930835.0,11267710.35,10970300.85,11182203.35,11364430.0,11703596.55,11753085.35
068,DICIRH,3030,30,charge,Travailleurs temporaires,0,0,0.0,0.0,518800.0,518800.0,518800.0,516600.0,447700.0,449100.0,449100.0,0.0,158176.1,238430.65,473141.0,349815.95,541412.85,586140.88,423302.67
068,DICIRH,3049,30,charge,Autres Indemnités,0,0,0.0,0.0,17000.0,17000.0,17000.0,17000.0,19000.0,19000.0,19000.0,0.0,15266.05,15850.1,15459.5,16239.0,16496.5,15670.45,14974.7
068,DICIRH,3050,30,charge,"Cotisations patronales AVS, APG, AC, frais administratifs",0,0,0.0,0.0,755400.0,793500.0,776400.0,799500.0,812000.0,819800.0,819300.0,0.0,699864.33,742505.11,743680.39,750786.29,769046.49,795025.62,791044.27
068,DICIRH,3052,30,charge,Cotisations patronales aux caisses de pension,0,0,0.0,0.0,1332000.0,1364100.0,1364600.0,1398600.0,1416800.0,1434400.0,1434100.0,0.0,1338783.8,1343670.95,1354486.95,1377794.8,1433310.4,1480661.6,1451404.45
068,DICIRH,3053,30,charge,Cotisations patronales aux assurances-accidents,0,0,0.0,0.0,20000.0,20300.0,20300.0,20800.0,21200.0,19800.0,19200.0,0.0,14509.34,18518.7,18928.03,19201.86,19608.95,20320.24,18404.35
068,DICIRH,3054,30,charge,Cotisations patronales aux caisses d'allocations familiales,0,0,0.0,0.0,319900.0,327500.0,327600.0,323600.0,328500.0,317900.0,317600.0,0.0,305860.21,316751.55,315376.55,318799.86,315241.8,325468.6,308697.21
068,DICIRH,3059,30,charge,Autres cotisations patronales,0,0,0.0,0.0,7000.0,7300.0,7400.0,7500.0,7500.0,7600.0,11400.0,0.0,6687.38,6919.23,6890.51,6965.86,7138.99,7377.81,7320.79
068,DICIRH,3090,30,charge,Formation et perfectionnement du propre personnel,0,0,0.0,0.0,0.0,0.0,0.0,0.0,0.0,0.0,0.0,0.0,0.0,0.0,0.0,0.0,6100.0,0.0,0.0
068,DICIRH,3099,30,charge,Autres charges de personnel,0,0,0.0,0.0,37000.0,37000.0,37000.0,37000.0,37000.0,37000.0,37000.0,0.0,27030.5,10591.6,9787.85,27331.1,33334.02,25288.73,27045.38
068,DICIRH,3100,31,charge,Matériel de bureau,0,0,0.0,0.0,66000.0,66000.0,70000.0,60000.0,60000.0,58000.0,55000.0,0.0,111081.11,65586.66,67141.66,43966.92,50726.99,53465.87,45931.88
068,DICIRH,3101,31,charge,"Matériel d'exploitation, fournitures",0,0,0.0,0.0,2500.0,2500.0,2500.0,2500.0,2500.0,2500.0,2500.0,0.0,648.35,1488.3,721.45,890.99,2493.64,1627.68,942.14
068,DICIRH,3102,31,charge,"Imprimés, publications",0,0,0.0,0.0,2213000.0,2213000.0,1867200.0,1696500.0,1696500.0,2337700.0,2337700.0,0.0,1652062.55,1403655.65,1954045.39,1573353.1,1344890.92,1512605.87,1320575.07
068,DICIRH,3103,31,charge,"Littérature spécialisée, magazines",0,0,0.0,0.0,47000.0,40000.0,40000.0,31000.0,33000.0,33000.0,33000.0,0.0,34210.83,28566.57,32307.87,23869.42,29818.77,31905.83,33551.27
068,DICIRH,3104,31,charge,Matériel didactique,0,0,0.0,0.0,0.0,0.0,0.0,0.0,0.0,0.0,0.0,0.0,0.0,0.0,0.0,0.0,0.0,0.0,143.32
068,DICIRH,3106,31,charge,Matériel médical et de laboratoire,0,0,0.0,0.0,0.0,0.0,0.0,300.0,300.0,300.0,300.0,0.0,0.0,0.0,0.0,181.01,58.65,0.0,23.93
068,DICIRH,3109,31,charge,Autres charges de matériel et de marchandises,0,0,0.0,0.0,0.0,0.0,0.0,15000.0,20000.0,20000.0,20000.0,0.0,0.0,0.0,0.0,0.0,20381.9,27529.05,40056.15
068,DICIRH,3110,31,charge,Meubles et appareils de bureau,0,0,0.0,0.0,25000.0,25000.0,25000.0,25000.0,25000.0,25000.0,25000.0,0.0,46840.4,41453.4,14598.12,21738.03,20230.09,19521.55,12106.95
068,DICIRH,3111,31,charge,"Machines, appareils et véhicules",0,0,0.0,0.0,0.0,0.0,0.0,8000.0,3000.0,2200.0,2200.0,0.0,0.0,0.0,0.0,2346.08,23.57,4356.6,412.35
068,DICIRH,3112,31,charge,"Vêtements, linge, rideaux",0,0,0.0,0.0,0.0,0.0,0.0,0.0,0.0,0.0,0.0,0.0,0.0,0.0,0.0,0.0,0.0,0.0,4.3
068,DICIRH,3113,31,charge,Matériel informatique,0,0,0.0,0.0,0.0,0.0,4000.0,4000.0,3500.0,3500.0,3500.0,0.0,0.0,0.0,0.0,0.0,2203.62,2369.15,3554.2
068,DICIRH,3120,31,charge,Alimentation et élimination des biens-fonds PA,0,0,0.0,0.0,15000.0,12000.0,12000.0,13000.0,11000.0,11000.0,12000.0,0.0,8679.85,7863.86,9416.75,10926.45,7558.73,10671.79,13152.7
068,DICIRH,3130,31,charge,Prestations de services de tiers,0,0,0.0,0.0,6745200.0,7391000.0,9213500.0,9213500.0,9114500.0,9274000.0,9344800.0,0.0,9404109.72,7559131.12,9060089.6,8681396.91,8346523.81,9323486.25,7795760.16
068,DICIRH,3132,31,charge,"Honoraires Conseillers externes, experts, spécialistes, etc.",0,0,0.0,0.0,509000.0,509000.0,509000.0,509000.0,459000.0,519000.0,519000.0,0.0,387056.28,382734.5,363087.24,543080.2,488904.6,515550.22,427306.35
068,DICIRH,3135,31,charge,Charges de prestations de service pour personnes en garde,0,0,0.0,0.0,60000.0,15000.0,15000.0,12000.0,9000.0,9000.0,24000.0,0.0,17870.55,8804.5,8847.95,9649.8,5296.0,26479.95,24171.65
068,DICIRH,3150,31,charge,Entretien de meubles et appareils de bureau,0,0,0.0,0.0,130500.0,130500.0,80500.0,53900.0,37800.0,36800.0,32900.0,0.0,123622.5,97299.4,16579.35,33383.93,22362.25,54208.18,12064.8
068,DICIRH,3160,31,charge,Loyer et bail à ferme des biens-fonds,0,0,0.0,0.0,609000.0,609700.0,611800.0,611700.0,619800.0,618900.0,623800.0,0.0,619036.6,610800.6,604513.1,609244.2,611232.0,613302.0,618593.6
068,DICIRH,3161,31,charge,"Loyers, frais d'utilisation des immobilisations",0,0,0.0,0.0,59000.0,59000.0,55000.0,30000.0,31000.0,33000.0,36000.0,0.0,53551.2,47472.3,41608.6,22019.75,27092.15,32578.8,35182.05
068,DICIRH,3170,31,charge,Dédommagements - Frais de déplacement et autres frais,0,0,0.0,0.0,123500.0,92000.0,92000.0,97000.0,99000.0,99000.0,99000.0,0.0,91056.75,80083.1,84627.05,91388.5,94932.55,103318.85,100550.35
068,DICIRH,3180,31,charge,Réévaluations sur créances,0,0,0.0,0.0,0.0,0.0,0.0,0.0,0.0,0.0,0.0,0.0,0.0,0.0,155454.73,948614.3,3205339.98,-545813.14,56480376.46
068,DICIRH,3181,31,charge,Pertes sur créance effectives,0,0,0.0,0.0,10004000.0,10004000.0,10004000.0,13939000.0,17839000.0,25964000.0,25964000.0,0.0,24727637.74,21206824.92,25085317.7,22515950.08,22925903.46,29463987.73,20417547.5
068,DICIRH,3199,31,charge,Autres charges d'exploitation,0,0,0.0,0.0,17874300.0,20114300.0,22100300.0,22600300.0,22600300.0,24017000.0,24017000.0,0.0,21031314.76,21754363.31,22512203.26,22599497.38,21886526.39,24004745.26,22774824.76
068,DICIRH,3419,34,charge,Autres pertes réalisées à partir du patrimoine financier,0,0,0.0,0.0,0.0,0.0,0.0,0.0,0.0,0.0,0.0,0.0,9.3,1.22,0.0,0.0,0.0,0.0,0.0
068,DICIRH,3499,34,charge,Autres charges financières,0,0,0.0,0.0,0.0,0.0,0.0,0.0,99000.0,99000.0,99000.0,0.0,0.0,0.0,1.4,0.0,0.0,0.0,77706.21
068,DICIRH,3511,35,charge,Attributions aux fonds sous capital propre,0,0,0.0,0.0,200000.0,200000.0,200000.0,270000.0,270000.0,270000.0,270000.0,0.0,391670.68,163609.78,350408.75,179614.3,365015.59,224367.21,207696.6
068,DICIRH,3612,36,charge,Dédommagements aux communes et associations intercommunales,0,0,0.0,0.0,25250000.0,3762100.0,460000.0,250000.0,0.0,0.0,3503400.0,0.0,5000000.0,337455.5,50233450.0,3269069.0,0.0,58000.0,0.0
068,DICIRH,3622,36,charge,Péréqu fin et compens des charges comm/assoc intercommunales,0,0,0.0,0.0,0.0,0.0,0.0,0.0,40073100.0,41110600.0,39742900.0,0.0,0.0,0.0,0.0,0.0,0.0,0.0,40073054.0
068,DICIRH,3634,36,charge,Subventions accordées aux entreprises publiques,0,0,0.0,0.0,61613100.0,61755700.0,61899000.0,62738400.0,63636900.0,62774400.0,62574400.0,0.0,61333165.48,61468125.0,61544815.0,61685705.0,62591757.0,63629255.0,63954271.0
068,DICIRH,3635,36,charge,Subventions accordées aux entreprises privées,0,0,0.0,0.0,132000.0,132000.0,132000.0,132000.0,132000.0,132000.0,132000.0,0.0,132000.0,132000.0,132000.0,132000.0,132000.0,132000.0,132000.0
068,DICIRH,3636,36,charge,Subventions accordées aux org privées à but non lucratif,0,0,0.0,0.0,0.0,0.0,0.0,30000.0,40000.0,40000.0,40000.0,0.0,0.0,0.0,0.0,0.0,39000.0,18000.0,37000.0
068,DICIRH,3637,36,charge,Subventions accordées aux ménages privés,0,0,0.0,0.0,700000.0,700000.0,700000.0,650000.0,600000.0,600000.0,1200000.0,0.0,690056.35,634633.45,520455.7,505988.82,446247.2,687059.2,1222443.54
068,DICIRH,4120,41,revenu,Concessions,0,0,0.0,0.0,10000.0,10000.0,10000.0,10000.0,10000.0,10000.0,10000.0,0.0,4000.0,8000.0,6000.0,3000.0,3050.0,1050.0,6000.0
068,DICIRH,4210,42,revenu,Emoluments pour actes administratifs,0,0,0.0,0.0,4382000.0,4032000.0,3605000.0,3605000.0,3605000.0,4105000.0,3705000.0,0.0,3578345.86,3830376.23,4241671.45,3563121.57,3558701.51,3707818.49,3775285.91
068,DICIRH,4250,42,revenu,Ventes,0,0,0.0,0.0,0.0,0.0,0.0,10000.0,25000.0,25000.0,25000.0,0.0,0.0,0.0,0.0,0.0,32948.5,35202.6,48125.4
068,DICIRH,4260,42,revenu,Remboursements et participations de tiers,0,0,0.0,0.0,66442000.0,41442000.0,41442000.0,48717000.0,48742000.0,49742000.0,49757000.0,0.0,43984242.88,42342553.45,47682537.33,46903512.65,49857376.98,47539465.39,133337304.49
068,DICIRH,4270,42,revenu,Amendes,0,0,0.0,0.0,17400000.0,17200000.0,17200000.0,17500000.0,18100000.0,18100000.0,18100000.0,0.0,18664771.32,16559614.76,17001338.07,17846180.76,18090696.31,20879394.89,39494022.29
068,DICIRH,4290,42,revenu,Autres taxes,0,0,0.0,0.0,2800000.0,3000000.0,4000000.0,4000000.0,4000000.0,4000000.0,4000000.0,0.0,3431386.14,3116551.09,3575446.63,3731207.4,3559391.25,3772107.32,3252826.47
068,DICIRH,4309,43,revenu,Autres revenus d'exploitation,0,0,0.0,0.0,81000.0,81000.0,81000.0,105000.0,105000.0,105000.0,105000.0,0.0,110778.0,44363.0,64845.0,104066.0,121384.35,109033.0,102483.0
068,DICIRH,4401,44,revenu,Intérêts des créances et comptes courants,0,0,0.0,0.0,2000.0,0.0,0.0,0.0,0.0,0.0,0.0,0.0,0.0,0.0,0.0,0.0,0.0,0.0,46194.65
068,DICIRH,4419,44,revenu,Autres gains réalisés à partir du patrimoine financier,0,0,0.0,0.0,0.0,0.0,0.0,0.0,0.0,0.0,0.0,0.0,0.0,0.0,0.0,110.51,0.0,0.0,0.0
068,DICIRH,4511,45,revenu,Prélèvements sur les fonds sous capital propre,0,0,0.0,0.0,250000.0,3762100.0,460000.0,250000.0,0.0,0.0,3503400.0,0.0,0.0,337455.5,233450.0,3269069.0,0.0,58000.0,0.0
069,DICIRH,3010,30,charge,Salaires du personnel administratif et d'exploitation,0,0,0.0,0.0,0.0,0.0,0.0,135700.0,166300.0,168700.0,169100.0,0.0,0.0,0.0,0.0,0.0,19711.3,167059.2,167164.9
069,DICIRH,3030,30,charge,Travailleurs temporaires,0,0,0.0,0.0,0.0,0.0,0.0,0.0,0.0,7000.0,7000.0,0.0,0.0,0.0,0.0,0.0,28392.55,0.0,0.0
069,DICIRH,3050,30,charge,"Cotisations patronales AVS, APG, AC, frais administratifs",0,0,0.0,0.0,0.0,0.0,0.0,8800.0,10900.0,11600.0,11600.0,0.0,0.0,0.0,0.0,0.0,3152.27,10942.9,10949.25
069,DICIRH,3052,30,charge,Cotisations patronales aux caisses de pension,0,0,0.0,0.0,0.0,0.0,0.0,15900.0,19500.0,20600.0,20600.0,0.0,0.0,0.0,0.0,0.0,5478.5,19616.95,20908.2
069,DICIRH,3053,30,charge,Cotisations patronales aux assurances-accidents,0,0,0.0,0.0,0.0,0.0,0.0,300.0,200.0,300.0,300.0,0.0,0.0,0.0,0.0,0.0,77.0,263.4,241.15
069,DICIRH,3054,30,charge,Cotisations patronales aux caisses d'allocations familiales,0,0,0.0,0.0,0.0,0.0,0.0,3700.0,4400.0,4500.0,4500.0,0.0,0.0,0.0,0.0,0.0,1274.87,4426.95,4246.0
069,DICIRH,3059,30,charge,Autres cotisations patronales,0,0,0.0,0.0,0.0,0.0,0.0,100.0,100.0,100.0,200.0,0.0,0.0,0.0,0.0,0.0,28.72,100.65,100.7
069,DICIRH,3090,30,charge,Formation et perfectionnement du propre personnel,0,0,0.0,0.0,0.0,0.0,0.0,0.0,1000.0,1000.0,1000.0,0.0,0.0,0.0,0.0,0.0,0.0,320.0,27.8
069,DICIRH,3099,30,charge,Autres charges de personnel,0,0,0.0,0.0,0.0,0.0,0.0,500.0,500.0,500.0,500.0,0.0,0.0,0.0,0.0,0.0,0.0,0.0,40.9
069,DICIRH,3100,31,charge,Matériel de bureau,0,0,0.0,0.0,0.0,0.0,0.0,2000.0,2000.0,2000.0,2000.0,0.0,0.0,0.0,0.0,0.0,465.55,1368.65,357.95
069,DICIRH,3101,31,charge,"Matériel d'exploitation, fournitures",0,0,0.0,0.0,0.0,0.0,0.0,0.0,0.0,0.0,0.0,0.0,0.0,0.0,0.0,0.0,0.0,51.6,0.0
069,DICIRH,3102,31,charge,"Imprimés, publications",0,0,0.0,0.0,0.0,0.0,0.0,5000.0,5000.0,3500.0,3500.0,0.0,0.0,0.0,0.0,0.0,0.0,70.0,42.0
069,DICIRH,3103,31,charge,"Littérature spécialisée, magazines",0,0,0.0,0.0,0.0,0.0,0.0,500.0,500.0,500.0,500.0,0.0,0.0,0.0,0.0,0.0,0.0,0.0,94.0
069,DICIRH,3110,31,charge,Meubles et appareils de bureau,0,0,0.0,0.0,0.0,0.0,0.0,3000.0,3000.0,1500.0,1500.0,0.0,0.0,0.0,0.0,0.0,7700.0,4365.95,0.0
069,DICIRH,3120,31,charge,Alimentation et élimination des biens-fonds PA,0,0,0.0,0.0,0.0,0.0,0.0,1000.0,1000.0,1000.0,1000.0,0.0,0.0,0.0,0.0,0.0,0.0,216.2,243.75
069,DICIRH,3130,31,charge,Prestations de services de tiers,0,0,0.0,0.0,0.0,0.0,0.0,104000.0,104700.0,104700.0,104700.0,0.0,0.0,0.0,0.0,0.0,43045.13,78752.96,73522.6
069,DICIRH,3132,31,charge,"Honoraires Conseillers externes, experts, spécialistes, etc.",0,0,0.0,0.0,0.0,0.0,0.0,50000.0,50000.0,50000.0,50000.0,0.0,0.0,0.0,0.0,0.0,0.0,4864.5,31876.0
069,DICIRH,3160,31,charge,Loyer et bail à ferme des biens-fonds,0,0,0.0,0.0,0.0,0.0,0.0,22000.0,0.0,0.0,0.0,0.0,0.0,0.0,0.0,0.0,0.0,0.0,0.0
069,DICIRH,3161,31,charge,"Loyers, frais d'utilisation des immobilisations",0,0,0.0,0.0,0.0,0.0,0.0,5000.0,3000.0,3000.0,3000.0,0.0,0.0,0.0,0.0,0.0,41.75,664.35,653.0
069,DICIRH,3170,31,charge,Dédommagements - Frais de déplacement et autres frais,0,0,0.0,0.0,0.0,0.0,0.0,1500.0,1500.0,1500.0,1500.0,0.0,0.0,0.0,0.0,0.0,64.4,48.1,7.8
069,DICIRH,3199,31,charge,Autres charges d'exploitation,0,0,0.0,0.0,0.0,0.0,0.0,1000.0,1000.0,11000.0,11000.0,0.0,0.0,0.0,0.0,0.0,57.4,688.8,17901.7
069,DICIRH,3910,39,charge,Imput int pour prestations de service,0,0,0.0,0.0,0.0,0.0,0.0,105800.0,158300.0,179100.0,179100.0,0.0,0.0,0.0,0.0,0.0,106974.0,104631.46,153236.3
069,DICIRH,4250,42,revenu,Ventes,0,0,0.0,0.0,0.0,0.0,0.0,0.0,0.0,0.0,0.0,0.0,0.0,0.0,0.0,0.0,0.0,0.0,1200.0
069,DICIRH,4260,42,revenu,Remboursements et participations de tiers,0,0,0.0,0.0,0.0,0.0,0.0,0.0,0.0,10000.0,10000.0,0.0,0.0,0.0,0.0,0.0,0.0,0.0,2115.0
070,DICIRH,3010,30,charge,Salaires du personnel administratif et d'exploitation,0,0,0.0,0.0,0.0,0.0,0.0,2833600.0,3119100.0,3066800.0,3328000.0,0.0,0.0,0.0,0.0,0.0,2328257.15,2724625.7,3188256.15
070,DICIRH,3030,30,charge,Travailleurs temporaires,0,0,0.0,0.0,0.0,0.0,0.0,0.0,50000.0,8000.0,16000.0,0.0,0.0,0.0,0.0,0.0,117891.6,0.0,0.0
070,DICIRH,3049,30,charge,Autres Indemnités,0,0,0.0,0.0,0.0,0.0,0.0,0.0,0.0,0.0,0.0,0.0,0.0,0.0,0.0,0.0,34.0,11.0,0.0
070,DICIRH,3050,30,charge,"Cotisations patronales AVS, APG, AC, frais administratifs",0,0,0.0,0.0,0.0,0.0,0.0,185800.0,207700.0,201500.0,219100.0,0.0,0.0,0.0,0.0,0.0,158333.74,179033.18,208702.68
070,DICIRH,3052,30,charge,Cotisations patronales aux caisses de pension,0,0,0.0,0.0,0.0,0.0,0.0,331700.0,370900.0,359900.0,391400.0,0.0,0.0,0.0,0.0,0.0,302554.45,330917.8,385876.45
070,DICIRH,3053,30,charge,Cotisations patronales aux assurances-accidents,0,0,0.0,0.0,0.0,0.0,0.0,4500.0,5100.0,4600.0,4800.0,0.0,0.0,0.0,0.0,0.0,3852.7,4392.85,4571.13
070,DICIRH,3054,30,charge,Cotisations patronales aux caisses d'allocations familiales,0,0,0.0,0.0,0.0,0.0,0.0,75400.0,84000.0,78200.0,85000.0,0.0,0.0,0.0,0.0,0.0,65162.39,72187.35,81296.26
070,DICIRH,3059,30,charge,Autres cotisations patronales,0,0,0.0,0.0,0.0,0.0,0.0,1800.0,2100.0,2000.0,3200.0,0.0,0.0,0.0,0.0,0.0,1475.42,1643.7,1924.54
070,DICIRH,3099,30,charge,Autres charges de personnel,0,0,0.0,0.0,0.0,0.0,0.0,3500.0,4000.0,4000.0,4800.0,0.0,0.0,0.0,0.0,0.0,2789.9,2817.39,2568.5
070,DICIRH,3100,31,charge,Matériel de bureau,0,0,0.0,0.0,0.0,0.0,0.0,5000.0,4800.0,4500.0,3700.0,0.0,0.0,0.0,0.0,0.0,3226.18,2042.79,2220.74
070,DICIRH,3101,31,charge,"Matériel d'exploitation, fournitures",0,0,0.0,0.0,0.0,0.0,0.0,0.0,200.0,400.0,400.0,0.0,0.0,0.0,0.0,0.0,165.51,75.1,102.9
070,DICIRH,3102,31,charge,"Imprimés, publications",0,0,0.0,0.0,0.0,0.0,0.0,300.0,500.0,500.0,500.0,0.0,0.0,0.0,0.0,0.0,516.9,427.55,161.35
070,DICIRH,3103,31,charge,"Littérature spécialisée, magazines",0,0,0.0,0.0,0.0,0.0,0.0,1000.0,600.0,600.0,600.0,0.0,0.0,0.0,0.0,0.0,265.0,265.0,513.0
070,DICIRH,3104,31,charge,Matériel didactique,0,0,0.0,0.0,0.0,0.0,0.0,0.0,200.0,200.0,200.0,0.0,0.0,0.0,0.0,0.0,59.86,63.76,68.11
070,DICIRH,3106,31,charge,Matériel médical et de laboratoire,0,0,0.0,0.0,0.0,0.0,0.0,0.0,0.0,0.0,0.0,0.0,0.0,0.0,0.0,0.0,0.0,4.95,0.0
070,DICIRH,3110,31,charge,Meubles et appareils de bureau,0,0,0.0,0.0,0.0,0.0,0.0,0.0,5000.0,1500.0,1500.0,0.0,0.0,0.0,0.0,0.0,3180.05,2885.3,4993.35
070,DICIRH,3111,31,charge,"Machines, appareils et véhicules",0,0,0.0,0.0,0.0,0.0,0.0,0.0,0.0,100.0,100.0,0.0,0.0,0.0,0.0,0.0,74.1,36.0,0.0
070,DICIRH,3113,31,charge,Matériel informatique,0,0,0.0,0.0,0.0,0.0,0.0,0.0,0.0,0.0,2000.0,0.0,0.0,0.0,0.0,0.0,0.0,0.0,0.0
070,DICIRH,3130,31,charge,Prestations de services de tiers,0,0,0.0,0.0,0.0,0.0,0.0,15200.0,15700.0,15700.0,16000.0,0.0,0.0,0.0,0.0,0.0,15609.95,42910.86,12548.6
070,DICIRH,3132,31,charge,"Honoraires Conseillers externes, experts, spécialistes, etc.",0,0,0.0,0.0,0.0,0.0,0.0,136700.0,56700.0,77700.0,63900.0,0.0,0.0,0.0,0.0,0.0,26949.5,123001.9,54900.0
070,DICIRH,3150,31,charge,Entretien de meubles et appareils de bureau,0,0,0.0,0.0,0.0,0.0,0.0,2500.0,2500.0,1500.0,2300.0,0.0,0.0,0.0,0.0,0.0,881.0,930.4,2237.7
070,DICIRH,3151,31,charge,"Entretien de machines, appareils, véhicules",0,0,0.0,0.0,0.0,0.0,0.0,200.0,200.0,200.0,200.0,0.0,0.0,0.0,0.0,0.0,0.0,0.0,0.0
070,DICIRH,3160,31,charge,Loyer et bail à ferme des biens-fonds,0,0,0.0,0.0,0.0,0.0,0.0,233900.0,237400.0,237900.0,237800.0,0.0,0.0,0.0,0.0,0.0,224613.47,237439.8,223820.95
070,DICIRH,3161,31,charge,"Loyers, frais d'utilisation des immobilisations",0,0,0.0,0.0,0.0,0.0,0.0,11000.0,10000.0,10000.0,5700.0,0.0,0.0,0.0,0.0,0.0,5821.2,3726.6,3151.05
070,DICIRH,3170,31,charge,Dédommagements - Frais de déplacement et autres frais,0,0,0.0,0.0,0.0,0.0,0.0,26300.0,26800.0,26800.0,32900.0,0.0,0.0,0.0,0.0,0.0,24199.35,34749.75,32409.75
070,DICIRH,3199,31,charge,Autres charges d'exploitation,0,0,0.0,0.0,0.0,0.0,0.0,100.0,100.0,100.0,200.0,0.0,0.0,0.0,0.0,0.0,0.0,0.0,0.0
070,DICIRH,3636,36,charge,Subventions accordées aux org privées à but non lucratif,0,0,0.0,0.0,0.0,0.0,0.0,90880000.0,103525000.0,106679900.0,125120800.0,0.0,0.0,0.0,0.0,0.0,92042438.0,96157531.0,106142246.0
070,DICIRH,4260,42,revenu,Remboursements et participations de tiers,0,0,0.0,0.0,0.0,0.0,0.0,4400.0,4400.0,2000.0,1200.0,0.0,0.0,0.0,0.0,0.0,3900.0,2156.65,3890.0
